timestamp,pod,scheduling_time_ms
I0611 16:00:04.605931,default/fastfouriertransform-00001-deployment-5bb577bc85-nklxd,22.770461
I0611 16:00:04.624173,default/linpack-00001-deployment-5fcdf8b7f7-bc9kg,43.11029
I0611 16:00:04.626481,default/fetchdata-00001-deployment-66f645596-pfz8v,39.011454
I0611 16:00:04.627527,default/genmatrix-00001-deployment-6774b76f77-dwqgr,41.792919
I0611 16:00:04.709163,default/genmatrix-00001-deployment-6774b76f77-p6nxz,51.057759
I0611 16:00:04.709163,default/fetchdata-00001-deployment-66f645596-qkhhl,59.120024
I0611 16:00:04.752216,default/matrixmul-00001-deployment-5cb8b76cf6-qgxlr,74.695703
I0611 16:00:04.789190,default/fastfouriertransform-00001-deployment-5bb577bc85-ghg4v,136.091617
I0611 16:00:04.904305,default/linpack-00001-deployment-5fcdf8b7f7-667fw,70.884088
I0611 16:00:06.391274,default/fetchdata-00001-deployment-66f645596-wknrd,19.176736
I0611 16:00:06.493032,default/fetchdata-00001-deployment-66f645596-dj5rf,57.013282
I0611 16:00:06.576569,default/linpack-00001-deployment-5fcdf8b7f7-ml5qk,56.158133
I0611 16:00:06.639575,default/linpack-00001-deployment-5fcdf8b7f7-lhknh,34.534654
I0611 16:00:06.783158,default/genmatrix-00001-deployment-6774b76f77-2z9wp,110.11232
I0611 16:00:06.885064,default/fastfouriertransform-00001-deployment-5bb577bc85-m58vs,62.69362
I0611 16:00:06.962766,default/genmatrix-00001-deployment-6774b76f77-w9mbq,74.708776
I0611 16:00:06.971477,default/genmatrix-00001-deployment-6774b76f77-stb9z,81.183022
I0611 16:00:06.998656,default/matrixmul-00001-deployment-5cb8b76cf6-f2dk9,120.706328
I0611 16:00:07.061351,default/fastfouriertransform-00001-deployment-5bb577bc85-7qzbx,89.773583
I0611 16:00:07.067658,default/fastfouriertransform-00001-deployment-5bb577bc85-c2fsp,93.097752
I0611 16:00:07.070436,default/matrixmul-00001-deployment-5cb8b76cf6-9rfqj,60.492544
I0611 16:00:08.323452,default/fetchdata-00001-deployment-66f645596-nmhgl,38.745492
I0611 16:00:08.386826,default/matrixmul-00001-deployment-5cb8b76cf6-vnx8k,24.542351
I0611 16:00:08.547393,default/linpack-00001-deployment-5fcdf8b7f7-hbrjb,45.913552
I0611 16:00:10.326127,default/fastfouriertransform-00001-deployment-5bb577bc85-vn5h2,15.94253
I0611 16:00:10.330932,default/fetchdata-00001-deployment-66f645596-r8bb5,17.45066
I0611 16:00:10.541256,default/linpack-00001-deployment-5fcdf8b7f7-5gb6q,18.825643
I0611 16:00:10.593501,default/matrixmul-00001-deployment-5cb8b76cf6-jwng4,36.655138
I0611 16:00:10.595614,default/linpack-00001-deployment-5fcdf8b7f7-28lhl,118.087715
I0611 16:00:10.625561,default/matrixmul-00001-deployment-5cb8b76cf6-lplr5,7.71595
I0611 16:00:10.744351,default/matrixmul-00001-deployment-5cb8b76cf6-mh975,7.319783
I0611 16:00:10.873681,default/matrixmul-00001-deployment-5cb8b76cf6-nb6zs,6.816653
I0611 16:00:12.292284,default/linpack-00001-deployment-5fcdf8b7f7-f4jxg,18.149791
I0611 16:00:12.347259,default/matrixmul-00001-deployment-5cb8b76cf6-w4s6j,29.217003
I0611 16:00:12.411838,default/matrixmul-00001-deployment-5cb8b76cf6-2rr8f,16.922994
I0611 16:00:12.433575,default/matrixmul-00001-deployment-5cb8b76cf6-5h64r,34.120692
I0611 16:00:14.420673,default/linpack-00001-deployment-5fcdf8b7f7-cfhxd,23.459128
I0611 16:00:14.545695,default/matrixmul-00001-deployment-5cb8b76cf6-6hq5t,35.157118
I0611 16:00:14.554190,default/matrixmul-00001-deployment-5cb8b76cf6-lbq8s,16.608216
I0611 16:00:16.288331,default/fastfouriertransform-00001-deployment-5bb577bc85-rmfnc,18.691902
I0611 16:00:18.277854,default/fastfouriertransform-00001-deployment-5bb577bc85-tgh9s,8.445746
I0611 16:00:18.296644,default/fastfouriertransform-00001-deployment-5bb577bc85-xq7mq,13.245565
I0611 16:00:18.303117,default/fastfouriertransform-00001-deployment-5bb577bc85-tjp4b,17.107476
I0611 16:00:20.507232,default/fastfouriertransform-00001-deployment-5bb577bc85-4524m,13.307584
I0611 16:00:20.517079,default/fastfouriertransform-00001-deployment-5bb577bc85-rrxdq,24.593888
I0611 16:00:20.522481,default/fastfouriertransform-00001-deployment-5bb577bc85-h4d2c,20.899737
I0611 16:00:20.539700,default/fastfouriertransform-00001-deployment-5bb577bc85-lk2xl,13.668454
I0611 16:00:22.280978,default/fastfouriertransform-00001-deployment-5bb577bc85-78hp2,11.515582
I0611 16:00:22.301154,default/fastfouriertransform-00001-deployment-5bb577bc85-bq6rk,21.839331
I0611 16:10:13.645429,default/fastfouriertransform-00001-deployment-5bb577bc85-ncwwh,24.738963
I0611 16:10:13.700191,default/genmatrix-00001-deployment-6774b76f77-c4tlv,72.059682
I0611 16:10:13.874871,default/linpack-00001-deployment-5fcdf8b7f7-kmwg7,81.109022
I0611 16:10:13.882142,default/fetchdata-00001-deployment-66f645596-mdxlc,54.941113
I0611 16:10:14.032640,default/matrixmul-00001-deployment-5cb8b76cf6-cfqqf,36.536397
I0611 16:10:14.360983,default/fastfouriertransform-00001-deployment-5bb577bc85-l7qb7,40.9414
I0611 16:10:14.393277,default/linpack-00001-deployment-5fcdf8b7f7-n9kl9,49.599332
I0611 16:10:16.355677,default/genmatrix-00001-deployment-6774b76f77-6jw6m,27.831057
I0611 16:10:16.356649,default/fetchdata-00001-deployment-66f645596-bbndk,31.062633
I0611 16:10:16.441687,default/fetchdata-00001-deployment-66f645596-rljbc,44.616403
I0611 16:10:16.550364,default/fetchdata-00001-deployment-66f645596-lbgvv,173.729996
I0611 16:10:16.562524,default/genmatrix-00001-deployment-6774b76f77-4t5gv,58.06469
I0611 16:10:16.562524,default/linpack-00001-deployment-5fcdf8b7f7-x6vvp,55.222429
I0611 16:10:16.587789,default/matrixmul-00001-deployment-5cb8b76cf6-xbhxf,74.892961
I0611 16:10:16.598114,default/matrixmul-00001-deployment-5cb8b76cf6-gskvt,38.867472
I0611 16:10:16.724803,default/linpack-00001-deployment-5fcdf8b7f7-zg952,163.708841
I0611 16:10:16.931878,default/fastfouriertransform-00001-deployment-5bb577bc85-gr9w5,39.69177
I0611 16:10:16.963377,default/fastfouriertransform-00001-deployment-5bb577bc85-2r52w,32.956154
I0611 16:10:18.541018,default/linpack-00001-deployment-5fcdf8b7f7-k89vl,55.673467
I0611 16:10:18.766610,default/fastfouriertransform-00001-deployment-5bb577bc85-d7tk2,41.238678
I0611 16:10:18.819792,default/fetchdata-00001-deployment-66f645596-v76zx,43.702513
I0611 16:10:19.030809,default/matrixmul-00001-deployment-5cb8b76cf6-44fxm,37.163045
I0611 16:10:19.193711,default/matrixmul-00001-deployment-5cb8b76cf6-dsvmr,50.40974
I0611 16:10:20.322549,default/fetchdata-00001-deployment-66f645596-glnx2,45.249478
I0611 16:10:20.359539,default/linpack-00001-deployment-5fcdf8b7f7-b2qp7,34.898655
I0611 16:10:20.465424,default/linpack-00001-deployment-5fcdf8b7f7-jsp2p,19.649588
I0611 16:10:20.483875,default/linpack-00001-deployment-5fcdf8b7f7-qzg96,41.214474
I0611 16:10:20.518039,default/fastfouriertransform-00001-deployment-5bb577bc85-7czqx,48.924183
I0611 16:10:20.538444,default/matrixmul-00001-deployment-5cb8b76cf6-r4h2j,43.905643
I0611 16:10:20.676641,default/matrixmul-00001-deployment-5cb8b76cf6-kzm6l,121.059791
I0611 16:10:20.679210,default/fastfouriertransform-00001-deployment-5bb577bc85-dbgmw,140.102565
I0611 16:10:20.959543,default/matrixmul-00001-deployment-5cb8b76cf6-kz7x7,375.819254
I0611 16:10:22.320446,default/matrixmul-00001-deployment-5cb8b76cf6-trckj,14.270807
I0611 16:10:22.365034,default/linpack-00001-deployment-5fcdf8b7f7-6blfp,39.147121
I0611 16:10:22.396781,default/matrixmul-00001-deployment-5cb8b76cf6-7cn5q,37.721027
I0611 16:10:24.303592,default/matrixmul-00001-deployment-5cb8b76cf6-hml4r,18.351365
I0611 16:10:24.304886,default/matrixmul-00001-deployment-5cb8b76cf6-6kzc6,14.385659
I0611 16:10:26.314815,default/fastfouriertransform-00001-deployment-5bb577bc85-fnkb7,21.236812
I0611 16:10:26.367924,default/matrixmul-00001-deployment-5cb8b76cf6-cgr27,14.284084
I0611 16:10:26.403493,default/matrixmul-00001-deployment-5cb8b76cf6-xnk7t,22.107219
I0611 16:10:28.280177,default/fastfouriertransform-00001-deployment-5bb577bc85-xpbp2,8.285876
I0611 16:10:28.316929,default/fastfouriertransform-00001-deployment-5bb577bc85-2qq89,24.273332
I0611 16:10:30.281144,default/fastfouriertransform-00001-deployment-5bb577bc85-hwf4g,9.535581
I0611 16:10:30.302646,default/fastfouriertransform-00001-deployment-5bb577bc85-8xxv2,16.058567
I0611 16:10:32.290702,default/linpack-00001-deployment-5fcdf8b7f7-64rwr,18.947495
I0611 16:10:32.347229,default/fastfouriertransform-00001-deployment-5bb577bc85-46pcn,28.530909
I0611 16:10:34.280380,default/linpack-00001-deployment-5fcdf8b7f7-pkhb5,13.193732
I0611 16:20:04.920808,default/genmatrix-00001-deployment-6774b76f77-p5pr7,47.970294
I0611 16:20:04.975033,default/fastfouriertransform-00001-deployment-5bb577bc85-lg6nr,99.340109
I0611 16:20:05.249409,default/fetchdata-00001-deployment-66f645596-ssxbv,115.454213
I0611 16:20:05.288544,default/linpack-00001-deployment-5fcdf8b7f7-xc5zd,147.553681
I0611 16:20:05.437239,default/matrixmul-00001-deployment-5cb8b76cf6-vfm9l,57.481264
I0611 16:20:06.288940,default/genmatrix-00001-deployment-6774b76f77-kqxlc,16.896679
I0611 16:20:06.329843,default/fastfouriertransform-00001-deployment-5bb577bc85-mdxzs,26.281148
I0611 16:20:06.387636,default/fastfouriertransform-00001-deployment-5bb577bc85-m2wfd,44.62218
I0611 16:20:06.488597,default/linpack-00001-deployment-5fcdf8b7f7-j2mq8,28.276502
I0611 16:20:06.552448,default/matrixmul-00001-deployment-5cb8b76cf6-qxjpx,37.652842
I0611 16:20:06.650630,default/fetchdata-00001-deployment-66f645596-7qrvs,52.615797
I0611 16:20:08.306585,default/linpack-00001-deployment-5fcdf8b7f7-gzbnk,18.578865
I0611 16:20:08.306585,default/fastfouriertransform-00001-deployment-5bb577bc85-ccc54,16.068956
I0611 16:20:08.378359,default/linpack-00001-deployment-5fcdf8b7f7-4qxn6,35.374136
I0611 16:20:08.601599,default/matrixmul-00001-deployment-5cb8b76cf6-cqjzp,92.794734
I0611 16:20:08.699353,default/fetchdata-00001-deployment-66f645596-c2fsw,115.976676
I0611 16:20:08.780971,default/genmatrix-00001-deployment-6774b76f77-t9h6c,139.873213
I0611 16:20:08.829765,default/fetchdata-00001-deployment-66f645596-wjd6d,125.564442
I0611 16:20:08.865859,default/genmatrix-00001-deployment-6774b76f77-kgw52,70.791089
I0611 16:20:08.866729,default/genmatrix-00001-deployment-6774b76f77-pbkbb,73.448386
I0611 16:20:10.337042,default/linpack-00001-deployment-5fcdf8b7f7-4fx5c,51.084556
I0611 16:20:10.358835,default/fastfouriertransform-00001-deployment-5bb577bc85-ncgt6,57.516116
I0611 16:20:10.366536,default/linpack-00001-deployment-5fcdf8b7f7-b2pw9,45.060033
I0611 16:20:10.488471,default/matrixmul-00001-deployment-5cb8b76cf6-jttdb,40.015177
I0611 16:20:10.611503,default/matrixmul-00001-deployment-5cb8b76cf6-792kp,70.142829
I0611 16:20:10.638167,default/fetchdata-00001-deployment-66f645596-bphr7,61.241544
I0611 16:20:12.286051,default/linpack-00001-deployment-5fcdf8b7f7-8sjtj,16.39079
I0611 16:20:12.313619,default/matrixmul-00001-deployment-5cb8b76cf6-ht7hg,29.34254
I0611 16:20:12.347511,default/linpack-00001-deployment-5fcdf8b7f7-lplmh,33.843728
I0611 16:20:12.351580,default/linpack-00001-deployment-5fcdf8b7f7-ps9sh,35.827304
I0611 16:20:12.351720,default/matrixmul-00001-deployment-5cb8b76cf6-42c25,22.023386
I0611 16:20:12.351802,default/linpack-00001-deployment-5fcdf8b7f7-tdszq,33.187783
I0611 16:20:12.383276,default/matrixmul-00001-deployment-5cb8b76cf6-nzlmd,42.690086
I0611 16:20:14.539336,default/linpack-00001-deployment-5fcdf8b7f7-5bls2,46.635071
I0611 16:20:14.636467,default/matrixmul-00001-deployment-5cb8b76cf6-g2v8w,76.471148
I0611 16:20:14.703512,default/matrixmul-00001-deployment-5cb8b76cf6-wk5j6,57.930283
I0611 16:20:14.703512,default/matrixmul-00001-deployment-5cb8b76cf6-r9vfs,57.263375
I0611 16:20:16.311135,default/matrixmul-00001-deployment-5cb8b76cf6-7d7xq,28.140391
I0611 16:20:16.328210,default/matrixmul-00001-deployment-5cb8b76cf6-r2bsc,31.031985
I0611 16:20:18.396933,default/fastfouriertransform-00001-deployment-5bb577bc85-zrtzp,59.641506
I0611 16:20:18.405179,default/fastfouriertransform-00001-deployment-5bb577bc85-mfx5z,28.247446
I0611 16:20:20.307685,default/fastfouriertransform-00001-deployment-5bb577bc85-9wmm7,10.487859
I0611 16:20:20.387317,default/fastfouriertransform-00001-deployment-5bb577bc85-n85w5,8.135228
I0611 16:20:20.392808,default/fastfouriertransform-00001-deployment-5bb577bc85-8dlm5,11.938972
I0611 16:20:20.430800,default/fastfouriertransform-00001-deployment-5bb577bc85-58wj6,13.513695
I0611 16:20:20.459333,default/fastfouriertransform-00001-deployment-5bb577bc85-q7x2t,43.758736
I0611 16:20:22.334059,default/fastfouriertransform-00001-deployment-5bb577bc85-qqdz5,27.004205
I0611 16:20:22.368671,default/fastfouriertransform-00001-deployment-5bb577bc85-f66z5,25.442167
I0611 16:20:22.375506,default/fastfouriertransform-00001-deployment-5bb577bc85-49td7,14.370863
I0611 16:20:22.444852,default/fastfouriertransform-00001-deployment-5bb577bc85-jrkzz,14.543121
I0611 16:20:22.489955,default/fastfouriertransform-00001-deployment-5bb577bc85-cs7sx,37.097397
I0611 16:20:24.291339,default/fastfouriertransform-00001-deployment-5bb577bc85-5pmc2,10.581952
I0611 16:20:24.317094,default/fastfouriertransform-00001-deployment-5bb577bc85-n9glx,18.642162
I0611 16:30:03.345823,default/fastfouriertransform-00001-deployment-5bb577bc85-mv896,26.231
I0611 16:30:03.345831,default/genmatrix-00001-deployment-6774b76f77-rvgds,23.281924
I0611 16:30:03.541451,default/fetchdata-00001-deployment-66f645596-6xf2c,33.77134
I0611 16:30:03.542074,default/linpack-00001-deployment-5fcdf8b7f7-qxvs9,36.989304
I0611 16:30:03.707629,default/matrixmul-00001-deployment-5cb8b76cf6-w288p,45.27157
I0611 16:30:04.323795,default/fastfouriertransform-00001-deployment-5bb577bc85-wvxm9,24.786592
I0611 16:30:04.361338,default/genmatrix-00001-deployment-6774b76f77-s6vst,39.808325
I0611 16:30:04.508301,default/linpack-00001-deployment-5fcdf8b7f7-44bsz,30.203726
I0611 16:30:04.528535,default/fetchdata-00001-deployment-66f645596-5pwlm,57.950876
I0611 16:30:06.443201,default/genmatrix-00001-deployment-6774b76f77-4zxxq,36.120712
I0611 16:30:06.507462,default/linpack-00001-deployment-5fcdf8b7f7-tqz9z,41.794512
I0611 16:30:06.551946,default/fetchdata-00001-deployment-66f645596-hmcg9,46.636349
I0611 16:30:06.552164,default/fastfouriertransform-00001-deployment-5bb577bc85-xfzqk,70.054495
I0611 16:30:06.638659,default/fetchdata-00001-deployment-66f645596-zjnbv,70.015013
I0611 16:30:06.664294,default/matrixmul-00001-deployment-5cb8b76cf6-bvpnb,96.926385
I0611 16:30:06.679638,default/linpack-00001-deployment-5fcdf8b7f7-zwjnr,66.506474
I0611 16:30:06.726117,default/fastfouriertransform-00001-deployment-5bb577bc85-868cm,71.337144
I0611 16:30:06.786571,default/matrixmul-00001-deployment-5cb8b76cf6-qjws8,84.946228
I0611 16:30:08.305051,default/fastfouriertransform-00001-deployment-5bb577bc85-thb9x,24.286462
I0611 16:30:08.379857,default/linpack-00001-deployment-5fcdf8b7f7-tv5k2,32.617672
I0611 16:30:08.477603,default/linpack-00001-deployment-5fcdf8b7f7-xm8xn,36.896249
I0611 16:30:08.486951,default/matrixmul-00001-deployment-5cb8b76cf6-2zd5v,50.381055
I0611 16:30:08.495112,default/matrixmul-00001-deployment-5cb8b76cf6-nm5fh,50.426426
I0611 16:30:08.691033,default/fetchdata-00001-deployment-66f645596-jf9zs,91.967326
I0611 16:30:10.430255,default/fastfouriertransform-00001-deployment-5bb577bc85-r2d6w,28.599465
I0611 16:30:10.445139,default/linpack-00001-deployment-5fcdf8b7f7-wx9s5,46.229107
I0611 16:30:10.560646,default/linpack-00001-deployment-5fcdf8b7f7-6jhkw,39.306825
I0611 16:30:10.590360,default/linpack-00001-deployment-5fcdf8b7f7-mdn4q,76.814963
I0611 16:30:10.703195,default/matrixmul-00001-deployment-5cb8b76cf6-twgqc,56.582356
I0611 16:30:10.820367,default/matrixmul-00001-deployment-5cb8b76cf6-hnw6n,86.42871
I0611 16:30:10.835752,default/matrixmul-00001-deployment-5cb8b76cf6-fsv9s,96.954459
I0611 16:30:10.882366,default/matrixmul-00001-deployment-5cb8b76cf6-c7gsm,91.118047
I0611 16:30:12.303135,default/matrixmul-00001-deployment-5cb8b76cf6-xk2lf,16.516826
I0611 16:30:12.346363,default/linpack-00001-deployment-5fcdf8b7f7-6wxxl,61.606119
I0611 16:30:12.366298,default/linpack-00001-deployment-5fcdf8b7f7-gntpf,42.13529
I0611 16:30:12.368941,default/matrixmul-00001-deployment-5cb8b76cf6-kj5f7,31.763597
I0611 16:30:14.343128,default/matrixmul-00001-deployment-5cb8b76cf6-2vz85,16.65766
I0611 16:30:16.342565,default/fastfouriertransform-00001-deployment-5bb577bc85-f9gqx,25.499074
I0611 16:30:18.283876,default/fastfouriertransform-00001-deployment-5bb577bc85-sbxdl,15.387918
I0611 16:30:18.298229,default/fastfouriertransform-00001-deployment-5bb577bc85-w6tv9,10.870064
I0611 16:30:18.319582,default/fastfouriertransform-00001-deployment-5bb577bc85-f8nqd,26.110296
I0611 16:30:18.340924,default/fastfouriertransform-00001-deployment-5bb577bc85-55m7r,16.1849
I0611 16:30:20.305978,default/fastfouriertransform-00001-deployment-5bb577bc85-vwkfn,19.918477
I0611 16:30:20.333537,default/fastfouriertransform-00001-deployment-5bb577bc85-28m77,31.056727
I0611 16:30:20.333787,default/fastfouriertransform-00001-deployment-5bb577bc85-7gmt4,26.728594
I0611 16:30:20.346034,default/fastfouriertransform-00001-deployment-5bb577bc85-84zpk,26.63626
I0611 16:30:22.294069,default/fastfouriertransform-00001-deployment-5bb577bc85-4kzwb,9.370747
I0611 16:40:05.386934,default/genmatrix-00001-deployment-6774b76f77-rn9tq,15.027913
I0611 16:40:05.440045,default/fastfouriertransform-00001-deployment-5bb577bc85-lrrjs,45.420444
I0611 16:40:05.515345,default/fetchdata-00001-deployment-66f645596-npbpl,36.956954
I0611 16:40:05.523058,default/linpack-00001-deployment-5fcdf8b7f7-ffnnw,51.195029
I0611 16:40:05.630325,default/matrixmul-00001-deployment-5cb8b76cf6-c454k,52.993854
I0611 16:40:06.401432,default/fetchdata-00001-deployment-66f645596-66j8n,19.357768
I0611 16:40:06.446375,default/fastfouriertransform-00001-deployment-5bb577bc85-dzvk7,66.462943
I0611 16:40:06.496440,default/genmatrix-00001-deployment-6774b76f77-lsbp9,44.524569
I0611 16:40:06.610833,default/linpack-00001-deployment-5fcdf8b7f7-rcns5,28.304612
I0611 16:40:08.443466,default/genmatrix-00001-deployment-6774b76f77-qvf65,47.0656
I0611 16:40:08.477641,default/fetchdata-00001-deployment-66f645596-hv6zc,93.839309
I0611 16:40:08.552714,default/fetchdata-00001-deployment-66f645596-xrqpg,102.779207
I0611 16:40:08.663995,default/linpack-00001-deployment-5fcdf8b7f7-wcbhb,45.854222
I0611 16:40:08.736573,default/matrixmul-00001-deployment-5cb8b76cf6-zg2jx,51.070936
I0611 16:40:08.745770,default/linpack-00001-deployment-5fcdf8b7f7-b7zvd,50.604137
I0611 16:40:08.821128,default/matrixmul-00001-deployment-5cb8b76cf6-whmgz,95.068315
I0611 16:40:08.822515,default/fastfouriertransform-00001-deployment-5bb577bc85-96zt7,81.34741
I0611 16:40:08.857764,default/fastfouriertransform-00001-deployment-5bb577bc85-cwpcw,23.32303
I0611 16:40:08.874768,default/fastfouriertransform-00001-deployment-5bb577bc85-bmbrg,53.148095
I0611 16:40:10.365442,default/linpack-00001-deployment-5fcdf8b7f7-l9f2j,41.38881
I0611 16:40:10.518060,default/fastfouriertransform-00001-deployment-5bb577bc85-cgcnf,95.497427
I0611 16:40:10.592200,default/fetchdata-00001-deployment-66f645596-r54s5,63.919816
I0611 16:40:10.719026,default/matrixmul-00001-deployment-5cb8b76cf6-btrwm,40.835233
I0611 16:40:10.735977,default/matrixmul-00001-deployment-5cb8b76cf6-mztmk,28.698744
I0611 16:40:12.333475,default/fastfouriertransform-00001-deployment-5bb577bc85-cs49n,31.118848
I0611 16:40:12.334264,default/linpack-00001-deployment-5fcdf8b7f7-fggth,55.166122
I0611 16:40:12.391880,default/linpack-00001-deployment-5fcdf8b7f7-cwlmq,50.494987
I0611 16:40:12.394527,default/linpack-00001-deployment-5fcdf8b7f7-mkjww,57.719895
I0611 16:40:12.495535,default/matrixmul-00001-deployment-5cb8b76cf6-gkkwx,43.107355
I0611 16:40:12.562042,default/matrixmul-00001-deployment-5cb8b76cf6-x9khz,48.312179
I0611 16:40:12.575187,default/matrixmul-00001-deployment-5cb8b76cf6-4k4w9,66.302384
I0611 16:40:14.365724,default/matrixmul-00001-deployment-5cb8b76cf6-85slh,17.518703
I0611 16:40:14.432080,default/matrixmul-00001-deployment-5cb8b76cf6-44wn5,33.250452
I0611 16:40:14.436239,default/matrixmul-00001-deployment-5cb8b76cf6-gdj6q,36.562135
I0611 16:40:14.492834,default/linpack-00001-deployment-5fcdf8b7f7-948qw,63.226996
I0611 16:40:16.288546,default/matrixmul-00001-deployment-5cb8b76cf6-nw4r8,12.401546
I0611 16:40:16.307841,default/matrixmul-00001-deployment-5cb8b76cf6-4pm6p,15.572729
I0611 16:40:20.313978,default/fastfouriertransform-00001-deployment-5bb577bc85-ln26z,16.336474
I0611 16:40:22.378643,default/fastfouriertransform-00001-deployment-5bb577bc85-4jw8s,16.416733
I0611 16:40:22.390887,default/linpack-00001-deployment-5fcdf8b7f7-ddlvj,70.879477
I0611 16:40:22.419769,default/fastfouriertransform-00001-deployment-5bb577bc85-qz64x,21.670409
I0611 16:40:22.430862,default/fastfouriertransform-00001-deployment-5bb577bc85-5qp8h,29.080279
I0611 16:40:22.473119,default/fastfouriertransform-00001-deployment-5bb577bc85-hp2s4,31.56709
I0611 16:40:24.417579,default/fastfouriertransform-00001-deployment-5bb577bc85-dsg4q,45.633717
I0611 16:40:24.457468,default/linpack-00001-deployment-5fcdf8b7f7-n4zc5,39.130091
I0611 16:40:26.288363,default/fastfouriertransform-00001-deployment-5bb577bc85-bhpmm,11.770357
I0611 16:50:06.283886,default/fastfouriertransform-00001-deployment-5bb577bc85-szwct,31.863648
I0611 16:50:06.290158,default/genmatrix-00001-deployment-6774b76f77-85hmm,31.254294
I0611 16:50:06.465012,default/linpack-00001-deployment-5fcdf8b7f7-p9rb9,61.235862
I0611 16:50:06.465457,default/fetchdata-00001-deployment-66f645596-5n72l,63.418498
I0611 16:50:06.689444,default/matrixmul-00001-deployment-5cb8b76cf6-xgq7b,31.331943
I0611 16:50:08.477461,default/fastfouriertransform-00001-deployment-5bb577bc85-9rpwv,58.752484
I0611 16:50:08.537503,default/fetchdata-00001-deployment-66f645596-wcj8v,50.976333
I0611 16:50:08.543948,default/fastfouriertransform-00001-deployment-5bb577bc85-rhkff,62.213476
I0611 16:50:08.558823,default/genmatrix-00001-deployment-6774b76f77-scdmg,46.911283
I0611 16:50:08.558922,default/fastfouriertransform-00001-deployment-5bb577bc85-8mnzm,75.007327
I0611 16:50:08.652919,default/fetchdata-00001-deployment-66f645596-hzgbc,93.158157
I0611 16:50:08.699441,default/genmatrix-00001-deployment-6774b76f77-5dvqm,43.32944
I0611 16:50:08.707624,default/genmatrix-00001-deployment-6774b76f77-hlqh2,35.718306
I0611 16:50:08.715397,default/matrixmul-00001-deployment-5cb8b76cf6-7cn84,56.922738
I0611 16:50:08.769179,default/linpack-00001-deployment-5fcdf8b7f7-8jbxz,45.978114
I0611 16:50:08.864275,default/linpack-00001-deployment-5fcdf8b7f7-6ghhw,44.522647
I0611 16:50:10.593309,default/fetchdata-00001-deployment-66f645596-n8dht,41.209434
I0611 16:50:10.693229,default/fetchdata-00001-deployment-66f645596-n4vqx,54.441954
I0611 16:50:10.695533,default/fastfouriertransform-00001-deployment-5bb577bc85-8jfgh,83.381073
I0611 16:50:10.867155,default/matrixmul-00001-deployment-5cb8b76cf6-wrqsm,37.022478
I0611 16:50:11.061040,default/linpack-00001-deployment-5fcdf8b7f7-7zk7m,82.033884
I0611 16:50:11.084468,default/linpack-00001-deployment-5fcdf8b7f7-mtz66,47.86673
I0611 16:50:11.153727,default/matrixmul-00001-deployment-5cb8b76cf6-2nmgm,65.72819
I0611 16:50:11.168682,default/matrixmul-00001-deployment-5cb8b76cf6-whgbt,81.839032
I0611 16:50:12.332656,default/fastfouriertransform-00001-deployment-5bb577bc85-9gjx9,46.159207
I0611 16:50:12.371912,default/linpack-00001-deployment-5fcdf8b7f7-zdzdp,47.340117
I0611 16:50:12.387604,default/linpack-00001-deployment-5fcdf8b7f7-jq54n,42.23401
I0611 16:50:12.410223,default/linpack-00001-deployment-5fcdf8b7f7-hknh5,41.591508
I0611 16:50:12.479752,default/matrixmul-00001-deployment-5cb8b76cf6-sc5q9,47.663508
I0611 16:50:12.573608,default/matrixmul-00001-deployment-5cb8b76cf6-jfrcz,81.122104
I0611 16:50:14.458113,default/matrixmul-00001-deployment-5cb8b76cf6-t8r5v,67.964214
I0611 16:50:14.459119,default/linpack-00001-deployment-5fcdf8b7f7-q7mcd,88.265847
I0611 16:50:14.498599,default/linpack-00001-deployment-5fcdf8b7f7-6vmzj,68.943995
I0611 16:50:14.499342,default/linpack-00001-deployment-5fcdf8b7f7-wbznt,72.755783
I0611 16:50:14.525171,default/matrixmul-00001-deployment-5cb8b76cf6-6wbfl,52.361094
I0611 16:50:14.537700,default/matrixmul-00001-deployment-5cb8b76cf6-qr9g9,66.981378
I0611 16:50:16.357615,default/matrixmul-00001-deployment-5cb8b76cf6-7gl7w,41.644601
I0611 16:50:16.420925,default/linpack-00001-deployment-5fcdf8b7f7-bqqsq,57.73398
I0611 16:50:16.458013,default/linpack-00001-deployment-5fcdf8b7f7-jbw7z,50.658534
I0611 16:50:20.291754,default/fastfouriertransform-00001-deployment-5bb577bc85-ns4bg,12.825407
I0611 16:50:20.321151,default/fastfouriertransform-00001-deployment-5bb577bc85-s58jn,11.926201
I0611 16:50:20.331989,default/fastfouriertransform-00001-deployment-5bb577bc85-q96ct,20.100224
I0611 16:50:22.283714,default/fastfouriertransform-00001-deployment-5bb577bc85-tb9h7,15.222285
I0611 16:50:22.300636,default/fastfouriertransform-00001-deployment-5bb577bc85-kmnfd,17.455143
I0611 16:50:22.308696,default/fastfouriertransform-00001-deployment-5bb577bc85-6rmc9,17.296568
I0611 16:50:24.315557,default/fastfouriertransform-00001-deployment-5bb577bc85-l6v2z,22.628916
I0611 16:50:24.328809,default/fastfouriertransform-00001-deployment-5bb577bc85-v4npt,20.639225
I0611 16:50:24.328986,default/fastfouriertransform-00001-deployment-5bb577bc85-tpvgq,23.185844
I0611 16:50:24.367020,default/fastfouriertransform-00001-deployment-5bb577bc85-c49hw,13.965262
I0611 16:50:26.286716,default/fastfouriertransform-00001-deployment-5bb577bc85-4nc5b,12.794184
I0611 17:00:03.465381,default/fastfouriertransform-00001-deployment-5bb577bc85-d75jz,18.776114
I0611 17:00:03.466445,default/genmatrix-00001-deployment-6774b76f77-wg6rs,21.638751
I0611 17:00:03.629031,default/fetchdata-00001-deployment-66f645596-f4s67,50.295497
I0611 17:00:03.687418,default/linpack-00001-deployment-5fcdf8b7f7-fvdjr,53.107837
I0611 17:00:03.875814,default/matrixmul-00001-deployment-5cb8b76cf6-b8bvr,51.415852
I0611 17:00:04.366086,default/linpack-00001-deployment-5fcdf8b7f7-c2wcc,34.142648
I0611 17:00:04.393507,default/fastfouriertransform-00001-deployment-5bb577bc85-lc5vs,65.597141
I0611 17:00:04.466788,default/genmatrix-00001-deployment-6774b76f77-t7cvb,27.351726
I0611 17:00:06.290923,default/fastfouriertransform-00001-deployment-5bb577bc85-l9jhg,15.238904
I0611 17:00:06.332707,default/fastfouriertransform-00001-deployment-5bb577bc85-pcngq,18.785818
I0611 17:00:06.366939,default/fetchdata-00001-deployment-66f645596-7pwjn,54.9416
I0611 17:00:06.518158,default/fetchdata-00001-deployment-66f645596-hwpxw,118.152866
I0611 17:00:06.518159,default/fetchdata-00001-deployment-66f645596-l272j,125.915327
I0611 17:00:06.534822,default/genmatrix-00001-deployment-6774b76f77-gppvv,141.908416
I0611 17:00:06.738757,default/linpack-00001-deployment-5fcdf8b7f7-mkxzd,122.340541
I0611 17:00:06.898201,default/linpack-00001-deployment-5fcdf8b7f7-nxz54,52.915577
I0611 17:00:06.908682,default/matrixmul-00001-deployment-5cb8b76cf6-gnhbf,55.672916
I0611 17:00:06.954073,default/matrixmul-00001-deployment-5cb8b76cf6-2llwt,55.622731
I0611 17:00:08.360081,default/fastfouriertransform-00001-deployment-5bb577bc85-9q7ps,60.566778
I0611 17:00:08.386381,default/linpack-00001-deployment-5fcdf8b7f7-96kx8,31.871457
I0611 17:00:08.578012,default/fetchdata-00001-deployment-66f645596-7mvj2,61.588558
I0611 17:00:08.595958,default/matrixmul-00001-deployment-5cb8b76cf6-plbfv,51.237777
I0611 17:00:08.626635,default/fetchdata-00001-deployment-66f645596-w67kh,61.111002
I0611 17:00:10.301918,default/fetchdata-00001-deployment-66f645596-c77fh,13.530973
I0611 17:00:10.344356,default/fastfouriertransform-00001-deployment-5bb577bc85-8psf9,37.636618
I0611 17:00:10.355347,default/fetchdata-00001-deployment-66f645596-mtm98,21.486917
I0611 17:00:10.405338,default/linpack-00001-deployment-5fcdf8b7f7-d877c,33.565368
I0611 17:00:10.575616,default/linpack-00001-deployment-5fcdf8b7f7-mbfnm,96.798912
I0611 17:00:10.576402,default/linpack-00001-deployment-5fcdf8b7f7-nx8rh,105.719524
I0611 17:00:10.628871,default/matrixmul-00001-deployment-5cb8b76cf6-ng4nb,82.44214
I0611 17:00:10.628912,default/matrixmul-00001-deployment-5cb8b76cf6-n9jxt,138.606928
I0611 17:00:10.683449,default/linpack-00001-deployment-5fcdf8b7f7-v4lln,98.043914
I0611 17:00:10.694948,default/matrixmul-00001-deployment-5cb8b76cf6-jjxtr,108.506918
I0611 17:00:12.389041,default/linpack-00001-deployment-5fcdf8b7f7-hrbp4,45.678691
I0611 17:00:12.411808,default/matrixmul-00001-deployment-5cb8b76cf6-2rfzt,36.294467
I0611 17:00:12.420832,default/linpack-00001-deployment-5fcdf8b7f7-vtx29,27.351874
I0611 17:00:12.477426,default/matrixmul-00001-deployment-5cb8b76cf6-f6h2z,65.719437
I0611 17:00:14.333718,default/matrixmul-00001-deployment-5cb8b76cf6-w9fp7,27.213818
I0611 17:00:14.364078,default/matrixmul-00001-deployment-5cb8b76cf6-x2cbp,27.373337
I0611 17:00:14.398440,default/matrixmul-00001-deployment-5cb8b76cf6-lfmf9,36.5698
I0611 17:00:16.299593,default/matrixmul-00001-deployment-5cb8b76cf6-5wm56,16.894425
I0611 17:00:18.300706,default/fastfouriertransform-00001-deployment-5bb577bc85-6rnl8,13.622566
I0611 17:00:18.324839,default/fastfouriertransform-00001-deployment-5bb577bc85-rwxth,17.477556
I0611 17:00:18.331762,default/fastfouriertransform-00001-deployment-5bb577bc85-vmwm2,25.572758
I0611 17:00:20.534941,default/fastfouriertransform-00001-deployment-5bb577bc85-hq9kj,15.948293
I0611 17:00:20.573184,default/fastfouriertransform-00001-deployment-5bb577bc85-tcvw6,40.940625
I0611 17:00:20.597325,default/fastfouriertransform-00001-deployment-5bb577bc85-44qht,43.629704
I0611 17:00:20.631800,default/fastfouriertransform-00001-deployment-5bb577bc85-dprdk,49.058716
I0611 17:00:22.280979,default/fastfouriertransform-00001-deployment-5bb577bc85-q42ld,18.290706
I0611 17:00:22.303456,default/fastfouriertransform-00001-deployment-5bb577bc85-4lwjw,32.200699
I0611 17:00:22.317568,default/fastfouriertransform-00001-deployment-5bb577bc85-66mjr,31.026585
I0611 17:00:24.308265,default/fastfouriertransform-00001-deployment-5bb577bc85-5ldf9,13.87403
I0611 17:00:24.315626,default/fastfouriertransform-00001-deployment-5bb577bc85-fvpfq,12.94788
I0611 17:10:49.771601,default/fastfouriertransform-00001-deployment-5bb577bc85-dnk76,61.35213
I0611 17:10:49.771658,default/matrixmul-00001-deployment-5cb8b76cf6-7m5z8,59.372382
I0611 17:10:49.771869,default/genmatrix-00001-deployment-6774b76f77-hmg8t,64.081548
I0611 17:10:49.802066,default/fetchdata-00001-deployment-66f645596-src7f,76.012572
I0611 17:10:49.830166,default/linpack-00001-deployment-5fcdf8b7f7-f9m4z,101.384961
I0611 17:10:50.350714,default/fastfouriertransform-00001-deployment-5bb577bc85-cznrr,60.656942
I0611 17:10:50.387609,default/linpack-00001-deployment-5fcdf8b7f7-mpj9v,58.761306
I0611 17:10:52.483490,default/fastfouriertransform-00001-deployment-5bb577bc85-6l5bs,79.915234
I0611 17:10:52.534042,default/fetchdata-00001-deployment-66f645596-whx5q,155.170155
I0611 17:10:52.543463,default/fetchdata-00001-deployment-66f645596-m4fzj,46.420594
I0611 17:10:52.553395,default/fastfouriertransform-00001-deployment-5bb577bc85-7whs8,53.196489
I0611 17:10:52.600056,default/fetchdata-00001-deployment-66f645596-t4m4k,96.48372
I0611 17:10:52.625954,default/genmatrix-00001-deployment-6774b76f77-wcmdp,68.145543
I0611 17:10:52.683675,default/linpack-00001-deployment-5fcdf8b7f7-9d74g,79.321676
I0611 17:10:52.770383,default/genmatrix-00001-deployment-6774b76f77-mwgf7,87.965356
I0611 17:10:52.864353,default/linpack-00001-deployment-5fcdf8b7f7-k8xdr,93.056393
I0611 17:10:52.961206,default/matrixmul-00001-deployment-5cb8b76cf6-jqt8z,29.447422
I0611 17:10:53.111776,default/matrixmul-00001-deployment-5cb8b76cf6-8d4rc,19.682275
I0611 17:10:54.350777,default/fetchdata-00001-deployment-66f645596-5dd5k,59.341881
I0611 17:10:54.406588,default/fetchdata-00001-deployment-66f645596-gw6dt,43.33523
I0611 17:10:54.452769,default/linpack-00001-deployment-5fcdf8b7f7-ptw7v,79.76914
I0611 17:10:54.539402,default/fastfouriertransform-00001-deployment-5bb577bc85-gz8rx,62.211095
I0611 17:10:54.750029,default/matrixmul-00001-deployment-5cb8b76cf6-7dks2,42.333023
I0611 17:10:54.763910,default/matrixmul-00001-deployment-5cb8b76cf6-w2jl4,86.028274
I0611 17:10:56.405683,default/fastfouriertransform-00001-deployment-5bb577bc85-7wms6,36.495761
I0611 17:10:56.458993,default/fetchdata-00001-deployment-66f645596-8rlh7,51.220074
I0611 17:10:56.557665,default/fetchdata-00001-deployment-66f645596-tzv6l,74.07236
I0611 17:10:56.605899,default/matrixmul-00001-deployment-5cb8b76cf6-h7drk,43.465639
I0611 17:10:56.653413,default/linpack-00001-deployment-5fcdf8b7f7-pcr9d,59.895105
I0611 17:10:56.711948,default/linpack-00001-deployment-5fcdf8b7f7-nm85f,51.094665
I0611 17:10:56.713151,default/matrixmul-00001-deployment-5cb8b76cf6-jxd9g,69.859548
I0611 17:10:58.323865,default/linpack-00001-deployment-5fcdf8b7f7-v4c58,18.442566
I0611 17:10:58.417360,default/matrixmul-00001-deployment-5cb8b76cf6-b6r5z,24.871479
I0611 17:10:58.473378,default/matrixmul-00001-deployment-5cb8b76cf6-8frsz,36.482909
I0611 17:10:58.481091,default/matrixmul-00001-deployment-5cb8b76cf6-pwswb,40.85811
I0611 17:11:00.306848,default/matrixmul-00001-deployment-5cb8b76cf6-psqsr,19.693052
I0611 17:11:00.341707,default/matrixmul-00001-deployment-5cb8b76cf6-2hhbd,19.520496
I0611 17:11:00.348833,default/matrixmul-00001-deployment-5cb8b76cf6-pjz9f,21.959875
I0611 17:11:02.314558,default/matrixmul-00001-deployment-5cb8b76cf6-9d2zj,22.193636
I0611 17:11:04.295033,default/fastfouriertransform-00001-deployment-5bb577bc85-mn7pw,6.028429
I0611 17:11:04.310377,default/fastfouriertransform-00001-deployment-5bb577bc85-cc6bw,9.310181
I0611 17:11:06.274013,default/fastfouriertransform-00001-deployment-5bb577bc85-rdqnj,7.596046
I0611 17:11:06.302608,default/fastfouriertransform-00001-deployment-5bb577bc85-l6qng,14.434589
I0611 17:11:06.319847,default/fastfouriertransform-00001-deployment-5bb577bc85-h94pn,17.200673
I0611 17:11:06.324207,default/fastfouriertransform-00001-deployment-5bb577bc85-lcnsb,34.855569
I0611 17:11:08.450523,default/linpack-00001-deployment-5fcdf8b7f7-chx4q,74.038079
I0611 17:11:08.519797,default/fastfouriertransform-00001-deployment-5bb577bc85-2m5rv,28.715362
I0611 17:11:08.623508,default/fastfouriertransform-00001-deployment-5bb577bc85-6k9hm,43.139913
I0611 17:11:08.653830,default/fastfouriertransform-00001-deployment-5bb577bc85-2xc66,70.529271
I0611 17:11:10.296159,default/linpack-00001-deployment-5fcdf8b7f7-v7fl4,14.950701
I0611 17:20:06.283464,default/linpack-00001-deployment-5fcdf8b7f7-5xbwh,34.305849
I0611 17:20:06.326612,default/fetchdata-00001-deployment-66f645596-pnwdk,73.332006
I0611 17:20:06.326612,default/fastfouriertransform-00001-deployment-5bb577bc85-dwvw6,72.730634
I0611 17:20:06.356169,default/genmatrix-00001-deployment-6774b76f77-dbmf4,106.172702
I0611 17:20:06.412827,default/matrixmul-00001-deployment-5cb8b76cf6-cfz8s,38.331951
I0611 17:20:08.393123,default/fastfouriertransform-00001-deployment-5bb577bc85-jtvq5,27.993073
I0611 17:20:08.485136,default/genmatrix-00001-deployment-6774b76f77-wl872,28.954853
I0611 17:20:08.490286,default/fastfouriertransform-00001-deployment-5bb577bc85-t2f8p,39.784548
I0611 17:20:08.535836,default/fastfouriertransform-00001-deployment-5bb577bc85-n9cnb,72.454615
I0611 17:20:08.565192,default/genmatrix-00001-deployment-6774b76f77-nrzt2,58.619504
I0611 17:20:08.609159,default/fetchdata-00001-deployment-66f645596-np9qh,40.793329
I0611 17:20:08.630480,default/genmatrix-00001-deployment-6774b76f77-8c4nq,83.21029
I0611 17:20:08.687586,default/fetchdata-00001-deployment-66f645596-phvk6,42.054684
I0611 17:20:08.734077,default/matrixmul-00001-deployment-5cb8b76cf6-j9ltk,38.450359
I0611 17:20:08.741217,default/fetchdata-00001-deployment-66f645596-b9t5g,40.036641
I0611 17:20:08.751668,default/linpack-00001-deployment-5fcdf8b7f7-7l9jj,52.261932
I0611 17:20:08.845828,default/linpack-00001-deployment-5fcdf8b7f7-dsglt,81.348971
I0611 17:20:10.322789,default/fastfouriertransform-00001-deployment-5bb577bc85-p9bfg,29.676836
I0611 17:20:10.328952,default/fetchdata-00001-deployment-66f645596-kcgwg,21.299722
I0611 17:20:10.541932,default/linpack-00001-deployment-5fcdf8b7f7-q8snt,76.116512
I0611 17:20:10.638952,default/linpack-00001-deployment-5fcdf8b7f7-k8b7s,91.312682
I0611 17:20:10.744240,default/matrixmul-00001-deployment-5cb8b76cf6-nh8z9,133.181587
I0611 17:20:11.036885,default/matrixmul-00001-deployment-5cb8b76cf6-s8pc6,535.396002
I0611 17:20:12.285021,default/fetchdata-00001-deployment-66f645596-jm9qp,14.269037
I0611 17:20:12.300351,default/fastfouriertransform-00001-deployment-5bb577bc85-78c5n,19.14529
I0611 17:20:12.400037,default/linpack-00001-deployment-5fcdf8b7f7-l4bc5,18.744419
I0611 17:20:12.422887,default/linpack-00001-deployment-5fcdf8b7f7-k4t2m,24.731065
I0611 17:20:12.437767,default/linpack-00001-deployment-5fcdf8b7f7-mmxsc,42.179406
I0611 17:20:12.453716,default/matrixmul-00001-deployment-5cb8b76cf6-npfjw,38.697212
I0611 17:20:12.618550,default/matrixmul-00001-deployment-5cb8b76cf6-jqmzh,132.542881
I0611 17:20:14.387352,default/linpack-00001-deployment-5fcdf8b7f7-lwnj5,65.411133
I0611 17:20:14.396177,default/linpack-00001-deployment-5fcdf8b7f7-mb8vq,35.238369
I0611 17:20:14.413260,default/linpack-00001-deployment-5fcdf8b7f7-4bnh7,50.298093
I0611 17:20:14.424583,default/matrixmul-00001-deployment-5cb8b76cf6-hjrc4,36.622744
I0611 17:20:14.498257,default/matrixmul-00001-deployment-5cb8b76cf6-bvnhf,29.028408
I0611 17:20:16.315573,default/matrixmul-00001-deployment-5cb8b76cf6-5sjcr,10.329971
I0611 17:20:16.334014,default/matrixmul-00001-deployment-5cb8b76cf6-ktllv,13.271257
I0611 17:20:18.314195,default/matrixmul-00001-deployment-5cb8b76cf6-sks44,8.868652
I0611 17:20:18.328014,default/matrixmul-00001-deployment-5cb8b76cf6-xt258,9.9551
I0611 17:20:20.288531,default/fastfouriertransform-00001-deployment-5bb577bc85-92dzq,19.819126
I0611 17:20:22.312994,default/fastfouriertransform-00001-deployment-5bb577bc85-sgmdd,22.606892
I0611 17:20:22.325770,default/fastfouriertransform-00001-deployment-5bb577bc85-89cgm,22.895615
I0611 17:20:22.337150,default/fastfouriertransform-00001-deployment-5bb577bc85-88h2x,27.014014
I0611 17:20:22.347077,default/fastfouriertransform-00001-deployment-5bb577bc85-hkdts,16.107041
I0611 17:20:24.351948,default/fastfouriertransform-00001-deployment-5bb577bc85-dzvwj,33.888124
I0611 17:20:24.353552,default/fastfouriertransform-00001-deployment-5bb577bc85-45czj,18.925734
I0611 17:20:24.379613,default/fastfouriertransform-00001-deployment-5bb577bc85-v2swn,29.513243
I0611 17:20:24.384548,default/fastfouriertransform-00001-deployment-5bb577bc85-prbw2,27.417052
I0611 17:20:26.281487,default/fastfouriertransform-00001-deployment-5bb577bc85-pbwdx,11.069917
I0611 17:20:26.291806,default/fastfouriertransform-00001-deployment-5bb577bc85-z45t6,11.420326
I0611 17:30:04.419386,default/fastfouriertransform-00001-deployment-5bb577bc85-l77bv,58.916557
I0611 17:30:04.461956,default/fetchdata-00001-deployment-66f645596-clhpv,60.787395
I0611 17:30:04.470773,default/genmatrix-00001-deployment-6774b76f77-fr7qp,62.701715
I0611 17:30:04.471882,default/linpack-00001-deployment-5fcdf8b7f7-2kp9j,44.608618
I0611 17:30:04.681064,default/matrixmul-00001-deployment-5cb8b76cf6-47cn8,47.152976
I0611 17:30:06.468375,default/fetchdata-00001-deployment-66f645596-rhgj7,24.331869
I0611 17:30:06.478216,default/fetchdata-00001-deployment-66f645596-hxdv7,105.297625
I0611 17:30:06.544785,default/fastfouriertransform-00001-deployment-5bb577bc85-qc9wm,49.141276
I0611 17:30:06.750286,default/genmatrix-00001-deployment-6774b76f77-ld6l9,78.843121
I0611 17:30:06.752173,default/matrixmul-00001-deployment-5cb8b76cf6-4nmvq,77.858749
I0611 17:30:06.753500,default/fastfouriertransform-00001-deployment-5bb577bc85-247cn,88.09666
I0611 17:30:06.753500,default/fastfouriertransform-00001-deployment-5bb577bc85-m52tq,80.602274
I0611 17:30:06.850048,default/linpack-00001-deployment-5fcdf8b7f7-jb9cz,66.804816
I0611 17:30:06.897160,default/genmatrix-00001-deployment-6774b76f77-pgm7g,91.569372
I0611 17:30:06.922292,default/genmatrix-00001-deployment-6774b76f77-j9kqg,72.236625
I0611 17:30:06.975376,default/linpack-00001-deployment-5fcdf8b7f7-9bf6x,102.267007
I0611 17:30:08.376455,default/fetchdata-00001-deployment-66f645596-nqght,29.14325
I0611 17:30:08.523271,default/linpack-00001-deployment-5fcdf8b7f7-27ppz,56.89785
I0611 17:30:08.532046,default/genmatrix-00001-deployment-6774b76f77-hv45c,137.116307
I0611 17:30:08.651645,default/linpack-00001-deployment-5fcdf8b7f7-xwdfz,65.855648
I0611 17:30:09.010597,default/fastfouriertransform-00001-deployment-5bb577bc85-lnf9d,185.379453
I0611 17:30:09.014415,default/matrixmul-00001-deployment-5cb8b76cf6-tcbnv,73.710832
I0611 17:30:09.322675,default/matrixmul-00001-deployment-5cb8b76cf6-4g8nw,255.772165
I0611 17:30:10.290535,default/fetchdata-00001-deployment-66f645596-gkkb9,21.075232
I0611 17:30:10.293977,default/fastfouriertransform-00001-deployment-5bb577bc85-dlndz,14.48931
I0611 17:30:10.397790,default/matrixmul-00001-deployment-5cb8b76cf6-8fkfz,20.930121
I0611 17:30:10.433701,default/linpack-00001-deployment-5fcdf8b7f7-qlhhn,34.832356
I0611 17:30:10.490699,default/linpack-00001-deployment-5fcdf8b7f7-7qlk2,18.131782
I0611 17:30:10.537528,default/linpack-00001-deployment-5fcdf8b7f7-7vr2l,17.881559
I0611 17:30:12.350694,default/linpack-00001-deployment-5fcdf8b7f7-jjd8c,35.506209
I0611 17:30:12.465757,default/linpack-00001-deployment-5fcdf8b7f7-p27n8,53.064378
I0611 17:30:12.473557,default/linpack-00001-deployment-5fcdf8b7f7-jqpgn,26.478337
I0611 17:30:12.473754,default/matrixmul-00001-deployment-5cb8b76cf6-l89w4,47.508903
I0611 17:30:12.518780,default/matrixmul-00001-deployment-5cb8b76cf6-4qwq8,27.532284
I0611 17:30:12.543165,default/matrixmul-00001-deployment-5cb8b76cf6-xh8fp,31.608052
I0611 17:30:14.435120,default/linpack-00001-deployment-5fcdf8b7f7-ddf9q,39.993237
I0611 17:30:14.482837,default/matrixmul-00001-deployment-5cb8b76cf6-544fn,30.752032
I0611 17:30:14.494517,default/linpack-00001-deployment-5fcdf8b7f7-8ljw5,37.345084
I0611 17:30:14.598466,default/matrixmul-00001-deployment-5cb8b76cf6-2kj7w,102.679841
I0611 17:30:16.273976,default/matrixmul-00001-deployment-5cb8b76cf6-hb77z,8.238315
I0611 17:30:16.290584,default/matrixmul-00001-deployment-5cb8b76cf6-kgprw,12.721232
I0611 17:30:18.301487,default/fastfouriertransform-00001-deployment-5bb577bc85-kft67,12.29536
I0611 17:30:18.308619,default/fastfouriertransform-00001-deployment-5bb577bc85-bbc7g,13.438919
I0611 17:30:20.449720,default/fastfouriertransform-00001-deployment-5bb577bc85-w6tmj,24.596036
I0611 17:30:20.501638,default/fastfouriertransform-00001-deployment-5bb577bc85-j96cs,15.791961
I0611 17:30:20.519255,default/fastfouriertransform-00001-deployment-5bb577bc85-rmp6r,9.523781
I0611 17:30:22.294692,default/fastfouriertransform-00001-deployment-5bb577bc85-j5d9f,9.544484
I0611 17:30:22.312076,default/fastfouriertransform-00001-deployment-5bb577bc85-sswqc,13.329697
I0611 17:30:22.318848,default/fastfouriertransform-00001-deployment-5bb577bc85-7psvb,15.534127
I0611 17:30:24.295173,default/fastfouriertransform-00001-deployment-5bb577bc85-gknv4,15.933313
I0611 17:30:26.311482,default/fastfouriertransform-00001-deployment-5bb577bc85-fffzz,16.925464
