function,status,duration_ms,upstream_ms
mobilenet,200,1972,1972
mobilenet,200,1044,1044
mobilenet,200,1092,1091
mobilenet,200,1110,1109
mobilenet,200,1652,1651
mobilenet,200,1555,1554
mobilenet,200,1806,1806
mobilenet,200,1671,1670
mobilenet,200,1937,1937
resnet,200,2387,2387
mobilenet,200,1796,1796
mobilenet,200,2028,2028
mobilenet,200,1881,1880
mobilenet,200,1797,1796
mobilenet,200,1963,1962
mobilenet,200,2178,2177
mobilenet,200,2019,2019
mobilenet,200,1629,1628
resnet,200,2396,2395
mobilenet,200,2102,2102
mobilenet,200,2316,2315
mobilenet,200,2458,2457
mobilenet,200,2453,2452
mobilenet,200,2633,2632
mobilenet,200,2593,2593
mobilenet,200,2724,2724
mobilenet,200,2787,2787
resnet,200,2782,2781
mobilenet,200,2849,2848
mobilenet,200,2947,2947
mobilenet,200,3015,3014
mobilenet,200,3085,3085
mobilenet,200,3226,3226
mobilenet,200,3227,3226
mobilenet,200,2491,2490
mobilenet,200,2529,2528
resnet,200,3047,3047
mobilenet,200,2587,2586
mobilenet,200,2638,2637
mobilenet,200,2674,2673
mobilenet,200,3163,3163
mobilenet,200,3214,3214
mobilenet,200,3446,3446
mobilenet,200,3498,3498
mobilenet,200,3558,3557
mobilenet,200,3603,3603
mobilenet,200,2746,2745
mobilenet,200,2805,2805
mobilenet,200,2882,2882
mobilenet,200,3074,3071
mobilenet,200,97,96
mobilenet,200,3102,3102
resnet,200,3516,3516
mobilenet,200,105,104
mobilenet,200,3130,3130
mobilenet,200,94,94
mobilenet,200,2954,2953
mobilenet,200,84,83
mobilenet,200,3109,3109
mobilenet,200,3060,3060
mobilenet,200,123,123
resnet,200,231,230
mobilenet,200,3969,3968
mobilenet,200,37,36
mobilenet,200,130,130
resnet,200,228,228
mobilenet,200,2091,2091
resnet,200,172,171
resnet,200,243,243
mobilenet,200,39,39
mobilenet,200,2093,2092
mobilenet,200,143,142
mobilenet,200,52,51
mobilenet,200,2054,2053
mobilenet,200,29,29
mobilenet,200,55,55
mobilenet,200,44,43
mobilenet,200,1977,1976
mobilenet,200,55,54
mobilenet,200,25,25
mobilenet,200,1864,1864
resnet,200,209,208
resnet,200,365,365
mobilenet,200,29,28
mobilenet,200,1890,1888
resnet,200,258,258
mobilenet,200,24,24
resnet,200,331,331
mobilenet,200,29,28
mobilenet,200,1858,1858
resnet,200,203,203
resnet,200,284,278
mobilenet,200,1837,1836
mobilenet,200,33,32
mobilenet,200,27,26
mobilenet,200,35,35
mobilenet,200,1790,1789
mobilenet,200,32,31
mobilenet,200,76,76
resnet,200,4093,4093
resnet,200,264,263
mobilenet,200,1803,1802
resnet,200,375,375
mobilenet,200,40,39
mobilenet,200,62,62
mobilenet,200,36,36
mobilenet,200,68,67
mobilenet,200,30,30
mobilenet,200,1674,1673
mobilenet,200,88,87
resnet,200,331,331
mobilenet,200,45,45
mobilenet,200,52,52
mobilenet,200,1588,1587
mobilenet,200,36,36
mobilenet,200,1566,1566
resnet,200,269,269
mobilenet,200,28,28
resnet,200,454,454
mobilenet,200,1560,1560
mobilenet,200,75,75
resnet,200,331,330
mobilenet,200,151,151
mobilenet,200,24,24
mobilenet,200,32,31
mobilenet,200,1435,1434
mobilenet,200,32,31
mobilenet,200,29,29
mobilenet,200,1420,1419
resnet,200,424,424
mobilenet,200,92,91
mobilenet,200,40,40
mobilenet,200,61,61
mobilenet,200,1328,1327
resnet,200,313,313
mobilenet,200,225,225
mobilenet,200,1350,1349
resnet,200,632,632
resnet,200,577,577
mobilenet,200,1360,1360
mobilenet,200,81,80
mobilenet,200,256,255
mobilenet,200,38,38
resnet,200,4385,4384
resnet,200,256,255
resnet,200,356,356
mobilenet,200,1362,1361
mobilenet,200,115,114
mobilenet,200,1365,1365
mobilenet,200,109,109
mobilenet,200,121,121
mobilenet,200,58,57
resnet,200,289,289
mobilenet,200,1409,1408
resnet,200,465,464
mobilenet,200,90,90
resnet,200,423,423
mobilenet,200,65,65
mobilenet,200,1443,1442
mobilenet,200,54,54
mobilenet,200,90,89
mobilenet,200,69,69
mobilenet,200,1478,1477
resnet,200,804,804
mobilenet,200,23,23
resnet,200,499,498
mobilenet,200,26,25
mobilenet,200,1498,1498
mobilenet,200,24,23
mobilenet,200,169,169
mobilenet,200,153,153
resnet,200,918,918
mobilenet,200,1539,1539
mobilenet,200,146,146
resnet,200,681,681
resnet,200,450,450
resnet,200,799,799
resnet,200,720,720
resnet,200,462,461
resnet,200,5082,5080
mobilenet,200,69,68
mobilenet,200,25,24
resnet,200,758,758
resnet,200,821,821
mobilenet,200,102,102
resnet,200,957,957
mobilenet,200,33,33
mobilenet,200,32,32
resnet,200,910,910
mobilenet,200,34,33
resnet,200,1124,1124
resnet,200,929,929
resnet,200,3602,3602
resnet,200,520,519
mobilenet,200,91,91
resnet,200,718,718
mobilenet,200,42,42
resnet,200,693,692
resnet,200,1102,1101
mobilenet,200,43,43
mobilenet,200,72,72
mobilenet,200,86,85
mobilenet,200,31,31
resnet,200,767,766
resnet,200,5236,5236
mobilenet,200,105,104
resnet,200,1143,1143
resnet,200,1296,1296
resnet,200,895,895
mobilenet,200,34,33
mobilenet,200,98,97
mobilenet,200,54,54
mobilenet,200,95,94
resnet,200,1461,1461
resnet,200,1513,1512
resnet,200,1064,1064
mobilenet,200,32,32
mobilenet,200,68,67
mobilenet,200,42,42
resnet,200,1003,1002
resnet,200,1269,1269
mobilenet,200,34,34
mobilenet,200,131,130
resnet,200,914,914
mobilenet,200,27,27
mobilenet,200,70,69
mobilenet,200,65,64
mobilenet,200,69,69
mobilenet,200,34,33
resnet,200,1479,1479
resnet,200,1724,1723
mobilenet,200,121,121
mobilenet,200,32,32
mobilenet,200,136,135
resnet,200,823,823
mobilenet,200,58,58
mobilenet,200,106,106
mobilenet,200,79,79
mobilenet,200,45,44
resnet,200,1305,1305
mobilenet,200,140,139
resnet,200,5672,5671
resnet,200,1396,1395
mobilenet,200,89,88
resnet,200,1104,1103
resnet,200,983,983
mobilenet,200,57,57
mobilenet,200,63,63
resnet,200,2101,2101
resnet,200,1003,1003
mobilenet,200,111,110
resnet,200,5981,5980
resnet,200,1484,1484
resnet,200,230,229
resnet,200,2096,2096
mobilenet,200,51,51
resnet,200,245,244
mobilenet,200,68,67
resnet,200,1064,1064
resnet,200,1169,1169
mobilenet,200,113,112
resnet,200,447,447
resnet,200,499,498
resnet,200,1389,1388
resnet,200,6000,5999
mobilenet,200,24,23
resnet,200,1620,1619
resnet,200,2174,2174
mobilenet,200,55,54
mobilenet,200,96,95
resnet,200,1868,1868
mobilenet,200,124,124
mobilenet,200,108,107
mobilenet,200,66,66
resnet,200,6393,6392
resnet,200,1157,1157
resnet,200,659,659
mobilenet,200,49,48
resnet,200,1229,1228
resnet,200,1212,1212
mobilenet,200,66,65
mobilenet,200,107,107
resnet,200,2601,2600
mobilenet,200,141,140
resnet,200,792,792
resnet,200,958,958
mobilenet,200,28,27
resnet,200,1625,1625
mobilenet,200,115,115
mobilenet,200,65,65
mobilenet,200,39,39
resnet,200,1479,1478
resnet,200,2841,2841
resnet,200,6641,6640
mobilenet,200,129,128
mobilenet,200,153,152
mobilenet,200,106,105
resnet,200,2406,2406
mobilenet,200,58,58
resnet,200,953,952
mobilenet,200,204,204
mobilenet,200,141,141
mobilenet,200,124,123
mobilenet,200,100,98
resnet,200,179,178
resnet,200,1582,1582
resnet,200,2967,2966
mobilenet,200,112,112
mobilenet,200,32,32
resnet,200,1677,1677
mobilenet,200,82,82
resnet,200,1176,1176
mobilenet,200,155,155
mobilenet,200,32,32
resnet,200,7190,7190
mobilenet,200,31,30
resnet,200,997,997
resnet,200,1252,1252
resnet,200,1355,1355
resnet,200,3156,3156
resnet,200,1078,1078
mobilenet,200,115,114
resnet,200,2717,2716
mobilenet,200,42,41
resnet,200,1077,1076
mobilenet,200,117,116
mobilenet,200,111,110
mobilenet,200,56,56
mobilenet,200,65,64
mobilenet,200,146,146
mobilenet,200,54,54
mobilenet,200,71,70
resnet,200,183,183
resnet,200,1305,1305
mobilenet,200,167,166
mobilenet,200,121,120
resnet,200,253,252
mobilenet,200,84,84
mobilenet,200,225,224
mobilenet,200,134,133
resnet,200,3149,3149
resnet,200,2677,2676
resnet,200,3099,3098
resnet,200,1491,1491
mobilenet,200,85,83
mobilenet,200,160,159
mobilenet,200,79,79
resnet,200,1853,1853
resnet,200,7516,7516
mobilenet,200,165,165
resnet,200,1471,1470
resnet,200,395,394
resnet,200,1582,1581
mobilenet,200,180,179
mobilenet,200,185,185
resnet,200,1638,1638
resnet,200,3546,3546
resnet,200,558,558
resnet,200,1329,1329
mobilenet,200,74,74
mobilenet,200,69,68
resnet,200,2144,2143
resnet,200,532,531
mobilenet,200,73,68
resnet,200,8075,8075
mobilenet,200,75,75
mobilenet,200,79,79
resnet,200,1801,1800
resnet,200,1317,1317
mobilenet,200,86,85
resnet,200,2028,2028
resnet,200,2128,2128
resnet,200,574,574
resnet,200,776,775
mobilenet,200,64,64
resnet,200,1478,1478
resnet,200,1584,1584
mobilenet,200,92,92
resnet,200,659,659
mobilenet,200,204,203
resnet,200,804,803
mobilenet,200,133,132
mobilenet,200,175,174
resnet,200,656,655
resnet,200,2338,2338
mobilenet,200,124,123
mobilenet,200,83,82
resnet,200,1900,1899
resnet,200,3547,3547
mobilenet,200,45,45
mobilenet,200,40,39
mobilenet,200,94,93
resnet,200,1559,1559
resnet,200,1378,1377
resnet,200,178,178
resnet,200,347,347
mobilenet,200,145,144
resnet,200,862,861
resnet,200,816,815
resnet,200,8378,8378
resnet,200,1309,1309
resnet,200,2205,2204
resnet,200,837,837
mobilenet,200,148,147
resnet,200,587,586
resnet,200,1394,1394
resnet,200,382,382
mobilenet,200,65,65
mobilenet,200,127,126
resnet,200,1676,1675
resnet,200,468,467
resnet,200,793,793
resnet,200,1510,1510
mobilenet,200,117,117
mobilenet,200,127,127
resnet,200,1372,1372
resnet,200,442,441
resnet,200,420,420
resnet,200,1942,1942
resnet,200,812,812
mobilenet,200,71,69
mobilenet,200,139,138
mobilenet,200,193,192
resnet,200,1573,1573
mobilenet,200,141,140
resnet,200,2066,2066
resnet,200,2883,2882
mobilenet,200,32,31
mobilenet,200,128,128
mobilenet,200,145,141
resnet,200,539,538
mobilenet,200,265,264
mobilenet,200,128,128
resnet,200,9125,9125
mobilenet,200,86,85
mobilenet,200,179,178
mobilenet,200,199,199
mobilenet,200,248,248
mobilenet,200,145,144
resnet,200,869,868
resnet,200,654,654
resnet,200,2475,2474
resnet,200,1273,1272
mobilenet,200,144,144
resnet,200,2330,2328
resnet,200,1022,1022
mobilenet,200,241,241
mobilenet,200,30,29
resnet,200,3133,3133
resnet,200,3407,3407
resnet,200,837,837
resnet,200,1108,1107
resnet,200,606,605
resnet,200,940,939
resnet,200,9495,9495
resnet,200,2569,2569
resnet,200,1970,1970
mobilenet,200,77,76
resnet,200,1286,1286
resnet,200,510,510
resnet,200,2690,2689
mobilenet,200,212,211
mobilenet,200,150,150
resnet,200,1042,1041
mobilenet,200,88,88
mobilenet,200,147,146
mobilenet,200,113,113
mobilenet,200,132,132
resnet,200,1623,1622
mobilenet,200,43,43
mobilenet,200,66,66
resnet,200,1513,1513
resnet,200,640,640
resnet,200,2341,2340
resnet,200,467,466
resnet,200,1841,1840
resnet,200,175,174
resnet,200,2250,2250
resnet,200,3723,3722
resnet,200,1303,1302
mobilenet,200,211,211
resnet,200,1425,1425
resnet,200,295,294
resnet,200,690,689
resnet,200,2114,2113
resnet,200,1648,1647
resnet,200,1814,1813
mobilenet,200,47,46
mobilenet,200,50,50
resnet,200,1779,1778
mobilenet,200,139,138
resnet,200,142,142
resnet,200,10260,10259
resnet,200,2513,2513
mobilenet,200,91,91
mobilenet,200,164,164
resnet,200,607,607
mobilenet,200,179,179
mobilenet,200,152,151
mobilenet,200,170,169
resnet,200,1427,1427
mobilenet,200,158,157
mobilenet,200,108,108
resnet,200,565,564
resnet,200,404,403
resnet,200,2199,2199
resnet,200,371,370
mobilenet,200,102,97
mobilenet,200,71,71
mobilenet,200,220,220
resnet,200,1847,1847
resnet,200,1816,1815
resnet,200,2139,2138
mobilenet,200,229,229
mobilenet,200,142,141
resnet,200,1409,1408
resnet,200,10836,10835
resnet,200,2300,2300
mobilenet,200,170,170
resnet,200,2962,2962
mobilenet,200,171,171
mobilenet,200,100,100
resnet,200,697,696
mobilenet,200,85,85
resnet,200,1618,1617
resnet,200,1090,1090
resnet,200,2603,2602
resnet,200,2366,2365
mobilenet,200,137,136
mobilenet,200,54,54
resnet,200,1305,1304
resnet,200,2341,2341
mobilenet,200,191,190
resnet,200,892,891
mobilenet,200,86,86
mobilenet,200,221,221
mobilenet,200,154,152
resnet,200,2653,2652
mobilenet,200,165,164
resnet,200,1281,1280
mobilenet,200,151,148
mobilenet,200,275,274
mobilenet,200,164,163
mobilenet,200,130,129
resnet,200,658,657
mobilenet,200,173,172
resnet,200,523,523
mobilenet,200,262,262
mobilenet,200,361,361
mobilenet,200,133,132
mobilenet,200,31,31
mobilenet,200,51,51
mobilenet,200,250,250
resnet,200,2151,2151
mobilenet,200,30,30
mobilenet,200,244,240
resnet,200,912,911
mobilenet,200,200,199
resnet,200,2402,2402
mobilenet,200,360,359
resnet,200,2460,2459
resnet,200,11461,11460
resnet,200,2012,2012
mobilenet,200,34,34
resnet,200,2136,2135
resnet,200,829,829
resnet,200,1996,1996
resnet,200,1099,1099
mobilenet,200,346,346
mobilenet,200,163,162
resnet,200,1452,1452
resnet,200,2596,2596
mobilenet,200,126,126
mobilenet,200,158,158
resnet,200,2359,2358
resnet,200,1028,1028
mobilenet,200,238,238
resnet,200,1120,1120
mobilenet,200,95,94
resnet,200,1868,1868
resnet,200,2064,2063
mobilenet,200,97,97
resnet,200,480,479
mobilenet,200,131,131
mobilenet,200,72,72
resnet,200,718,717
resnet,200,1892,1892
mobilenet,200,288,288
mobilenet,200,386,385
mobilenet,200,105,104
mobilenet,200,131,130
resnet,200,594,594
mobilenet,200,55,54
mobilenet,200,138,137
mobilenet,200,49,48
mobilenet,200,69,68
mobilenet,200,83,83
resnet,200,625,625
mobilenet,200,93,92
mobilenet,200,286,285
mobilenet,200,304,303
resnet,200,2435,2435
resnet,200,275,274
resnet,200,2874,2873
resnet,200,1781,1781
mobilenet,200,87,87
resnet,200,2388,2387
resnet,200,1456,1455
resnet,200,512,511
mobilenet,200,114,113
resnet,200,1024,1023
resnet,200,668,668
resnet,200,1311,1310
resnet,200,2591,2590
resnet,200,871,871
mobilenet,200,120,119
resnet,200,1939,1936
resnet,200,1601,1600
mobilenet,200,79,77
mobilenet,200,142,141
mobilenet,200,107,106
mobilenet,200,55,54
mobilenet,200,239,239
mobilenet,200,72,71
mobilenet,200,137,137
resnet,200,2413,2413
mobilenet,200,63,62
resnet,200,407,406
mobilenet,200,187,187
resnet,200,12480,12479
mobilenet,200,118,117
mobilenet,200,193,193
mobilenet,200,211,211
resnet,200,1396,1396
resnet,200,571,570
resnet,200,1153,1153
resnet,200,407,406
resnet,200,710,709
resnet,200,2273,2272
mobilenet,200,79,79
resnet,200,3229,3229
mobilenet,200,77,76
mobilenet,200,126,125
mobilenet,200,93,93
resnet,200,1307,1306
resnet,200,876,874
mobilenet,200,256,255
mobilenet,200,113,112
resnet,200,1803,1802
mobilenet,200,96,96
mobilenet,200,104,103
resnet,200,1357,1356
resnet,200,2806,2805
resnet,200,1870,1870
resnet,200,2745,2744
resnet,200,694,693
resnet,200,891,890
resnet,200,2478,2478
mobilenet,200,389,389
mobilenet,200,84,84
resnet,200,2090,2090
resnet,200,761,760
mobilenet,200,183,183
resnet,200,1517,1515
resnet,200,599,598
mobilenet,200,244,244
mobilenet,200,82,82
mobilenet,200,166,165
mobilenet,200,111,110
mobilenet,200,151,150
resnet,200,1120,1120
resnet,200,606,605
resnet,200,637,637
mobilenet,200,76,76
mobilenet,200,140,139
resnet,200,2111,2110
mobilenet,200,127,126
resnet,200,1486,1485
resnet,200,1179,1178
mobilenet,200,197,197
resnet,200,3132,3131
mobilenet,200,215,215
resnet,200,1100,1099
resnet,200,1075,1074
resnet,200,985,985
resnet,200,1621,1620
resnet,200,1948,1947
mobilenet,200,90,89
mobilenet,200,102,102
resnet,200,142,142
mobilenet,200,117,116
resnet,200,13332,13332
resnet,200,698,698
mobilenet,200,178,173
resnet,200,809,809
resnet,200,1634,1633
resnet,200,401,401
mobilenet,200,65,64
mobilenet,200,68,67
resnet,200,2164,2163
mobilenet,200,145,144
resnet,200,262,262
mobilenet,200,88,88
mobilenet,200,152,152
resnet,200,716,715
mobilenet,200,72,72
resnet,200,704,704
resnet,200,1197,1197
mobilenet,200,114,113
mobilenet,200,133,132
mobilenet,200,72,72
resnet,200,2452,2451
mobilenet,200,297,296
resnet,200,787,785
mobilenet,200,74,73
resnet,200,1248,1248
mobilenet,200,53,52
resnet,200,2403,2402
mobilenet,200,296,295
resnet,200,1376,1375
mobilenet,200,72,72
resnet,200,957,957
resnet,200,142,142
mobilenet,200,125,124
resnet,200,230,229
resnet,200,656,655
resnet,200,2180,2180
mobilenet,200,79,79
mobilenet,200,108,108
resnet,200,1754,1754
mobilenet,200,387,386
mobilenet,200,178,177
resnet,200,2284,2284
resnet,200,1096,1096
mobilenet,200,132,132
resnet,200,1578,1578
mobilenet,200,181,181
mobilenet,200,200,199
resnet,200,575,575
resnet,200,1320,1319
mobilenet,200,144,143
resnet,200,231,230
mobilenet,200,106,105
mobilenet,200,205,205
resnet,200,14021,14020
mobilenet,200,143,142
mobilenet,200,343,342
resnet,200,762,761
mobilenet,200,152,151
mobilenet,200,136,136
mobilenet,200,172,172
resnet,200,2357,2356
resnet,200,892,892
resnet,200,2264,2263
resnet,200,2618,2618
mobilenet,200,261,260
mobilenet,200,184,184
mobilenet,200,124,123
mobilenet,200,197,197
mobilenet,200,222,221
mobilenet,200,209,208
resnet,200,850,846
resnet,200,1257,1256
resnet,200,1357,1356
resnet,200,1169,1168
resnet,200,277,277
mobilenet,200,105,105
resnet,200,1076,1076
resnet,200,1120,1119
resnet,200,662,662
mobilenet,200,148,147
mobilenet,200,192,192
resnet,200,1541,1540
mobilenet,200,333,333
resnet,200,189,188
resnet,200,2797,2796
mobilenet,200,154,153
resnet,200,2538,2537
resnet,200,1004,1004
resnet,200,909,908
resnet,200,1795,1795
mobilenet,200,300,299
mobilenet,200,208,207
mobilenet,200,68,67
mobilenet,200,80,80
resnet,200,1042,1042
resnet,200,1293,1292
mobilenet,200,169,169
resnet,200,1481,1480
resnet,200,758,758
resnet,200,1838,1838
mobilenet,200,436,436
mobilenet,200,233,232
resnet,200,155,154
resnet,200,1226,1226
resnet,200,14886,14885
resnet,200,4836,4836
mobilenet,200,198,198
resnet,200,1448,1446
resnet,200,1923,1923
resnet,200,1303,1303
mobilenet,200,360,359
resnet,200,948,945
resnet,200,1479,1478
resnet,200,869,868
mobilenet,200,85,84
mobilenet,200,39,38
mobilenet,200,223,222
resnet,200,203,203
resnet,200,1159,1159
mobilenet,200,101,101
resnet,200,1339,1339
resnet,200,945,944
resnet,200,841,840
resnet,200,2964,2963
resnet,200,1762,1761
mobilenet,200,108,108
resnet,200,1179,1179
mobilenet,200,130,130
resnet,200,139,138
resnet,200,1475,1474
mobilenet,200,71,71
resnet,200,1927,1927
mobilenet,200,130,130
mobilenet,200,402,402
resnet,200,467,466
resnet,200,1166,1165
mobilenet,200,171,170
mobilenet,200,78,78
resnet,200,1207,1206
mobilenet,200,148,148
mobilenet,200,121,121
resnet,200,550,550
mobilenet,200,64,64
resnet,200,503,503
mobilenet,200,91,91
resnet,200,307,307
mobilenet,200,329,329
resnet,200,14925,14925
resnet,200,796,796
mobilenet,200,85,84
resnet,200,161,160
resnet,200,1239,1239
mobilenet,200,215,215
resnet,200,1239,1238
mobilenet,200,214,213
mobilenet,200,200,200
resnet,200,2416,2415
resnet,200,234,233
mobilenet,200,180,180
mobilenet,200,195,195
mobilenet,200,188,188
mobilenet,200,148,148
resnet,200,902,902
resnet,200,1144,1144
resnet,200,635,634
mobilenet,200,232,231
resnet,200,1100,1100
mobilenet,200,78,78
mobilenet,200,150,150
mobilenet,200,112,112
mobilenet,200,245,245
resnet,200,1267,1267
resnet,200,989,989
mobilenet,200,200,199
resnet,200,5690,5690
resnet,200,310,310
mobilenet,200,206,205
mobilenet,200,183,183
resnet,200,3305,3304
mobilenet,200,181,181
mobilenet,200,148,148
resnet,200,770,770
mobilenet,200,100,99
resnet,200,2183,2181
resnet,200,1586,1585
resnet,200,203,203
mobilenet,200,165,165
mobilenet,200,93,92
resnet,200,1069,1068
mobilenet,200,120,119
resnet,200,1246,1246
mobilenet,200,225,225
mobilenet,200,87,87
mobilenet,200,140,139
resnet,200,163,161
mobilenet,200,108,107
resnet,200,1517,1517
resnet,200,2717,2717
mobilenet,200,206,205
resnet,200,619,618
resnet,200,604,603
resnet,200,557,557
mobilenet,200,243,243
mobilenet,200,121,120
mobilenet,200,99,98
mobilenet,200,204,203
resnet,200,16490,16490
resnet,200,1906,1905
resnet,200,1401,1401
resnet,200,1053,1053
mobilenet,200,168,165
mobilenet,200,158,157
resnet,200,1428,1427
mobilenet,200,100,100
resnet,200,1633,1632
mobilenet,200,276,276
resnet,200,1773,1773
mobilenet,200,149,149
resnet,200,2825,2825
mobilenet,200,167,166
mobilenet,200,97,96
resnet,200,883,883
resnet,200,1675,1674
mobilenet,200,265,264
resnet,200,754,754
resnet,200,610,609
resnet,200,770,769
resnet,200,564,563
resnet,200,1087,1086
resnet,200,1467,1466
mobilenet,200,170,170
resnet,200,1363,1363
resnet,200,1932,1931
resnet,200,1296,1295
resnet,200,138,137
mobilenet,200,169,168
resnet,200,215,215
mobilenet,200,138,137
mobilenet,200,116,116
resnet,200,2764,2763
mobilenet,200,113,112
mobilenet,200,68,68
resnet,200,2217,2217
resnet,200,1747,1746
resnet,502,313,313
resnet,200,801,801
resnet,200,1120,1118
mobilenet,200,264,263
resnet,200,2003,2002
resnet,200,1911,1910
resnet,200,146,145
resnet,200,16740,16739
resnet,200,1538,1538
resnet,200,2751,2750
mobilenet,200,111,110
mobilenet,200,297,296
mobilenet,200,124,123
resnet,200,680,679
mobilenet,200,58,57
resnet,200,2009,2008
resnet,200,1118,1117
resnet,200,357,356
mobilenet,200,35,35
resnet,200,3087,3086
mobilenet,200,89,89
mobilenet,200,146,146
resnet,200,1399,1399
resnet,200,277,277
mobilenet,200,185,184
mobilenet,200,62,62
mobilenet,200,163,163
resnet,200,616,616
resnet,200,1839,1838
mobilenet,200,255,254
mobilenet,200,243,242
resnet,200,568,567
resnet,200,555,554
mobilenet,200,90,90
resnet,200,1266,1265
mobilenet,200,63,62
resnet,200,933,932
resnet,200,503,502
mobilenet,200,353,352
mobilenet,200,294,293
resnet,200,1313,1313
mobilenet,200,85,85
resnet,200,3095,3094
resnet,200,858,858
resnet,200,2237,2236
mobilenet,200,230,229
resnet,200,2270,2269
mobilenet,200,577,576
resnet,200,785,784
mobilenet,200,166,166
resnet,200,1207,1206
resnet,200,1137,1137
resnet,200,17471,17470
resnet,200,941,941
resnet,200,609,608
resnet,200,2654,2649
resnet,200,552,552
mobilenet,200,111,110
mobilenet,200,63,63
mobilenet,200,192,192
resnet,200,2062,2062
resnet,200,939,938
resnet,200,1428,1427
mobilenet,200,139,138
resnet,200,1036,1036
mobilenet,200,256,255
mobilenet,200,199,199
resnet,200,3030,3030
resnet,200,1553,1553
resnet,200,1598,1597
resnet,200,1452,1452
mobilenet,200,183,183
mobilenet,200,205,205
resnet,200,3109,3107
resnet,200,130,130
mobilenet,200,308,308
resnet,200,770,769
mobilenet,200,177,176
resnet,200,1089,1088
mobilenet,200,92,91
resnet,200,1475,1474
mobilenet,200,230,230
mobilenet,200,264,258
resnet,200,1909,1909
resnet,200,1131,1128
resnet,200,133,132
resnet,200,2070,2069
resnet,200,1125,1125
mobilenet,200,152,152
resnet,200,3083,3083
mobilenet,200,237,237
mobilenet,200,117,117
mobilenet,200,81,80
mobilenet,200,282,281
resnet,200,811,811
resnet,200,1231,1225
resnet,200,955,954
mobilenet,200,130,129
resnet,200,1629,1629
resnet,200,322,321
resnet,200,946,946
resnet,200,2888,2886
mobilenet,200,114,113
mobilenet,200,122,121
mobilenet,200,87,86
resnet,200,796,795
mobilenet,200,302,302
mobilenet,200,58,58
mobilenet,200,534,533
resnet,200,18456,18456
resnet,200,1121,1121
resnet,200,2505,2504
mobilenet,200,27,26
mobilenet,200,122,121
resnet,200,999,998
resnet,200,139,139
mobilenet,200,151,149
mobilenet,200,82,81
mobilenet,200,164,164
mobilenet,200,34,34
resnet,200,1527,1526
resnet,200,1975,1974
mobilenet,200,263,263
mobilenet,200,185,185
resnet,200,1050,1050
resnet,200,1678,1678
mobilenet,200,170,165
mobilenet,200,85,84
resnet,200,563,563
resnet,200,511,511
resnet,200,1259,1258
resnet,200,792,792
mobilenet,200,121,121
mobilenet,200,501,501
resnet,200,213,213
resnet,200,3387,3386
mobilenet,200,127,126
resnet,200,725,724
resnet,200,2537,2535
mobilenet,200,92,92
mobilenet,200,22,21
mobilenet,200,53,53
mobilenet,200,157,156
mobilenet,200,79,78
mobilenet,200,26,25
resnet,200,1627,1626
resnet,200,771,771
resnet,200,374,373
mobilenet,200,90,89
resnet,200,1033,1032
mobilenet,200,116,115
resnet,200,1691,1690
mobilenet,200,344,344
mobilenet,200,108,107
resnet,200,1850,1849
mobilenet,200,134,132
resnet,200,19010,19009
mobilenet,200,106,106
resnet,200,1212,1212
mobilenet,200,281,281
resnet,200,6809,6809
resnet,200,943,942
resnet,200,265,265
mobilenet,200,195,195
mobilenet,200,229,228
mobilenet,200,188,187
mobilenet,200,135,134
mobilenet,200,149,148
resnet,200,669,669
resnet,200,620,620
resnet,200,591,590
resnet,200,1561,1561
mobilenet,200,113,112
resnet,200,891,891
mobilenet,200,391,391
mobilenet,200,174,174
resnet,200,1776,1776
resnet,200,2423,2422
resnet,200,1912,1912
resnet,200,837,836
resnet,200,2575,2573
mobilenet,200,87,86
mobilenet,200,151,151
resnet,200,1190,1189
mobilenet,200,142,141
resnet,200,1629,1628
mobilenet,200,166,166
mobilenet,200,389,388
mobilenet,200,100,100
mobilenet,200,298,297
resnet,200,816,816
resnet,200,1252,1252
mobilenet,200,193,192
resnet,200,2365,2364
resnet,200,2371,2371
mobilenet,200,139,138
resnet,200,977,976
resnet,200,927,926
mobilenet,200,210,209
resnet,200,1681,1681
mobilenet,200,227,227
mobilenet,200,354,353
resnet,200,3597,3596
mobilenet,200,172,171
resnet,200,1210,1210
mobilenet,200,256,255
mobilenet,200,243,242
mobilenet,200,51,51
resnet,200,1055,1054
mobilenet,200,189,188
resnet,200,620,619
resnet,200,684,683
resnet,200,1024,1024
mobilenet,200,119,119
resnet,200,19856,19856
resnet,200,1014,1013
mobilenet,200,111,111
resnet,200,802,801
mobilenet,200,177,177
mobilenet,200,376,375
resnet,200,1960,1960
mobilenet,200,375,375
resnet,200,1689,1689
resnet,200,624,624
mobilenet,200,71,71
resnet,200,1658,1657
resnet,200,1700,1700
mobilenet,200,98,98
resnet,200,997,996
mobilenet,200,251,250
mobilenet,200,60,59
resnet,200,855,854
resnet,200,1379,1379
resnet,200,1269,1269
resnet,200,1759,1756
mobilenet,200,140,140
mobilenet,200,288,287
mobilenet,200,133,132
mobilenet,200,145,144
mobilenet,200,129,127
mobilenet,200,85,84
mobilenet,200,65,65
resnet,200,496,494
resnet,200,317,316
mobilenet,200,357,356
resnet,200,1065,1064
mobilenet,200,195,194
mobilenet,200,124,123
resnet,200,771,771
resnet,200,2158,2157
resnet,200,1056,1055
mobilenet,200,202,201
resnet,200,1902,1902
mobilenet,200,79,76
resnet,200,1998,1995
resnet,200,483,482
mobilenet,200,100,99
mobilenet,200,90,90
resnet,200,289,288
mobilenet,200,220,220
mobilenet,200,177,177
resnet,200,20346,20345
resnet,200,2935,2935
mobilenet,200,237,236
resnet,200,818,818
mobilenet,200,83,83
mobilenet,200,117,116
resnet,200,1916,1916
resnet,200,2809,2809
resnet,200,4049,4049
mobilenet,200,85,84
resnet,502,1251,1250
resnet,200,973,973
mobilenet,200,195,195
mobilenet,200,153,152
mobilenet,200,137,137
mobilenet,200,163,163
mobilenet,200,68,68
resnet,200,501,501
mobilenet,200,341,340
resnet,200,579,578
mobilenet,200,99,98
mobilenet,200,237,237
resnet,200,535,535
resnet,200,1293,1287
resnet,200,2064,2063
mobilenet,200,348,347
mobilenet,200,172,172
resnet,200,952,951
mobilenet,200,209,209
resnet,200,1496,1496
resnet,200,1835,1833
mobilenet,200,106,105
resnet,200,1528,1528
mobilenet,200,77,76
resnet,200,1901,1900
resnet,200,1608,1608
mobilenet,200,199,198
mobilenet,200,355,352
resnet,200,712,711
mobilenet,200,285,285
resnet,200,612,611
resnet,200,1052,1051
resnet,200,2847,2847
resnet,200,630,630
mobilenet,200,150,150
resnet,200,20998,20997
mobilenet,200,257,256
mobilenet,200,223,222
resnet,200,2185,2185
mobilenet,200,72,71
resnet,200,2300,2299
resnet,200,1481,1481
mobilenet,200,351,350
mobilenet,200,187,187
resnet,200,546,546
mobilenet,200,137,137
resnet,200,1335,1335
resnet,200,648,648
resnet,200,1416,1416
mobilenet,200,427,426
resnet,200,1067,1067
resnet,200,944,944
mobilenet,200,181,180
resnet,200,925,924
mobilenet,200,69,68
resnet,200,641,640
resnet,200,1536,1536
mobilenet,200,167,167
mobilenet,200,258,258
resnet,200,972,971
resnet,200,281,280
resnet,200,866,865
resnet,200,1227,1227
mobilenet,200,358,354
mobilenet,200,195,194
resnet,200,1771,1771
resnet,200,1585,1584
mobilenet,200,67,66
mobilenet,200,141,141
resnet,200,1716,1716
resnet,200,2179,2179
resnet,200,802,802
mobilenet,200,219,219
resnet,200,4918,4918
mobilenet,200,107,107
mobilenet,200,133,132
resnet,200,3079,3078
resnet,200,1906,1906
mobilenet,200,191,191
mobilenet,200,153,153
mobilenet,200,94,93
resnet,200,3469,3468
resnet,200,21380,21380
resnet,200,3128,3128
resnet,200,4314,4313
resnet,200,409,408
mobilenet,200,69,68
mobilenet,200,95,95
resnet,200,402,401
resnet,200,1107,1107
mobilenet,200,93,93
mobilenet,200,221,220
mobilenet,200,117,116
resnet,200,484,483
resnet,200,1750,1749
resnet,200,1173,1172
resnet,200,399,398
mobilenet,200,142,141
resnet,200,630,630
resnet,200,3558,3557
resnet,200,805,804
mobilenet,200,177,176
mobilenet,200,79,78
resnet,200,1870,1870
mobilenet,200,89,89
resnet,200,1667,1667
mobilenet,200,141,141
resnet,200,770,770
mobilenet,200,226,225
resnet,200,1123,1123
mobilenet,200,185,185
mobilenet,200,249,248
mobilenet,200,78,77
resnet,200,3066,3065
resnet,200,1547,1546
resnet,200,205,205
mobilenet,200,94,94
mobilenet,200,219,219
mobilenet,200,86,86
resnet,200,483,483
resnet,200,2098,2097
mobilenet,200,128,122
mobilenet,200,122,122
mobilenet,200,102,101
mobilenet,200,114,114
resnet,200,479,478
resnet,200,726,725
resnet,200,1978,1977
mobilenet,200,101,101
resnet,200,209,209
resnet,200,779,778
mobilenet,200,157,157
mobilenet,200,91,91
mobilenet,200,127,127
resnet,200,21871,21870
resnet,200,1897,1896
mobilenet,200,128,128
mobilenet,200,258,258
resnet,200,2393,2392
resnet,200,1534,1534
mobilenet,200,221,221
mobilenet,200,162,162
resnet,200,1684,1683
mobilenet,200,127,126
resnet,200,1820,1819
resnet,200,954,954
mobilenet,200,98,97
mobilenet,200,215,214
resnet,200,267,267
mobilenet,200,433,432
resnet,200,1994,1994
mobilenet,200,113,112
resnet,200,2310,2310
resnet,200,1806,1806
resnet,502,405,404
mobilenet,200,413,412
mobilenet,200,74,73
resnet,200,1421,1420
resnet,200,709,709
mobilenet,200,237,237
mobilenet,200,153,152
mobilenet,200,144,143
mobilenet,200,291,291
mobilenet,200,190,190
mobilenet,200,143,142
mobilenet,200,362,361
mobilenet,200,371,371
mobilenet,200,76,76
resnet,200,3568,3568
resnet,200,1997,1997
resnet,200,2312,2311
resnet,200,2180,2180
mobilenet,200,200,199
resnet,200,1107,1106
resnet,200,542,541
mobilenet,200,171,171
resnet,200,1024,1024
resnet,200,734,733
resnet,200,2245,2238
resnet,200,1536,1536
mobilenet,200,322,320
mobilenet,200,147,146
resnet,200,1445,1445
mobilenet,200,98,98
resnet,200,22427,22426
mobilenet,200,125,125
resnet,200,1803,1803
resnet,200,1120,1117
mobilenet,200,120,119
resnet,200,1234,1234
mobilenet,200,235,234
mobilenet,200,213,212
resnet,200,795,794
mobilenet,200,236,236
mobilenet,200,133,132
mobilenet,200,145,145
resnet,200,1124,1123
resnet,200,332,331
mobilenet,200,244,244
resnet,200,2206,2206
mobilenet,200,116,115
resnet,200,290,289
resnet,200,1562,1561
resnet,200,2157,2156
mobilenet,200,255,255
mobilenet,200,238,237
resnet,200,905,904
resnet,200,2315,2314
mobilenet,200,285,284
resnet,200,2326,2325
mobilenet,200,190,190
mobilenet,200,216,216
resnet,200,699,698
mobilenet,200,83,82
resnet,200,369,369
resnet,200,2006,2005
mobilenet,200,311,310
mobilenet,200,267,266
resnet,200,1651,1651
mobilenet,200,123,123
resnet,200,428,426
mobilenet,200,227,226
resnet,200,528,527
resnet,200,213,213
mobilenet,200,112,111
resnet,200,1639,1639
resnet,200,1838,1837
resnet,200,1223,1222
resnet,200,852,849
resnet,200,1046,1045
mobilenet,200,120,119
mobilenet,200,66,66
resnet,200,1545,1545
mobilenet,200,89,88
resnet,200,1822,1822
mobilenet,200,60,60
resnet,200,880,880
resnet,200,1187,1186
resnet,200,23138,23137
mobilenet,200,437,436
mobilenet,200,72,72
resnet,200,491,491
resnet,200,396,396
mobilenet,200,90,90
resnet,200,3282,3281
mobilenet,200,226,220
mobilenet,200,126,125
resnet,200,1904,1904
resnet,200,2367,2366
mobilenet,200,226,225
mobilenet,200,304,304
resnet,200,475,470
resnet,200,1631,1630
mobilenet,200,136,135
resnet,200,492,491
mobilenet,200,176,175
resnet,200,2147,2147
resnet,200,559,558
resnet,200,2571,2570
mobilenet,200,333,332
mobilenet,200,280,280
resnet,200,2899,2899
mobilenet,200,120,119
resnet,200,559,558
mobilenet,200,135,135
resnet,200,1987,1987
mobilenet,200,272,272
mobilenet,200,152,152
resnet,200,518,517
mobilenet,200,320,320
mobilenet,200,357,356
resnet,200,3523,3523
resnet,200,1299,1299
resnet,200,2735,2734
mobilenet,200,243,243
mobilenet,200,340,340
resnet,502,195,194
resnet,200,1789,1789
mobilenet,200,192,192
mobilenet,200,303,302
mobilenet,200,267,266
resnet,200,1382,1382
mobilenet,200,234,233
resnet,200,224,223
mobilenet,200,273,272
mobilenet,200,200,200
resnet,200,1080,1080
resnet,200,2723,2722
mobilenet,200,186,183
mobilenet,200,293,293
resnet,200,2861,2860
resnet,200,1064,1064
mobilenet,200,540,539
mobilenet,200,204,204
resnet,200,1634,1633
resnet,200,2045,2045
mobilenet,200,215,214
mobilenet,200,354,353
resnet,200,412,412
mobilenet,200,273,273
mobilenet,200,80,80
mobilenet,200,155,155
resnet,200,23821,23821
mobilenet,200,300,299
mobilenet,200,216,215
mobilenet,200,240,239
mobilenet,200,193,192
resnet,200,847,847
mobilenet,200,165,164
mobilenet,200,180,179
resnet,200,826,825
resnet,200,2281,2280
mobilenet,200,265,265
mobilenet,200,224,223
resnet,200,490,490
resnet,200,221,221
mobilenet,200,176,176
resnet,200,508,507
mobilenet,200,246,245
mobilenet,200,450,449
resnet,200,748,748
mobilenet,200,68,68
resnet,200,2844,2843
resnet,200,2212,2211
resnet,200,246,244
mobilenet,200,126,125
mobilenet,200,206,206
mobilenet,200,196,196
mobilenet,200,120,119
resnet,200,2424,2423
resnet,200,435,434
resnet,200,3031,3030
mobilenet,200,152,151
resnet,200,1724,1723
mobilenet,200,415,415
mobilenet,200,166,165
resnet,200,1979,1977
resnet,200,402,401
mobilenet,200,69,68
resnet,200,2065,2065
mobilenet,200,77,77
resnet,200,2017,2016
resnet,200,411,410
mobilenet,200,181,180
resnet,200,1396,1395
mobilenet,200,134,133
mobilenet,200,330,329
resnet,200,131,131
mobilenet,200,81,80
mobilenet,200,208,208
resnet,200,253,253
mobilenet,200,73,73
resnet,200,8259,8259
resnet,200,2433,2433
mobilenet,200,386,386
resnet,200,1224,1224
mobilenet,200,356,356
resnet,200,878,877
resnet,200,24550,24550
mobilenet,200,82,82
resnet,200,1283,1283
mobilenet,200,204,203
mobilenet,200,85,85
mobilenet,200,240,240
resnet,200,1611,1610
mobilenet,200,79,78
mobilenet,200,97,97
resnet,200,1073,1072
mobilenet,200,63,62
resnet,200,881,881
mobilenet,200,72,72
resnet,200,2517,2517
resnet,200,4282,4281
mobilenet,200,116,116
mobilenet,200,84,83
mobilenet,200,100,100
mobilenet,200,363,362
resnet,200,2016,2016
mobilenet,200,77,77
mobilenet,200,311,311
resnet,200,127,127
resnet,200,1083,1082
resnet,200,2183,2183
mobilenet,200,134,134
mobilenet,200,110,109
resnet,200,734,733
resnet,200,3681,3681
mobilenet,200,74,73
resnet,200,477,477
resnet,200,2617,2617
resnet,200,521,519
mobilenet,200,190,189
mobilenet,200,77,77
mobilenet,200,157,156
mobilenet,200,134,134
resnet,200,1927,1926
resnet,200,1746,1746
mobilenet,200,671,670
mobilenet,200,100,99
mobilenet,200,77,77
mobilenet,200,167,167
mobilenet,200,195,194
mobilenet,200,128,128
mobilenet,200,112,112
mobilenet,200,90,89
resnet,200,639,639
resnet,200,998,997
mobilenet,200,192,192
mobilenet,200,290,289
resnet,200,2392,2392
mobilenet,200,189,188
mobilenet,200,219,218
mobilenet,200,171,171
resnet,200,1003,1002
resnet,200,768,768
resnet,200,1542,1541
mobilenet,200,234,233
resnet,200,2179,2179
resnet,200,2467,2466
resnet,200,25221,25221
resnet,200,277,277
resnet,200,1440,1438
resnet,200,1780,1779
mobilenet,200,279,278
resnet,200,826,825
resnet,200,1120,1120
mobilenet,200,254,254
mobilenet,200,189,188
resnet,200,1713,1712
mobilenet,200,159,158
mobilenet,200,421,421
mobilenet,200,212,211
mobilenet,200,170,169
mobilenet,200,79,78
resnet,200,1742,1742
mobilenet,200,72,71
mobilenet,200,98,98
resnet,200,877,877
resnet,200,2886,2886
mobilenet,200,446,445
mobilenet,200,316,315
mobilenet,200,223,223
mobilenet,200,218,218
resnet,200,3106,3105
mobilenet,200,101,101
resnet,200,1332,1332
resnet,200,1158,1157
resnet,200,127,126
mobilenet,200,139,138
resnet,200,4095,4094
resnet,200,2580,2579
mobilenet,200,138,138
mobilenet,200,200,200
resnet,200,25741,25740
resnet,200,668,667
resnet,200,1193,1192
resnet,200,2835,2835
mobilenet,200,159,158
resnet,200,1212,1212
resnet,200,4371,4371
mobilenet,200,134,134
mobilenet,200,163,163
resnet,200,130,130
resnet,200,2851,2850
mobilenet,200,218,217
mobilenet,200,110,109
resnet,200,846,846
mobilenet,200,233,232
resnet,200,1470,1470
mobilenet,200,158,157
resnet,200,2661,2660
mobilenet,200,232,232
resnet,200,2084,2083
resnet,200,271,271
mobilenet,200,226,225
mobilenet,200,163,163
resnet,200,1453,1452
resnet,200,1289,1289
resnet,200,884,884
resnet,200,302,301
mobilenet,200,85,85
mobilenet,200,61,57
resnet,200,1365,1364
resnet,200,1379,1378
mobilenet,200,143,142
resnet,200,1832,1832
resnet,200,829,828
mobilenet,200,291,291
mobilenet,200,44,43
mobilenet,200,246,245
resnet,200,1802,1801
mobilenet,200,99,98
mobilenet,200,41,40
mobilenet,200,197,197
mobilenet,200,73,73
resnet,200,323,323
resnet,200,1312,1311
mobilenet,200,114,114
mobilenet,200,98,93
resnet,200,2693,2692
resnet,200,1085,1084
mobilenet,200,93,93
mobilenet,200,202,202
mobilenet,200,231,231
resnet,200,1515,1515
resnet,200,952,951
mobilenet,200,37,37
mobilenet,200,96,95
mobilenet,200,287,286
mobilenet,200,29,29
mobilenet,200,169,169
mobilenet,200,89,89
resnet,200,743,742
resnet,502,413,412
resnet,200,3949,3948
resnet,200,3233,3233
mobilenet,200,394,393
mobilenet,200,78,78
resnet,200,377,376
mobilenet,200,86,86
resnet,200,26832,26832
mobilenet,200,71,71
resnet,200,1805,1804
mobilenet,200,194,193
mobilenet,200,226,225
resnet,200,1445,1444
mobilenet,200,92,91
resnet,200,360,360
resnet,200,1974,1973
resnet,200,1237,1237
mobilenet,200,219,218
mobilenet,200,86,85
resnet,200,1457,1457
mobilenet,200,408,408
mobilenet,200,153,153
mobilenet,200,155,155
resnet,200,2375,2375
mobilenet,200,255,254
resnet,200,4148,4147
mobilenet,200,115,115
resnet,200,1936,1935
resnet,200,663,662
mobilenet,200,107,107
resnet,200,1931,1931
resnet,200,3578,3577
resnet,200,2058,2058
mobilenet,200,129,129
resnet,200,829,828
resnet,200,2619,2619
resnet,200,1459,1458
mobilenet,200,96,96
resnet,200,749,748
resnet,200,750,750
resnet,200,920,919
resnet,200,2234,2234
mobilenet,200,192,191
mobilenet,200,450,449
mobilenet,200,101,100
mobilenet,200,97,96
mobilenet,200,211,210
mobilenet,200,203,202
mobilenet,200,133,132
resnet,502,1027,1026
resnet,200,4360,4359
mobilenet,200,192,192
resnet,200,611,611
resnet,200,27471,27471
mobilenet,200,131,130
resnet,200,1000,1000
resnet,200,2612,2611
resnet,200,929,928
resnet,200,1504,1503
resnet,200,3138,3137
mobilenet,200,149,148
mobilenet,200,494,493
resnet,200,1424,1418
resnet,200,762,761
mobilenet,200,348,347
resnet,200,1754,1754
resnet,200,2350,2350
resnet,200,2093,2092
mobilenet,200,163,162
resnet,200,766,765
resnet,200,980,980
mobilenet,200,303,302
resnet,200,835,835
resnet,200,4958,4957
resnet,200,1104,1103
mobilenet,200,212,212
mobilenet,200,132,131
mobilenet,200,131,131
resnet,200,1674,1673
resnet,200,2590,2590
resnet,200,4156,4155
mobilenet,200,491,490
resnet,200,583,582
resnet,200,3344,3344
resnet,200,1735,1735
resnet,200,2373,2373
mobilenet,200,161,160
mobilenet,200,76,75
resnet,200,3084,3084
resnet,200,1675,1675
resnet,502,1199,1198
resnet,200,873,873
resnet,200,621,620
mobilenet,200,79,79
mobilenet,200,197,197
resnet,200,912,911
resnet,200,765,763
mobilenet,200,90,89
resnet,200,767,767
mobilenet,200,147,146
mobilenet,200,97,97
resnet,200,28071,28070
resnet,200,3832,3832
resnet,200,1873,1873
mobilenet,200,97,97
mobilenet,200,223,222
resnet,200,125,124
mobilenet,200,197,196
resnet,200,2235,2234
resnet,200,1435,1435
mobilenet,200,148,147
mobilenet,200,158,157
mobilenet,200,263,262
mobilenet,200,81,80
resnet,200,1295,1295
mobilenet,200,128,127
mobilenet,200,160,160
resnet,200,2266,2264
mobilenet,200,107,106
mobilenet,200,241,241
mobilenet,200,227,222
mobilenet,200,253,253
resnet,200,136,136
resnet,200,398,397
resnet,200,2609,2608
resnet,200,398,398
mobilenet,200,307,305
resnet,200,2728,2727
resnet,200,1634,1633
mobilenet,200,387,386
mobilenet,200,139,139
mobilenet,200,94,93
mobilenet,200,164,164
resnet,200,1058,1057
resnet,200,28129,28129
resnet,200,1580,1580
resnet,200,901,900
resnet,200,1680,1680
resnet,200,2862,2862
mobilenet,200,434,433
mobilenet,200,308,307
mobilenet,200,203,202
resnet,200,1497,1492
resnet,200,4095,4094
resnet,200,876,875
resnet,200,2413,2411
mobilenet,200,191,190
resnet,200,2175,2174
mobilenet,200,364,363
mobilenet,200,239,238
resnet,200,3283,3283
mobilenet,200,171,171
resnet,200,751,751
resnet,200,1409,1408
resnet,200,1022,1022
resnet,200,1785,1785
mobilenet,200,448,444
mobilenet,200,136,133
resnet,200,405,405
mobilenet,200,376,375
mobilenet,200,281,280
mobilenet,200,189,186
mobilenet,200,407,405
mobilenet,200,172,171
resnet,200,935,935
mobilenet,200,193,192
mobilenet,200,268,268
resnet,200,5401,5401
resnet,200,2557,2556
resnet,200,510,509
mobilenet,200,188,187
resnet,200,2205,2205
mobilenet,200,420,420
resnet,200,1094,1094
resnet,200,1567,1566
mobilenet,200,341,340
mobilenet,200,107,106
mobilenet,200,107,107
mobilenet,200,260,259
resnet,200,2280,2279
resnet,200,27091,27090
resnet,200,1473,1471
resnet,200,6023,6023
resnet,200,5689,5689
mobilenet,200,158,158
mobilenet,200,224,224
mobilenet,200,218,217
mobilenet,200,114,113
resnet,200,2319,2318
resnet,200,214,213
resnet,200,1678,1677
resnet,200,1492,1491
mobilenet,200,129,129
mobilenet,200,173,172
resnet,200,1051,1050
resnet,200,1844,1843
resnet,200,1779,1778
resnet,200,1157,1157
resnet,200,996,995
resnet,200,4200,4199
resnet,200,1214,1214
resnet,200,308,307
mobilenet,200,243,242
resnet,200,2098,2098
mobilenet,200,397,397
resnet,200,433,432
resnet,200,2102,2102
resnet,200,2120,2120
resnet,200,1388,1387
resnet,200,1694,1693
resnet,200,662,662
resnet,200,1329,1328
resnet,200,2215,2215
resnet,200,682,681
resnet,200,2750,2749
resnet,200,27518,27518
resnet,200,1391,1390
resnet,200,1881,1880
resnet,200,1220,1219
resnet,200,925,925
resnet,200,3231,3231
resnet,200,1314,1314
resnet,200,855,854
resnet,200,2949,2949
resnet,200,1508,1508
resnet,200,4249,4249
resnet,200,1200,1199
resnet,200,2253,2253
resnet,200,1144,1143
resnet,200,2814,2814
resnet,200,2188,2187
resnet,200,1640,1640
resnet,200,802,801
resnet,200,2296,2296
resnet,200,1312,1311
resnet,200,1650,1649
resnet,200,937,937
resnet,200,1808,1808
resnet,200,1005,1004
resnet,200,3678,3678
resnet,200,3087,3086
resnet,200,2083,2082
resnet,200,28029,28029
resnet,200,3092,3091
resnet,200,1599,1599
resnet,200,2395,2395
resnet,200,1695,1694
resnet,200,2863,2862
resnet,200,1739,1738
resnet,200,1603,1603
resnet,200,28291,28290
resnet,200,2319,2318
resnet,200,2963,2963
resnet,200,4419,4419
resnet,200,2274,2274
resnet,200,3304,3304
resnet,200,28298,28298
resnet,200,6031,6030
resnet,200,28134,28133
resnet,200,4150,4149
resnet,200,2528,2527
resnet,200,27890,27889
resnet,200,3662,3661
resnet,200,29011,29010
resnet,200,2682,2681
resnet,200,29110,29110
resnet,200,2672,2669
resnet,200,3370,3369
resnet,200,2601,2600
resnet,200,29296,29295
resnet,200,29467,29467
resnet,200,4344,4343
resnet,200,29573,29573
resnet,200,29754,29753
resnet,200,29833,29832
resnet,200,29804,29804
resnet,200,29896,29895
resnet,200,30011,30011
resnet,200,30172,30172
resnet,200,30356,30355
resnet,200,30445,30444
