function,status,duration_ms,upstream_ms
mobilenet,200,2479,2479
mobilenet,200,498,497
mobilenet,200,35,33
resnet,200,2195,2193
mobilenet,200,25,23
resnet,200,186,184
mobilenet,200,69,67
mobilenet,200,27,26
mobilenet,200,48,46
mobilenet,200,68,66
resnet,200,256,254
resnet,200,150,148
resnet,200,341,339
mobilenet,200,61,59
resnet,200,355,354
resnet,200,159,158
mobilenet,200,55,53
mobilenet,200,24,23
resnet,200,142,141
resnet,200,294,293
resnet,200,215,213
resnet,200,181,180
mobilenet,200,35,32
mobilenet,200,26,24
resnet,200,140,138
resnet,200,340,338
mobilenet,200,47,46
mobilenet,200,74,72
mobilenet,200,30,29
mobilenet,200,42,41
mobilenet,200,29,27
resnet,200,367,365
resnet,200,171,169
resnet,200,330,329
mobilenet,200,46,44
resnet,200,338,337
mobilenet,200,21,19
mobilenet,200,41,36
mobilenet,200,23,22
resnet,200,156,155
resnet,200,296,294
mobilenet,200,44,42
resnet,200,313,311
mobilenet,200,28,26
resnet,200,299,298
resnet,200,138,137
mobilenet,200,64,62
resnet,200,313,311
resnet,200,224,222
resnet,200,318,316
resnet,200,179,177
mobilenet,200,81,80
resnet,200,133,132
resnet,200,272,270
resnet,200,208,207
mobilenet,200,29,28
resnet,200,411,406
mobilenet,200,30,28
mobilenet,200,49,47
mobilenet,200,29,27
resnet,200,133,132
mobilenet,200,79,78
resnet,200,303,302
resnet,200,233,231
resnet,200,338,336
mobilenet,200,72,71
mobilenet,200,29,28
resnet,200,133,131
resnet,200,303,302
resnet,200,136,134
mobilenet,200,75,74
mobilenet,200,62,61
resnet,200,200,199
mobilenet,200,56,54
mobilenet,200,61,59
resnet,200,239,238
mobilenet,200,61,59
resnet,200,343,341
mobilenet,200,48,46
resnet,200,350,349
mobilenet,200,22,20
resnet,200,323,320
mobilenet,200,21,19
mobilenet,200,34,32
mobilenet,200,45,44
resnet,200,140,138
mobilenet,200,59,54
resnet,200,371,370
mobilenet,200,59,57
resnet,200,332,330
mobilenet,200,46,44
resnet,200,306,304
resnet,200,144,143
resnet,200,299,297
mobilenet,200,31,29
mobilenet,200,48,47
mobilenet,200,57,55
mobilenet,200,25,23
mobilenet,200,44,42
mobilenet,200,31,29
mobilenet,200,22,20
mobilenet,200,28,27
resnet,200,328,326
mobilenet,200,22,20
resnet,200,304,302
mobilenet,200,26,25
resnet,200,254,252
resnet,200,163,162
mobilenet,200,22,20
mobilenet,200,35,33
resnet,200,208,207
resnet,200,174,173
resnet,200,385,383
mobilenet,200,53,52
mobilenet,200,70,65
resnet,200,192,191
resnet,200,186,184
mobilenet,200,77,75
mobilenet,200,29,28
resnet,200,219,217
resnet,200,396,395
resnet,200,270,268
mobilenet,200,29,28
resnet,200,176,175
mobilenet,200,49,47
mobilenet,200,21,20
mobilenet,200,22,20
resnet,200,395,393
resnet,200,263,261
resnet,200,207,206
mobilenet,200,24,22
mobilenet,200,90,88
resnet,200,172,171
resnet,200,198,196
resnet,200,370,368
mobilenet,200,45,44
mobilenet,200,82,80
mobilenet,200,52,51
resnet,200,184,183
mobilenet,200,35,33
resnet,200,299,297
mobilenet,200,37,35
mobilenet,200,34,32
mobilenet,200,22,21
mobilenet,200,112,110
mobilenet,200,86,84
mobilenet,200,29,27
mobilenet,200,27,26
mobilenet,200,52,50
mobilenet,200,23,22
resnet,200,140,138
mobilenet,200,85,84
resnet,200,224,223
resnet,200,186,184
mobilenet,200,73,70
resnet,200,150,149
resnet,200,198,196
mobilenet,200,71,69
mobilenet,200,26,24
mobilenet,200,34,32
resnet,200,323,321
resnet,200,187,186
mobilenet,200,40,38
resnet,200,135,133
resnet,200,198,196
resnet,200,324,322
mobilenet,200,45,44
resnet,200,321,319
mobilenet,200,25,24
resnet,200,316,315
mobilenet,200,25,23
mobilenet,200,32,30
resnet,200,322,321
mobilenet,200,22,20
resnet,200,328,327
resnet,200,135,134
resnet,200,195,193
mobilenet,200,71,68
resnet,200,137,135
mobilenet,200,45,43
resnet,200,339,337
resnet,200,205,203
resnet,200,294,293
resnet,200,199,198
mobilenet,200,77,72
mobilenet,200,22,21
mobilenet,200,37,35
mobilenet,200,84,81
mobilenet,200,28,26
mobilenet,200,28,26
resnet,200,417,416
mobilenet,200,47,45
mobilenet,200,86,84
mobilenet,200,21,20
mobilenet,200,21,20
resnet,200,319,317
mobilenet,200,25,23
mobilenet,200,61,59
resnet,200,271,270
mobilenet,200,57,55
resnet,200,299,298
mobilenet,200,40,35
mobilenet,200,48,47
mobilenet,200,22,21
mobilenet,200,32,31
mobilenet,200,32,31
resnet,200,157,155
resnet,200,192,191
mobilenet,200,31,29
mobilenet,200,21,20
resnet,200,169,168
mobilenet,200,47,45
resnet,200,147,146
resnet,200,160,158
resnet,200,344,342
mobilenet,200,48,47
mobilenet,200,75,73
resnet,200,228,226
mobilenet,200,28,27
resnet,200,359,356
resnet,200,206,205
mobilenet,200,38,37
mobilenet,200,26,24
mobilenet,200,33,32
resnet,200,258,257
mobilenet,200,37,35
resnet,200,351,349
resnet,200,220,219
resnet,200,349,348
mobilenet,200,35,33
resnet,200,346,345
resnet,200,167,166
resnet,200,300,298
resnet,200,139,137
resnet,200,262,257
mobilenet,200,35,34
resnet,200,135,134
resnet,200,321,319
mobilenet,200,21,20
resnet,200,225,223
mobilenet,200,27,26
resnet,200,137,135
resnet,200,302,301
resnet,200,204,202
resnet,200,211,210
mobilenet,200,89,84
resnet,200,135,134
mobilenet,200,39,37
mobilenet,200,41,40
resnet,200,139,137
mobilenet,200,33,32
resnet,200,306,305
mobilenet,200,30,29
mobilenet,200,36,34
mobilenet,200,23,21
mobilenet,200,22,20
resnet,200,291,289
mobilenet,200,31,30
resnet,200,171,169
resnet,200,294,293
mobilenet,200,48,45
mobilenet,200,39,37
resnet,200,362,360
mobilenet,200,25,24
resnet,200,251,250
mobilenet,200,26,25
resnet,200,171,170
resnet,200,257,255
resnet,200,148,146
resnet,200,218,217
resnet,200,352,350
resnet,200,186,184
resnet,200,363,361
resnet,200,147,145
resnet,200,364,362
mobilenet,200,52,51
resnet,200,280,278
resnet,200,173,171
resnet,200,136,135
resnet,200,302,301
mobilenet,200,42,41
mobilenet,200,42,40
resnet,200,383,383
mobilenet,200,50,49
mobilenet,200,26,24
resnet,200,134,133
resnet,200,291,290
resnet,200,176,175
mobilenet,200,99,98
resnet,200,378,376
mobilenet,200,36,35
resnet,200,330,328
mobilenet,200,59,59
resnet,200,260,258
resnet,200,172,170
mobilenet,200,41,40
mobilenet,200,44,42
resnet,200,210,208
mobilenet,200,49,47
resnet,200,8147,3234
mobilenet,200,3281,46
mobilenet,200,79,73
mobilenet,200,122,117
mobilenet,200,146,142
mobilenet,200,165,164
resnet,200,4841,1573
mobilenet,200,190,187
mobilenet,200,217,214
mobilenet,200,254,250
mobilenet,200,273,269
mobilenet,200,295,289
mobilenet,200,331,330
mobilenet,200,352,350
mobilenet,200,74,74
resnet,200,406,402
mobilenet,200,48,43
resnet,200,750,746
resnet,200,1100,1095
mobilenet,200,24,23
resnet,200,1340,1338
resnet,200,1478,1477
mobilenet,200,33,32
resnet,200,306,302
resnet,200,149,149
mobilenet,200,25,19
mobilenet,200,24,23
mobilenet,200,65,61
mobilenet,200,50,49
resnet,200,256,255
mobilenet,200,33,31
resnet,200,366,364
mobilenet,200,52,50
mobilenet,200,46,45
resnet,200,262,261
mobilenet,200,27,26
mobilenet,200,44,43
resnet,200,154,154
resnet,200,185,183
resnet,200,339,339
resnet,200,162,162
mobilenet,200,64,62
resnet,200,233,231
resnet,200,228,226
mobilenet,200,36,36
mobilenet,200,28,27
resnet,200,232,230
resnet,200,398,396
resnet,200,246,244
resnet,200,279,277
mobilenet,200,62,62
resnet,200,378,377
mobilenet,200,41,41
resnet,200,323,321
mobilenet,200,28,28
resnet,200,360,359
resnet,200,158,157
resnet,200,289,288
resnet,200,143,141
resnet,200,214,214
mobilenet,200,94,93
mobilenet,200,39,38
mobilenet,200,72,71
resnet,200,323,322
mobilenet,200,33,32
resnet,200,337,335
resnet,200,167,166
mobilenet,200,58,58
resnet,200,258,257
resnet,200,217,216
mobilenet,200,62,61
resnet,200,151,150
resnet,200,188,186
resnet,200,360,359
resnet,200,145,145
resnet,200,251,250
mobilenet,200,28,27
mobilenet,200,22,21
mobilenet,200,28,27
mobilenet,200,41,39
mobilenet,200,29,27
resnet,200,164,162
resnet,200,320,320
mobilenet,200,43,42
mobilenet,200,33,33
mobilenet,200,57,57
mobilenet,200,21,20
mobilenet,200,41,39
mobilenet,200,44,42
resnet,200,256,256
mobilenet,200,44,41
resnet,200,368,367
mobilenet,200,54,52
resnet,200,299,296
resnet,200,149,147
resnet,200,238,237
mobilenet,200,29,27
resnet,200,137,137
mobilenet,200,78,76
resnet,200,216,214
mobilenet,200,44,42
mobilenet,200,36,34
resnet,200,157,155
mobilenet,200,28,26
resnet,200,326,326
mobilenet,200,32,30
resnet,200,314,312
resnet,200,186,185
resnet,200,240,238
mobilenet,200,36,34
mobilenet,200,31,30
mobilenet,200,39,38
mobilenet,200,38,38
mobilenet,200,28,26
mobilenet,200,33,31
mobilenet,200,30,28
resnet,200,204,203
resnet,200,148,146
mobilenet,200,48,47
resnet,200,156,156
resnet,200,192,191
resnet,200,359,357
mobilenet,200,28,27
mobilenet,200,58,55
mobilenet,200,44,43
mobilenet,200,61,59
mobilenet,200,88,86
mobilenet,200,38,38
mobilenet,200,62,60
resnet,200,250,248
resnet,200,172,171
mobilenet,200,46,44
resnet,200,195,193
resnet,200,175,174
resnet,200,306,306
mobilenet,200,27,25
mobilenet,200,92,90
resnet,200,200,200
resnet,200,207,205
mobilenet,200,92,91
mobilenet,200,57,55
resnet,200,182,180
mobilenet,200,44,44
resnet,200,161,160
resnet,200,176,174
mobilenet,200,37,35
resnet,200,393,392
resnet,200,247,245
resnet,200,326,324
resnet,200,268,268
resnet,200,261,260
mobilenet,200,43,41
resnet,200,371,370
resnet,200,177,175
resnet,200,367,365
mobilenet,200,31,30
mobilenet,200,73,71
resnet,200,143,142
mobilenet,200,63,61
mobilenet,200,69,67
resnet,200,136,134
mobilenet,200,45,43
resnet,200,410,408
resnet,200,263,261
resnet,200,212,211
mobilenet,200,28,26
mobilenet,200,100,98
resnet,200,186,184
resnet,200,195,193
mobilenet,200,75,73
mobilenet,200,28,27
mobilenet,200,64,63
mobilenet,200,73,71
resnet,200,401,398
mobilenet,200,63,62
resnet,200,321,320
mobilenet,200,56,54
resnet,200,340,338
resnet,200,194,193
resnet,200,414,412
mobilenet,200,61,60
mobilenet,200,68,67
mobilenet,200,31,30
mobilenet,200,24,23
resnet,200,333,331
resnet,200,153,151
resnet,200,329,328
resnet,200,138,137
resnet,200,218,217
resnet,200,404,403
resnet,200,304,302
resnet,200,185,183
resnet,200,178,177
resnet,200,327,325
resnet,200,159,158
mobilenet,200,88,87
resnet,200,139,138
resnet,200,210,208
resnet,200,334,333
resnet,200,200,198
resnet,200,318,316
mobilenet,200,75,73
mobilenet,200,57,55
resnet,200,222,221
resnet,200,195,194
resnet,200,335,334
mobilenet,200,22,20
mobilenet,200,72,71
resnet,200,374,372
resnet,200,240,238
resnet,200,300,298
mobilenet,200,63,62
resnet,200,332,330
resnet,200,181,179
mobilenet,200,39,38
mobilenet,200,23,21
resnet,200,144,143
mobilenet,200,65,63
mobilenet,200,93,92
mobilenet,200,26,25
mobilenet,200,88,86
resnet,200,149,148
mobilenet,200,37,36
mobilenet,200,36,34
resnet,200,157,155
resnet,200,205,203
mobilenet,200,81,79
resnet,200,155,153
mobilenet,200,96,95
mobilenet,200,69,67
resnet,200,147,145
mobilenet,200,62,60
mobilenet,200,62,60
resnet,200,150,148
resnet,200,319,318
resnet,200,151,150
mobilenet,200,71,69
resnet,200,294,293
mobilenet,200,27,25
resnet,200,361,359
resnet,200,165,164
resnet,200,307,305
resnet,200,193,192
resnet,200,305,303
resnet,200,181,180
mobilenet,200,27,26
resnet,200,289,288
resnet,200,139,137
resnet,200,284,283
resnet,200,189,188
resnet,200,179,178
mobilenet,200,93,91
mobilenet,200,28,27
resnet,200,170,168
mobilenet,200,77,75
resnet,200,138,137
mobilenet,200,35,33
resnet,200,315,314
mobilenet,200,25,24
mobilenet,200,65,64
mobilenet,200,33,31
resnet,200,142,140
resnet,200,312,310
mobilenet,200,34,32
resnet,200,365,363
resnet,200,218,216
mobilenet,200,32,30
resnet,200,145,143
resnet,200,295,294
resnet,200,183,181
resnet,200,167,165
resnet,200,360,359
resnet,200,142,140
mobilenet,200,39,38
resnet,200,343,341
resnet,200,264,262
resnet,200,213,211
resnet,200,214,212
mobilenet,200,58,57
resnet,200,138,136
resnet,200,276,275
resnet,200,192,191
resnet,200,173,172
mobilenet,200,44,42
mobilenet,200,23,21
resnet,200,162,160
mobilenet,200,53,52
mobilenet,200,28,27
resnet,200,135,134
resnet,200,231,229
resnet,200,297,296
mobilenet,200,34,33
mobilenet,200,45,43
resnet,200,148,146
mobilenet,200,85,83
mobilenet,200,74,72
resnet,200,131,129
resnet,200,229,227
mobilenet,200,66,65
mobilenet,200,28,26
resnet,200,267,266
mobilenet,200,45,43
resnet,200,142,140
resnet,200,279,277
mobilenet,200,31,30
mobilenet,200,41,40
resnet,200,358,356
resnet,200,137,135
resnet,200,290,288
mobilenet,200,35,34
resnet,200,187,186
mobilenet,200,73,71
mobilenet,200,31,30
resnet,200,193,191
mobilenet,200,58,56
mobilenet,200,21,20
mobilenet,200,60,59
mobilenet,200,46,44
resnet,200,219,218
mobilenet,200,60,59
mobilenet,200,50,48
resnet,200,231,229
mobilenet,200,25,23
mobilenet,200,88,86
mobilenet,200,36,34
mobilenet,200,32,30
resnet,200,275,273
mobilenet,200,21,20
mobilenet,200,21,20
resnet,200,337,335
mobilenet,200,23,22
mobilenet,200,55,54
resnet,200,299,298
mobilenet,200,28,27
mobilenet,200,37,35
mobilenet,200,43,42
resnet,200,166,165
mobilenet,200,83,81
resnet,200,352,351
resnet,200,232,230
mobilenet,200,90,89
resnet,200,153,151
mobilenet,200,88,87
mobilenet,200,82,80
mobilenet,200,31,30
resnet,200,238,236
resnet,200,276,275
resnet,200,229,228
mobilenet,200,45,43
mobilenet,200,21,19
resnet,200,154,153
resnet,200,367,362
resnet,200,143,141
resnet,200,290,289
mobilenet,200,40,39
resnet,200,225,223
resnet,200,318,317
mobilenet,200,37,35
resnet,200,348,346
mobilenet,200,29,27
mobilenet,200,52,50
mobilenet,200,34,32
resnet,200,134,133
mobilenet,200,31,30
resnet,200,400,397
mobilenet,200,29,27
resnet,200,309,308
resnet,200,153,152
mobilenet,200,32,31
resnet,200,342,340
mobilenet,200,30,29
mobilenet,200,53,50
resnet,200,227,225
mobilenet,200,32,31
resnet,200,269,267
resnet,200,159,158
mobilenet,200,34,32
mobilenet,200,48,46
resnet,200,130,129
mobilenet,200,30,28
resnet,200,344,343
resnet,200,189,187
mobilenet,200,45,43
resnet,200,140,138
mobilenet,200,48,46
mobilenet,200,32,28
mobilenet,200,21,20
resnet,200,167,165
resnet,200,381,379
resnet,200,189,188
resnet,200,332,331
mobilenet,200,31,29
mobilenet,200,40,39
mobilenet,200,38,37
mobilenet,200,28,26
resnet,200,266,264
resnet,200,230,229
resnet,200,222,220
resnet,200,420,419
mobilenet,200,31,29
resnet,200,389,388
resnet,200,207,205
resnet,200,350,349
resnet,200,252,250
mobilenet,200,26,24
mobilenet,200,28,27
mobilenet,200,39,38
mobilenet,200,24,22
resnet,200,152,150
resnet,200,316,314
mobilenet,200,30,29
resnet,200,289,288
mobilenet,200,26,25
mobilenet,200,29,28
resnet,200,354,353
resnet,200,156,155
mobilenet,200,40,38
mobilenet,200,23,21
mobilenet,200,39,37
resnet,200,318,317
resnet,200,137,135
resnet,200,198,197
mobilenet,200,62,61
mobilenet,200,49,47
mobilenet,200,30,29
resnet,200,315,314
resnet,200,145,143
resnet,200,223,221
mobilenet,200,32,31
resnet,200,152,151
mobilenet,200,40,39
resnet,200,295,293
resnet,200,216,215
resnet,200,309,308
mobilenet,200,26,25
mobilenet,200,44,43
mobilenet,200,33,32
resnet,200,137,135
mobilenet,200,79,78
mobilenet,200,43,41
resnet,200,133,132
mobilenet,200,49,47
mobilenet,200,35,33
mobilenet,200,21,20
resnet,200,213,212
resnet,200,386,384
resnet,200,197,195
resnet,200,372,371
resnet,200,194,192
resnet,200,375,373
resnet,200,152,151
mobilenet,200,55,53
mobilenet,200,26,24
resnet,200,151,150
mobilenet,200,82,81
resnet,200,224,223
mobilenet,200,41,39
mobilenet,200,88,85
resnet,200,153,151
mobilenet,200,58,56
mobilenet,200,86,85
resnet,200,136,134
mobilenet,200,73,72
resnet,200,293,292
resnet,200,239,237
mobilenet,200,40,38
mobilenet,200,23,22
mobilenet,200,60,59
resnet,200,376,374
mobilenet,200,32,30
resnet,200,375,373
resnet,200,232,230
resnet,200,381,379
mobilenet,200,77,75
resnet,200,341,340
resnet,200,174,173
resnet,200,390,389
resnet,200,162,160
mobilenet,200,73,70
mobilenet,200,22,21
mobilenet,200,48,47
resnet,200,337,335
resnet,200,149,147
mobilenet,200,36,34
resnet,200,377,375
resnet,200,192,190
mobilenet,200,53,51
resnet,200,170,168
resnet,200,245,243
resnet,200,336,335
mobilenet,200,87,85
resnet,200,311,310
mobilenet,200,64,63
mobilenet,200,93,91
mobilenet,200,28,27
mobilenet,200,30,29
mobilenet,200,56,54
resnet,200,159,157
mobilenet,200,35,33
resnet,200,378,376
mobilenet,200,29,28
mobilenet,200,88,85
resnet,200,141,139
resnet,200,225,223
mobilenet,200,60,59
resnet,200,139,138
resnet,200,197,195
mobilenet,200,72,70
resnet,200,177,175
resnet,200,232,231
resnet,200,452,451
resnet,200,269,267
resnet,200,149,147
mobilenet,200,74,72
mobilenet,200,58,55
mobilenet,200,30,29
resnet,200,235,234
mobilenet,200,55,54
mobilenet,200,32,31
mobilenet,200,43,42
resnet,200,438,436
mobilenet,200,27,26
mobilenet,200,111,109
resnet,200,176,175
mobilenet,200,42,40
mobilenet,200,43,41
resnet,200,312,310
resnet,200,265,263
resnet,200,205,204
mobilenet,200,43,42
mobilenet,200,40,38
resnet,200,132,130
mobilenet,200,36,35
resnet,200,321,319
mobilenet,200,34,33
resnet,200,337,335
mobilenet,200,28,26
mobilenet,200,43,42
mobilenet,200,44,42
resnet,200,139,137
resnet,200,230,229
resnet,200,306,304
mobilenet,200,42,41
resnet,200,311,309
resnet,200,236,234
mobilenet,200,43,41
mobilenet,200,30,28
mobilenet,200,57,55
mobilenet,200,69,68
resnet,200,142,141
resnet,200,267,266
resnet,200,169,167
mobilenet,200,24,22
resnet,200,356,354
mobilenet,200,24,22
resnet,200,349,347
resnet,200,142,140
resnet,200,326,325
mobilenet,200,29,28
mobilenet,200,34,32
mobilenet,200,88,86
mobilenet,200,31,30
resnet,200,260,258
mobilenet,200,47,45
resnet,200,166,165
mobilenet,200,48,46
resnet,200,332,330
resnet,200,159,158
mobilenet,200,76,74
mobilenet,200,29,26
resnet,200,163,162
resnet,200,221,216
mobilenet,200,69,67
mobilenet,200,22,21
resnet,200,222,220
resnet,200,300,299
resnet,200,210,208
mobilenet,200,53,52
mobilenet,200,21,20
resnet,200,211,210
resnet,200,341,339
mobilenet,200,30,29
resnet,200,394,392
resnet,200,168,167
resnet,200,427,425
resnet,200,143,141
resnet,200,351,349
resnet,200,150,148
resnet,200,320,317
resnet,200,142,141
mobilenet,200,62,61
resnet,200,440,439
mobilenet,200,29,28
resnet,200,332,330
resnet,200,155,153
resnet,200,237,236
resnet,200,366,365
resnet,200,230,229
resnet,200,248,246
resnet,200,212,211
resnet,200,418,416
mobilenet,200,49,47
resnet,200,409,407
mobilenet,200,84,82
mobilenet,200,70,69
resnet,200,134,133
mobilenet,200,79,77
mobilenet,200,41,39
resnet,200,168,167
resnet,200,220,218
mobilenet,200,28,26
mobilenet,200,21,20
resnet,200,295,293
resnet,200,172,170
mobilenet,200,33,30
mobilenet,200,46,44
resnet,200,258,256
resnet,200,226,224
resnet,200,300,298
mobilenet,200,46,44
mobilenet,200,96,94
resnet,200,185,183
mobilenet,200,39,37
resnet,200,350,348
resnet,200,159,158
resnet,200,336,335
resnet,200,145,143
mobilenet,200,76,75
mobilenet,200,68,66
mobilenet,200,32,30
resnet,200,156,154
resnet,200,343,341
resnet,200,146,144
mobilenet,200,54,52
resnet,200,406,404
mobilenet,200,26,25
mobilenet,200,44,42
mobilenet,200,45,43
mobilenet,200,21,21
mobilenet,200,38,36
mobilenet,200,27,25
resnet,200,145,143
mobilenet,200,44,43
mobilenet,200,41,40
resnet,200,151,149
resnet,200,172,170
resnet,200,355,352
mobilenet,200,57,55
resnet,200,319,318
mobilenet,200,22,21
resnet,200,151,149
resnet,200,331,329
mobilenet,200,31,29
resnet,200,313,311
mobilenet,200,26,24
mobilenet,200,65,61
mobilenet,200,33,32
resnet,200,137,136
mobilenet,200,87,86
resnet,200,192,190
resnet,200,215,213
resnet,200,318,317
resnet,200,195,193
mobilenet,200,92,90
mobilenet,200,24,23
mobilenet,200,44,43
resnet,200,331,329
mobilenet,200,23,22
mobilenet,200,53,52
resnet,200,292,290
mobilenet,200,57,55
resnet,200,332,330
mobilenet,200,32,30
resnet,200,344,342
resnet,200,162,161
mobilenet,200,80,78
resnet,200,328,327
resnet,200,240,238
mobilenet,200,46,45
resnet,200,136,134
resnet,200,217,216
mobilenet,200,36,34
mobilenet,200,23,21
resnet,200,248,246
resnet,200,204,203
mobilenet,200,28,26
mobilenet,200,44,41
mobilenet,200,30,29
mobilenet,200,21,19
resnet,200,298,297
mobilenet,200,28,26
mobilenet,200,35,33
resnet,200,322,320
resnet,200,245,244
mobilenet,200,27,25
resnet,200,134,132
mobilenet,200,35,33
resnet,200,215,213
resnet,200,179,177
mobilenet,200,49,48
resnet,200,151,149
resnet,200,183,181
mobilenet,200,44,43
resnet,200,147,145
mobilenet,200,49,47
resnet,200,311,309
resnet,200,224,222
mobilenet,200,42,41
resnet,200,159,158
resnet,200,245,243
resnet,200,256,254
resnet,200,139,137
resnet,200,321,319
mobilenet,200,32,30
resnet,200,140,138
resnet,200,320,319
resnet,200,144,143
resnet,200,265,263
mobilenet,200,34,33
mobilenet,200,29,28
resnet,200,367,365
resnet,200,137,136
mobilenet,200,86,84
resnet,200,328,326
mobilenet,200,34,32
mobilenet,200,48,47
resnet,200,162,160
resnet,200,262,260
mobilenet,200,32,31
resnet,200,139,138
resnet,200,307,305
resnet,200,141,139
resnet,200,198,196
resnet,200,369,367
resnet,200,225,223
mobilenet,200,64,63
resnet,200,141,140
mobilenet,200,68,67
resnet,200,374,373
mobilenet,200,53,52
resnet,200,323,321
mobilenet,200,38,36
mobilenet,200,70,69
resnet,200,206,205
resnet,200,231,230
mobilenet,200,58,57
mobilenet,200,26,25
mobilenet,200,98,96
resnet,200,308,307
mobilenet,200,65,63
mobilenet,200,82,80
resnet,200,165,163
mobilenet,200,22,20
mobilenet,200,64,59
mobilenet,200,25,23
resnet,200,134,132
resnet,200,278,276
resnet,200,233,232
mobilenet,200,40,39
resnet,200,331,329
resnet,200,137,135
resnet,200,326,325
resnet,200,137,135
mobilenet,200,60,58
resnet,200,416,414
resnet,200,235,233
mobilenet,200,48,47
resnet,200,136,134
resnet,200,218,217
resnet,200,407,406
mobilenet,200,49,47
resnet,200,327,325
resnet,200,244,242
resnet,200,291,289
resnet,200,232,230
mobilenet,200,40,38
resnet,200,143,141
resnet,200,240,238
resnet,200,235,233
mobilenet,200,75,74
resnet,200,386,384
resnet,200,254,252
mobilenet,200,58,57
mobilenet,200,24,22
mobilenet,200,34,32
mobilenet,200,53,51
mobilenet,200,23,21
mobilenet,200,35,34
resnet,200,347,346
resnet,200,149,147
mobilenet,200,34,33
mobilenet,200,21,20
resnet,200,163,163
mobilenet,200,80,78
resnet,200,165,163
mobilenet,200,21,20
mobilenet,200,32,30
mobilenet,200,25,24
resnet,200,154,152
mobilenet,200,83,81
resnet,200,340,338
resnet,200,235,234
mobilenet,200,43,41
mobilenet,200,21,20
resnet,200,283,282
resnet,200,146,145
resnet,200,261,259
mobilenet,200,24,22
resnet,200,142,140
resnet,200,276,274
resnet,200,160,159
mobilenet,200,29,27
resnet,200,375,374
mobilenet,200,33,32
resnet,200,340,339
resnet,200,241,239
resnet,200,255,254
mobilenet,200,32,30
mobilenet,200,45,43
resnet,200,182,181
mobilenet,200,39,37
resnet,200,384,382
resnet,200,185,183
resnet,200,376,375
mobilenet,200,64,63
resnet,200,376,374
mobilenet,200,27,25
mobilenet,200,68,66
resnet,200,150,148
resnet,200,282,280
resnet,200,193,192
mobilenet,200,53,52
resnet,200,424,422
mobilenet,200,31,30
mobilenet,200,47,45
mobilenet,200,60,59
resnet,200,152,151
resnet,200,297,295
mobilenet,200,49,48
mobilenet,200,41,39
resnet,200,277,275
resnet,200,155,153
mobilenet,200,64,63
mobilenet,200,28,26
mobilenet,200,33,31
resnet,200,293,291
resnet,200,137,136
mobilenet,200,35,34
resnet,200,305,303
resnet,200,185,183
resnet,200,351,349
resnet,200,174,172
mobilenet,200,36,34
resnet,200,188,186
resnet,200,174,172
mobilenet,200,91,89
resnet,200,140,138
mobilenet,200,58,57
mobilenet,200,56,55
resnet,200,143,141
mobilenet,200,46,45
mobilenet,200,25,25
resnet,200,165,164
resnet,200,297,295
mobilenet,200,26,24
resnet,200,284,282
resnet,200,157,155
resnet,200,255,253
mobilenet,200,33,32
mobilenet,200,21,20
resnet,200,308,307
mobilenet,200,22,21
resnet,200,149,147
mobilenet,200,47,46
mobilenet,200,22,21
mobilenet,200,25,24
resnet,200,359,357
resnet,200,140,138
resnet,200,330,328
mobilenet,200,22,20
resnet,200,290,289
resnet,200,135,134
mobilenet,200,32,30
resnet,200,384,382
mobilenet,200,41,40
mobilenet,200,39,37
mobilenet,200,32,30
mobilenet,200,29,27
mobilenet,200,48,46
mobilenet,200,23,22
resnet,200,157,155
mobilenet,200,62,60
mobilenet,200,62,61
resnet,200,156,155
resnet,200,340,339
resnet,200,138,136
resnet,200,215,213
mobilenet,200,60,58
resnet,200,148,146
mobilenet,200,56,54
mobilenet,200,103,101
resnet,200,136,135
resnet,200,229,227
resnet,200,265,264
resnet,200,251,249
resnet,200,344,342
resnet,200,246,244
mobilenet,200,40,38
resnet,200,150,149
resnet,200,352,347
mobilenet,200,44,42
mobilenet,200,63,61
mobilenet,200,73,68
resnet,200,144,142
mobilenet,200,52,50
mobilenet,200,78,76
mobilenet,200,26,25
mobilenet,200,32,30
resnet,200,390,388
mobilenet,200,34,33
resnet,200,359,357
mobilenet,200,33,31
mobilenet,200,81,79
mobilenet,200,28,26
mobilenet,200,28,26
resnet,200,316,314
mobilenet,200,22,20
mobilenet,200,84,82
resnet,200,282,281
mobilenet,200,33,31
mobilenet,200,41,39
resnet,200,164,162
resnet,200,198,195
resnet,200,341,339
resnet,200,228,226
resnet,200,367,366
mobilenet,200,40,38
resnet,200,386,384
mobilenet,200,52,51
resnet,200,340,337
mobilenet,200,26,24
mobilenet,200,46,44
mobilenet,200,31,30
resnet,200,145,144
resnet,200,357,355
mobilenet,200,49,47
resnet,200,325,323
resnet,200,133,132
mobilenet,200,94,92
resnet,200,209,208
resnet,200,211,210
resnet,200,405,403
mobilenet,200,34,32
resnet,200,387,385
mobilenet,200,55,54
resnet,200,369,367
mobilenet,200,69,68
mobilenet,200,82,77
mobilenet,200,29,27
resnet,200,211,210
mobilenet,200,70,68
mobilenet,200,44,43
mobilenet,200,34,33
resnet,200,413,411
mobilenet,200,42,41
resnet,200,203,202
resnet,200,211,210
mobilenet,200,33,31
resnet,200,137,136
mobilenet,200,44,43
resnet,200,434,432
resnet,200,251,249
resnet,200,328,326
mobilenet,200,52,50
mobilenet,200,53,51
mobilenet,200,29,28
resnet,200,209,207
resnet,200,274,273
mobilenet,200,23,22
resnet,200,309,307
mobilenet,200,23,22
mobilenet,200,37,35
mobilenet,200,84,82
mobilenet,200,24,22
resnet,200,210,209
resnet,200,431,429
resnet,200,284,282
mobilenet,200,33,32
mobilenet,200,72,70
resnet,200,372,370
resnet,200,151,149
mobilenet,200,92,89
mobilenet,200,34,32
mobilenet,200,24,23
resnet,200,324,322
mobilenet,200,25,23
resnet,200,296,294
mobilenet,200,23,22
resnet,200,174,172
mobilenet,200,83,81
mobilenet,200,29,28
resnet,200,141,141
resnet,200,321,319
mobilenet,200,41,39
resnet,200,141,139
resnet,200,353,351
mobilenet,200,45,43
mobilenet,200,67,65
resnet,200,169,167
mobilenet,200,40,38
mobilenet,200,41,39
resnet,200,276,275
resnet,200,226,224
mobilenet,200,31,30
resnet,200,139,138
resnet,200,192,191
resnet,200,356,354
resnet,200,149,148
mobilenet,200,76,74
resnet,200,157,155
resnet,200,209,207
mobilenet,200,71,69
resnet,200,138,136
resnet,200,269,268
mobilenet,200,58,56
resnet,200,160,158
resnet,200,304,302
mobilenet,200,31,30
resnet,200,207,205
resnet,200,394,391
mobilenet,200,22,20
mobilenet,200,32,31
resnet,200,278,277
resnet,200,212,210
mobilenet,200,76,74
resnet,200,140,138
mobilenet,200,55,53
resnet,200,391,390
mobilenet,200,40,38
resnet,200,353,351
mobilenet,200,63,61
mobilenet,200,56,54
mobilenet,200,21,19
resnet,200,216,215
mobilenet,200,61,59
resnet,200,138,137
resnet,200,279,277
mobilenet,200,49,47
resnet,200,194,193
resnet,200,370,368
resnet,200,223,222
resnet,200,405,403
mobilenet,200,42,40
resnet,200,376,374
mobilenet,200,33,31
mobilenet,200,38,36
resnet,200,159,158
resnet,200,226,224
resnet,200,350,349
resnet,200,251,249
resnet,200,267,266
mobilenet,200,55,54
resnet,200,295,294
mobilenet,200,34,32
resnet,200,288,287
resnet,200,136,135
resnet,200,214,213
resnet,200,439,437
mobilenet,200,81,80
resnet,200,394,392
resnet,200,250,249
mobilenet,200,41,40
mobilenet,200,33,32
mobilenet,200,45,43
mobilenet,200,23,21
resnet,200,147,145
mobilenet,200,67,65
resnet,200,220,219
mobilenet,200,58,56
resnet,200,329,328
resnet,200,205,203
resnet,200,461,459
mobilenet,200,71,69
resnet,200,286,284
mobilenet,200,37,35
resnet,200,346,344
resnet,200,145,143
resnet,200,316,314
mobilenet,200,28,27
mobilenet,200,85,84
mobilenet,200,86,84
resnet,200,136,134
mobilenet,200,113,111
resnet,200,217,215
resnet,200,206,204
mobilenet,200,85,84
resnet,200,137,136
mobilenet,200,47,45
resnet,200,343,341
resnet,200,196,194
mobilenet,200,91,90
mobilenet,200,21,20
mobilenet,200,65,63
resnet,200,316,314
mobilenet,200,45,44
mobilenet,200,73,71
resnet,200,169,168
resnet,200,284,282
resnet,200,222,221
resnet,200,168,167
resnet,200,359,355
resnet,200,137,135
mobilenet,200,93,92
mobilenet,200,81,79
mobilenet,200,47,45
resnet,200,248,246
mobilenet,200,25,24
mobilenet,200,28,27
mobilenet,200,45,44
mobilenet,200,24,22
mobilenet,200,22,21
resnet,200,262,260
mobilenet,200,29,28
mobilenet,200,62,61
resnet,200,310,308
mobilenet,200,54,52
mobilenet,200,107,105
resnet,200,178,176
mobilenet,200,39,38
mobilenet,200,45,43
resnet,200,151,149
mobilenet,200,27,26
mobilenet,200,40,36
mobilenet,200,22,21
resnet,200,141,139
resnet,200,268,266
resnet,200,172,170
resnet,200,142,140
resnet,200,357,355
resnet,200,141,140
resnet,200,299,297
mobilenet,200,32,31
resnet,200,245,243
mobilenet,200,33,31
resnet,200,148,146
mobilenet,200,46,44
mobilenet,200,28,27
mobilenet,200,26,24
resnet,200,356,354
mobilenet,200,29,28
mobilenet,200,37,35
resnet,200,152,151
mobilenet,200,41,39
resnet,200,356,354
mobilenet,200,29,27
mobilenet,200,42,40
mobilenet,200,28,27
resnet,200,169,167
mobilenet,200,75,73
resnet,200,165,163
mobilenet,200,67,66
mobilenet,200,46,44
mobilenet,200,21,19
resnet,200,241,240
resnet,200,357,355
resnet,200,260,258
resnet,200,249,247
mobilenet,200,80,78
mobilenet,200,70,68
resnet,200,161,160
resnet,200,270,268
resnet,200,194,191
resnet,200,198,196
resnet,200,408,407
mobilenet,200,48,46
mobilenet,200,34,32
resnet,200,138,136
mobilenet,200,49,48
resnet,200,409,407
mobilenet,200,54,53
mobilenet,200,80,76
mobilenet,200,36,34
mobilenet,200,66,64
resnet,200,345,343
mobilenet,200,26,24
mobilenet,200,51,49
mobilenet,200,22,21
resnet,200,168,166
resnet,200,336,334
mobilenet,200,28,27
mobilenet,200,41,39
resnet,200,256,254
resnet,200,177,176
mobilenet,200,44,42
resnet,200,160,159
resnet,200,193,192
mobilenet,200,82,80
resnet,200,151,150
resnet,200,141,139
mobilenet,200,56,54
mobilenet,200,25,24
mobilenet,200,66,65
resnet,200,418,418
resnet,200,261,259
mobilenet,200,33,31
resnet,200,140,139
resnet,200,280,279
resnet,200,140,139
mobilenet,200,60,59
resnet,200,409,408
resnet,200,188,187
resnet,200,318,316
mobilenet,200,41,40
mobilenet,200,42,40
resnet,200,156,154
resnet,200,217,216
resnet,200,474,472
resnet,200,142,140
resnet,200,333,331
resnet,200,150,149
resnet,200,345,343
mobilenet,200,33,32
resnet,200,271,267
mobilenet,200,27,25
mobilenet,200,27,25
resnet,200,296,294
mobilenet,200,33,31
resnet,200,162,160
mobilenet,200,83,81
mobilenet,200,33,31
mobilenet,200,39,37
resnet,200,363,361
resnet,200,197,195
resnet,200,389,387
mobilenet,200,81,79
mobilenet,200,29,27
resnet,200,141,139
resnet,200,293,291
mobilenet,200,30,28
mobilenet,200,25,24
mobilenet,200,38,36
mobilenet,200,24,22
mobilenet,200,28,27
mobilenet,200,45,43
resnet,200,252,250
mobilenet,200,87,86
resnet,200,429,428
resnet,200,260,258
mobilenet,200,27,25
mobilenet,200,21,20
resnet,200,375,374
mobilenet,200,21,20
resnet,200,360,358
resnet,200,163,162
resnet,200,357,353
mobilenet,200,65,63
mobilenet,200,64,62
mobilenet,200,49,47
resnet,200,142,140
mobilenet,200,65,64
mobilenet,200,31,30
resnet,200,137,135
mobilenet,200,63,61
mobilenet,200,49,48
resnet,200,136,135
resnet,200,311,309
mobilenet,200,21,19
resnet,200,189,188
mobilenet,200,79,77
resnet,200,141,140
mobilenet,200,67,66
resnet,200,346,343
mobilenet,200,128,127
resnet,200,396,393
mobilenet,200,25,23
resnet,200,399,397
mobilenet,200,35,33
resnet,200,316,314
mobilenet,200,21,20
mobilenet,200,39,38
resnet,200,338,336
resnet,200,231,229
resnet,200,310,309
mobilenet,200,36,34
mobilenet,200,100,98
mobilenet,200,24,22
resnet,200,270,268
mobilenet,200,53,52
resnet,200,176,174
resnet,200,365,363
resnet,200,196,195
resnet,200,364,363
mobilenet,200,74,72
mobilenet,200,39,34
mobilenet,200,21,20
mobilenet,200,72,71
resnet,200,404,403
mobilenet,200,76,75
resnet,200,404,402
mobilenet,200,91,89
mobilenet,200,41,39
resnet,200,148,146
resnet,200,214,213
mobilenet,200,95,93
mobilenet,200,27,26
mobilenet,200,34,32
mobilenet,200,35,34
mobilenet,200,26,25
resnet,200,327,325
resnet,200,141,140
resnet,200,296,294
resnet,200,129,128
mobilenet,200,60,59
resnet,200,312,310
resnet,200,248,246
mobilenet,200,24,22
mobilenet,200,24,23
resnet,200,274,273
resnet,200,139,137
resnet,200,284,282
mobilenet,200,22,20
mobilenet,200,33,31
mobilenet,200,38,36
mobilenet,200,25,23
mobilenet,200,24,23
mobilenet,200,48,43
mobilenet,200,65,64
resnet,200,138,136
mobilenet,200,66,64
mobilenet,200,75,74
resnet,200,164,162
resnet,200,215,214
resnet,200,318,316
resnet,200,223,221
mobilenet,200,67,65
resnet,200,139,137
mobilenet,200,68,67
mobilenet,200,56,54
mobilenet,200,30,28
mobilenet,200,68,67
resnet,200,415,413
resnet,200,134,132
resnet,200,283,281
resnet,200,135,133
resnet,200,239,238
resnet,200,258,256
mobilenet,200,45,44
resnet,200,393,391
resnet,200,245,243
mobilenet,200,53,51
mobilenet,200,24,22
mobilenet,200,58,57
resnet,200,325,323
mobilenet,200,55,53
mobilenet,200,82,80
resnet,200,140,138
resnet,200,312,310
mobilenet,200,28,27
mobilenet,200,33,31
resnet,200,334,332
mobilenet,200,25,24
resnet,200,284,282
mobilenet,200,34,32
resnet,200,269,268
resnet,200,189,187
mobilenet,200,44,42
mobilenet,200,70,68
mobilenet,200,26,24
resnet,200,172,171
mobilenet,200,26,24
mobilenet,200,25,23
resnet,200,206,204
resnet,200,330,328
resnet,200,209,207
resnet,200,317,315
mobilenet,200,73,71
mobilenet,200,57,55
mobilenet,200,41,40
mobilenet,200,52,51
resnet,200,344,343
resnet,200,205,203
mobilenet,200,56,54
resnet,200,138,136
resnet,200,249,248
resnet,200,236,235
mobilenet,200,49,47
mobilenet,200,68,66
resnet,200,136,135
mobilenet,200,85,84
resnet,200,259,257
mobilenet,200,28,26
mobilenet,200,45,44
resnet,200,279,277
mobilenet,200,133,132
resnet,200,332,331
mobilenet,200,35,33
resnet,200,351,350
mobilenet,200,41,40
resnet,200,358,357
mobilenet,200,69,67
mobilenet,200,67,65
mobilenet,200,31,29
mobilenet,200,57,56
resnet,200,252,251
mobilenet,200,45,43
resnet,200,399,397
mobilenet,200,48,47
mobilenet,200,47,46
resnet,200,178,177
mobilenet,200,52,50
mobilenet,200,80,78
resnet,200,390,388
mobilenet,200,66,64
resnet,200,363,362
resnet,200,234,233
mobilenet,200,30,28
resnet,200,135,133
resnet,200,316,314
mobilenet,200,35,34
resnet,200,243,242
mobilenet,200,27,25
mobilenet,200,22,22
resnet,200,316,315
resnet,200,145,143
resnet,200,324,323
mobilenet,200,85,83
resnet,200,240,238
resnet,200,225,223
mobilenet,200,33,31
mobilenet,200,44,39
resnet,200,176,174
resnet,200,190,189
resnet,200,382,380
resnet,200,151,151
mobilenet,200,62,60
mobilenet,200,27,25
resnet,200,139,137
resnet,200,237,235
resnet,200,262,261
mobilenet,200,64,63
mobilenet,200,71,69
mobilenet,200,31,30
mobilenet,200,38,36
resnet,200,321,319
mobilenet,200,40,39
mobilenet,200,40,39
resnet,200,144,142
resnet,200,267,266
mobilenet,200,51,49
resnet,200,139,138
mobilenet,200,42,40
mobilenet,200,43,41
resnet,200,142,141
resnet,200,228,226
mobilenet,200,53,51
mobilenet,200,24,22
mobilenet,200,43,41
resnet,200,425,423
resnet,200,203,201
mobilenet,200,50,49
resnet,200,135,133
mobilenet,200,36,34
mobilenet,200,98,96
mobilenet,200,46,44
mobilenet,200,49,47
resnet,200,312,310
resnet,200,163,161
resnet,200,356,355
mobilenet,200,46,45
resnet,200,300,298
mobilenet,200,26,25
resnet,200,236,234
resnet,200,259,257
resnet,200,220,218
resnet,200,341,339
mobilenet,200,34,32
resnet,200,357,356
resnet,200,138,136
mobilenet,200,93,91
mobilenet,200,59,57
resnet,200,158,156
mobilenet,200,75,73
resnet,200,240,238
mobilenet,200,64,63
mobilenet,200,66,64
mobilenet,200,32,30
mobilenet,200,43,41
resnet,200,378,377
mobilenet,200,57,55
mobilenet,200,26,25
resnet,200,131,129
mobilenet,200,33,32
mobilenet,200,35,34
mobilenet,200,22,21
resnet,200,272,270
mobilenet,200,26,24
resnet,200,136,135
resnet,200,336,334
resnet,200,147,146
resnet,200,263,262
resnet,200,181,179
resnet,200,153,151
mobilenet,200,39,38
resnet,200,313,311
mobilenet,200,36,34
mobilenet,200,51,49
resnet,200,135,134
mobilenet,200,45,43
mobilenet,200,37,36
mobilenet,200,29,28
mobilenet,200,43,42
mobilenet,200,28,26
resnet,200,153,152
mobilenet,200,69,68
mobilenet,200,85,83
resnet,200,135,134
mobilenet,200,86,84
resnet,200,234,233
mobilenet,200,59,57
resnet,200,336,334
resnet,200,227,226
mobilenet,200,107,106
mobilenet,200,31,30
resnet,200,349,347
mobilenet,200,31,29
mobilenet,200,65,64
mobilenet,200,76,74
resnet,200,148,146
mobilenet,200,28,26
mobilenet,200,37,35
resnet,200,183,182
resnet,200,174,172
resnet,200,355,353
resnet,200,238,236
resnet,200,385,383
resnet,200,240,238
resnet,200,253,252
resnet,200,254,252
resnet,200,245,243
resnet,200,270,268
resnet,200,262,261
mobilenet,200,42,40
mobilenet,200,53,50
mobilenet,200,21,19
resnet,200,227,225
resnet,200,396,395
mobilenet,200,62,61
mobilenet,200,54,52
resnet,200,177,176
resnet,200,283,281
mobilenet,200,43,41
resnet,200,147,146
resnet,200,338,336
mobilenet,200,36,34
mobilenet,200,49,46
resnet,200,277,275
mobilenet,200,89,88
mobilenet,200,56,54
mobilenet,200,29,29
mobilenet,200,53,52
resnet,200,319,317
mobilenet,200,43,41
resnet,200,334,332
mobilenet,200,41,40
resnet,200,364,362
resnet,200,149,147
resnet,200,349,347
resnet,200,145,143
resnet,200,323,321
resnet,200,170,168
mobilenet,200,66,64
mobilenet,200,29,27
mobilenet,200,21,20
resnet,200,288,287
resnet,200,136,134
resnet,200,308,307
resnet,200,177,175
mobilenet,200,42,40
resnet,200,386,385
resnet,200,241,239
resnet,200,345,343
mobilenet,200,60,58
resnet,200,354,352
resnet,200,219,217
resnet,200,401,400
resnet,200,313,312
resnet,200,127,126
mobilenet,200,70,68
mobilenet,200,49,45
resnet,200,131,129
resnet,200,257,255
resnet,200,274,273
mobilenet,200,66,64
resnet,200,313,311
resnet,200,172,170
resnet,200,388,386
resnet,200,168,167
mobilenet,200,81,77
resnet,200,173,171
resnet,200,151,149
mobilenet,200,67,66
mobilenet,200,39,37
mobilenet,200,52,51
mobilenet,200,66,64
mobilenet,200,47,46
mobilenet,200,39,37
resnet,200,296,294
resnet,200,221,220
mobilenet,200,74,72
mobilenet,200,77,75
resnet,200,385,383
resnet,200,270,268
resnet,200,221,220
resnet,200,225,223
mobilenet,200,88,87
mobilenet,200,28,27
mobilenet,200,36,34
mobilenet,200,26,24
mobilenet,200,30,28
mobilenet,200,32,31
mobilenet,200,49,48
resnet,200,175,174
mobilenet,200,68,66
mobilenet,200,54,52
mobilenet,200,26,24
mobilenet,200,43,42
mobilenet,200,95,93
resnet,200,141,140
resnet,200,261,260
resnet,200,396,394
resnet,200,237,236
resnet,200,257,256
mobilenet,200,86,84
resnet,200,400,399
resnet,200,284,283
mobilenet,200,28,27
resnet,200,180,179
resnet,200,336,332
mobilenet,200,40,39
mobilenet,200,172,170
resnet,200,325,323
resnet,200,225,224
resnet,200,401,399
resnet,200,231,229
mobilenet,200,41,39
mobilenet,200,21,19
resnet,200,238,236
resnet,200,316,314
mobilenet,200,27,25
mobilenet,200,39,38
resnet,200,207,205
resnet,200,183,182
resnet,200,345,344
mobilenet,200,33,32
mobilenet,200,46,44
mobilenet,200,22,21
resnet,200,147,145
resnet,200,368,366
resnet,200,153,151
mobilenet,200,65,63
mobilenet,200,21,19
mobilenet,200,45,44
resnet,200,355,354
mobilenet,200,37,36
resnet,200,330,329
mobilenet,200,26,24
resnet,200,317,315
resnet,200,137,136
resnet,200,220,219
resnet,200,408,407
resnet,200,275,274
mobilenet,200,30,28
mobilenet,200,66,64
mobilenet,200,67,66
mobilenet,200,29,27
mobilenet,200,33,31
resnet,200,361,360
resnet,200,139,138
mobilenet,200,78,76
mobilenet,200,33,31
resnet,200,167,165
resnet,200,309,307
resnet,200,144,143
mobilenet,200,35,34
resnet,200,391,390
mobilenet,200,38,36
mobilenet,200,37,35
resnet,200,138,137
mobilenet,200,40,39
mobilenet,200,37,36
mobilenet,200,27,26
resnet,200,135,134
resnet,200,306,304
resnet,200,142,140
resnet,200,302,300
mobilenet,200,24,23
mobilenet,200,34,32
resnet,200,368,365
resnet,200,149,148
mobilenet,200,68,66
mobilenet,200,30,29
