Date,Time,Power_W,Voltage_V,Current_A,Energy_kWh,Label
2026-08-13,19:04:38,67.3,244.6,0.523,0.481,idle
2026-08-13,19:04:39,67.3,244.6,0.523,0.481,idle
2026-08-13,19:04:40,67.3,244.6,0.523,0.481,idle
2026-08-13,19:04:41,67.3,244.6,0.523,0.481,idle
2026-08-13,19:04:42,67.3,244.6,0.523,0.481,idle
2026-08-13,19:04:43,65.7,244.4,0.513,0.481,idle
2026-08-13,19:04:44,65.7,244.4,0.513,0.481,idle
2026-08-13,19:04:45,65.7,244.4,0.513,0.481,idle
2026-08-13,19:04:46,65.7,244.4,0.513,0.481,idle
2026-08-13,19:04:47,65.7,244.4,0.513,0.481,idle
2026-08-13,19:04:48,65.9,243.4,0.513,0.481,idle
2026-08-13,19:04:49,65.9,243.4,0.513,0.481,idle
2026-08-13,19:04:50,65.9,243.4,0.513,0.481,idle
2026-08-13,19:04:51,65.9,243.4,0.513,0.481,idle
2026-08-13,19:04:52,65.9,243.4,0.513,0.481,idle
2026-08-13,19:04:53,66.3,244.2,0.515,0.481,idle
2026-08-13,19:04:54,66.3,244.2,0.515,0.481,idle
2026-08-13,19:04:55,66.3,244.2,0.515,0.481,idle
2026-08-13,19:04:56,66.3,244.2,0.515,0.481,idle
2026-08-13,19:04:57,66.3,244.2,0.515,0.481,idle
2026-08-13,19:04:58,66.4,244.1,0.517,0.481,idle
2026-08-13,19:04:59,66.4,244.1,0.517,0.481,idle
2026-08-13,19:05:00,66.4,244.1,0.517,0.481,idle
2026-08-13,19:05:01,66.4,244.1,0.517,0.481,idle
2026-08-13,19:05:02,66.4,244.1,0.517,0.481,idle
2026-08-13,19:05:03,67.1,243.8,0.523,0.481,idle
2026-08-13,19:05:04,67.1,243.8,0.523,0.481,idle
2026-08-13,19:05:05,67.1,243.8,0.523,0.481,idle
2026-08-13,19:05:06,67.1,243.8,0.523,0.481,idle
2026-08-13,19:05:07,67.1,243.8,0.523,0.481,idle
2026-08-13,19:05:08,66.2,243.8,0.516,0.481,idle
2026-08-13,19:05:09,66.2,243.8,0.516,0.481,idle
2026-08-13,19:05:10,66.2,243.8,0.516,0.481,idle
2026-08-13,19:05:11,66.2,243.8,0.516,0.481,idle
2026-08-13,19:05:12,66.2,243.8,0.516,0.481,idle
2026-08-13,19:05:13,65.1,243.6,0.508,0.481,idle
2026-08-13,19:05:14,65.1,243.6,0.508,0.481,idle
2026-08-13,19:05:15,65.1,243.6,0.508,0.481,idle
2026-08-13,19:05:16,65.1,243.6,0.508,0.481,idle
2026-08-13,19:05:17,65.1,243.6,0.508,0.481,idle
2026-08-13,19:05:18,65.5,243.9,0.512,0.481,idle
2026-08-13,19:05:19,65.5,243.9,0.512,0.481,idle
2026-08-13,19:05:20,65.5,243.9,0.512,0.481,idle
2026-08-13,19:05:21,65.5,243.9,0.512,0.481,idle
2026-08-13,19:05:22,65.5,243.9,0.512,0.481,idle
2026-08-13,19:05:23,66.1,244.0,0.517,0.481,idle
2026-08-13,19:05:24,66.1,244.0,0.517,0.481,idle
2026-08-13,19:05:25,66.1,244.0,0.517,0.481,idle
2026-08-13,19:05:26,66.1,244.0,0.517,0.481,idle
2026-08-13,19:05:27,66.1,244.0,0.517,0.481,idle
2026-08-13,19:05:28,66.0,243.9,0.515,0.481,idle
2026-08-13,19:05:29,66.0,243.9,0.515,0.481,idle
2026-08-13,19:05:30,66.0,243.9,0.515,0.481,idle
2026-08-13,19:05:31,66.0,243.9,0.515,0.481,idle
2026-08-13,19:05:32,66.0,243.9,0.515,0.481,idle
2026-08-13,19:05:33,66.7,243.7,0.518,0.481,idle
2026-08-13,19:05:34,66.7,243.7,0.518,0.481,idle
2026-08-13,19:05:35,66.7,243.7,0.518,0.481,idle
2026-08-13,19:05:36,66.7,243.7,0.518,0.481,idle
2026-08-13,19:05:37,66.7,243.7,0.518,0.481,idle
2026-08-13,19:05:38,74.5,243.4,0.565,0.481,idle
2026-08-13,19:05:39,74.5,243.4,0.565,0.481,idle
2026-08-13,19:05:40,74.5,243.4,0.565,0.481,idle
2026-08-13,19:05:41,74.5,243.4,0.565,0.481,idle
2026-08-13,19:05:42,74.5,243.4,0.565,0.481,idle
2026-08-13,19:05:43,66.2,243.9,0.517,0.481,adaptive_50ms_rep3
2026-08-13,19:05:44,66.2,243.9,0.517,0.481,adaptive_50ms_rep3
2026-08-13,19:05:45,66.2,243.9,0.517,0.481,adaptive_50ms_rep3
2026-08-13,19:05:46,66.2,243.9,0.517,0.481,idle
2026-08-13,19:05:47,66.2,243.9,0.517,0.481,idle
2026-08-13,19:05:48,78.4,244.0,0.592,0.481,idle
2026-08-13,19:05:49,78.4,244.0,0.592,0.481,idle
2026-08-13,19:05:50,78.4,244.0,0.592,0.481,idle
2026-08-13,19:05:51,78.4,244.0,0.592,0.481,idle
2026-08-13,19:05:52,78.4,244.0,0.592,0.481,idle
2026-08-13,19:05:53,89.3,244.1,0.665,0.481,idle
2026-08-13,19:05:54,89.3,244.1,0.665,0.481,idle
2026-08-13,19:05:55,89.3,244.1,0.665,0.481,idle
2026-08-13,19:05:56,89.3,244.1,0.665,0.481,idle
2026-08-13,19:05:57,89.3,244.1,0.665,0.481,idle
2026-08-13,19:05:58,84.7,243.6,0.633,0.481,idle
2026-08-13,19:05:59,84.7,243.6,0.633,0.481,idle
2026-08-13,19:06:00,84.7,243.6,0.633,0.481,idle
2026-08-13,19:06:01,80.5,243.7,0.615,0.481,idle
2026-08-13,19:06:02,80.5,243.7,0.615,0.481,idle
2026-08-13,19:06:03,82.2,243.7,0.624,0.481,idle
2026-08-13,19:06:04,82.2,243.7,0.624,0.481,idle
2026-08-13,19:06:05,82.2,243.7,0.624,0.481,idle
2026-08-13,19:06:06,82.2,243.7,0.624,0.481,idle
2026-08-13,19:06:07,82.2,243.7,0.624,0.481,idle
2026-08-13,19:06:08,79.3,244.0,0.617,0.481,idle
2026-08-13,19:06:09,79.3,244.0,0.617,0.481,idle
2026-08-13,19:06:10,79.3,244.0,0.617,0.481,idle
2026-08-13,19:06:11,79.3,244.0,0.617,0.481,idle
2026-08-13,19:06:12,79.2,244.1,0.604,0.481,idle
2026-08-13,19:06:13,79.2,244.1,0.604,0.481,idle
2026-08-13,19:06:14,79.2,244.1,0.604,0.481,idle
2026-08-13,19:06:15,79.2,244.1,0.604,0.481,idle
2026-08-13,19:06:16,79.2,244.1,0.604,0.481,idle
2026-08-13,19:06:17,79.7,244.1,0.608,0.481,idle
2026-08-13,19:06:18,79.7,244.1,0.608,0.481,idle
2026-08-13,19:06:19,79.7,244.1,0.608,0.481,idle
2026-08-13,19:06:20,79.7,244.1,0.608,0.481,idle
2026-08-13,19:06:21,79.7,244.1,0.608,0.481,idle
2026-08-13,19:06:22,80.3,244.1,0.607,0.481,idle
2026-08-13,19:06:23,80.3,244.1,0.607,0.481,idle
2026-08-13,19:06:24,80.3,244.1,0.607,0.481,idle
2026-08-13,19:06:25,80.3,244.1,0.607,0.481,idle
2026-08-13,19:06:27,80.3,244.1,0.607,0.481,idle
2026-08-13,19:06:28,81.4,244.1,0.612,0.481,idle
2026-08-13,19:06:29,81.4,244.1,0.612,0.481,idle
2026-08-13,19:06:30,81.4,244.1,0.612,0.481,idle
2026-08-13,19:06:31,81.4,244.1,0.612,0.481,idle
2026-08-13,19:06:32,81.4,244.1,0.612,0.481,idle
2026-08-13,19:06:33,79.4,244.6,0.6,0.481,idle
2026-08-13,19:06:34,79.4,244.6,0.6,0.481,idle
2026-08-13,19:06:35,79.4,244.6,0.6,0.481,idle
2026-08-13,19:06:36,79.4,244.6,0.6,0.481,idle
2026-08-13,19:06:37,79.4,244.6,0.6,0.481,idle
2026-08-13,19:06:38,83.1,244.0,0.631,0.481,idle
2026-08-13,19:06:39,83.1,244.0,0.631,0.481,idle
2026-08-13,19:06:40,83.1,244.0,0.631,0.481,idle
2026-08-13,19:06:41,83.1,244.0,0.631,0.481,idle
2026-08-13,19:06:42,83.1,244.0,0.631,0.481,idle
2026-08-13,19:06:43,78.4,243.6,0.611,0.481,idle
2026-08-13,19:06:44,78.4,243.6,0.611,0.481,idle
2026-08-13,19:06:45,78.4,243.6,0.611,0.481,idle
2026-08-13,19:06:46,78.4,243.6,0.611,0.481,idle
2026-08-13,19:06:47,78.4,243.6,0.611,0.481,idle
2026-08-13,19:06:48,80.4,243.7,0.608,0.481,idle
2026-08-13,19:06:49,80.4,243.7,0.608,0.481,idle
2026-08-13,19:06:50,80.4,243.7,0.608,0.481,idle
2026-08-13,19:06:51,80.4,243.7,0.608,0.481,idle
2026-08-13,19:06:52,80.4,243.7,0.608,0.481,idle
2026-08-13,19:06:53,76.2,244.4,0.586,0.481,idle
2026-08-13,19:06:54,76.2,244.4,0.586,0.481,idle
2026-08-13,19:06:55,76.2,244.4,0.586,0.481,idle
2026-08-13,19:06:56,76.2,244.4,0.586,0.481,idle
2026-08-13,19:06:57,76.2,244.4,0.586,0.481,idle
2026-08-13,19:06:58,79.3,243.6,0.602,0.481,idle
2026-08-13,19:06:59,79.3,243.6,0.602,0.481,idle
2026-08-13,19:07:00,79.3,243.6,0.602,0.481,idle
2026-08-13,19:07:01,79.3,243.6,0.602,0.481,idle
2026-08-13,19:07:02,79.3,243.6,0.602,0.481,idle
2026-08-13,19:07:03,81.0,243.4,0.614,0.481,idle
2026-08-13,19:07:04,81.0,243.4,0.614,0.481,idle
2026-08-13,19:07:05,81.0,243.4,0.614,0.481,idle
2026-08-13,19:07:06,81.0,243.4,0.614,0.481,idle
2026-08-13,19:07:07,81.0,243.4,0.614,0.481,idle
2026-08-13,19:07:08,79.3,243.7,0.607,0.481,idle
2026-08-13,19:07:09,79.3,243.7,0.607,0.481,idle
2026-08-13,19:07:10,79.3,243.7,0.607,0.481,idle
2026-08-13,19:07:11,79.3,243.7,0.607,0.481,idle
2026-08-13,19:07:12,79.3,243.7,0.607,0.481,idle
2026-08-13,19:07:13,79.8,244.0,0.607,0.481,idle
2026-08-13,19:07:14,79.8,244.0,0.607,0.481,idle
2026-08-13,19:07:15,79.8,244.0,0.607,0.481,idle
2026-08-13,19:07:16,79.8,244.0,0.607,0.481,idle
2026-08-13,19:07:17,79.8,244.0,0.607,0.481,idle
2026-08-13,19:07:18,83.0,243.2,0.628,0.481,idle
2026-08-13,19:07:19,83.0,243.2,0.628,0.481,idle
2026-08-13,19:07:20,83.0,243.2,0.628,0.481,idle
2026-08-13,19:07:21,83.0,243.2,0.628,0.481,idle
2026-08-13,19:07:22,83.0,243.2,0.628,0.481,idle
2026-08-13,19:07:23,86.8,243.2,0.643,0.481,idle
2026-08-13,19:07:24,86.8,243.2,0.643,0.481,idle
2026-08-13,19:07:25,86.8,243.2,0.643,0.481,idle
2026-08-13,19:07:26,86.8,243.2,0.643,0.481,idle
2026-08-13,19:07:27,86.8,243.2,0.643,0.481,idle
2026-08-13,19:07:28,74.4,244.3,0.575,0.481,idle
2026-08-13,19:07:29,74.4,244.3,0.575,0.481,idle
2026-08-13,19:07:30,74.4,244.3,0.575,0.481,idle
2026-08-13,19:07:31,74.4,244.3,0.575,0.481,idle
2026-08-13,19:07:32,74.4,244.3,0.575,0.481,idle
2026-08-13,19:07:33,70.7,243.8,0.551,0.481,idle
2026-08-13,19:07:34,70.7,243.8,0.551,0.481,idle
2026-08-13,19:07:35,70.7,243.8,0.551,0.481,idle
2026-08-13,19:07:36,70.7,243.8,0.551,0.481,idle
2026-08-13,19:07:37,70.7,243.8,0.551,0.481,idle
2026-08-13,19:07:38,67.1,244.1,0.526,0.481,idle
2026-08-13,19:07:39,67.1,244.1,0.526,0.481,idle
2026-08-13,19:07:40,67.1,244.1,0.526,0.481,idle
2026-08-13,19:07:41,67.1,244.1,0.526,0.481,idle
2026-08-13,19:07:42,67.1,244.1,0.526,0.481,idle
2026-08-13,19:07:43,66.1,244.1,0.521,0.481,idle
2026-08-13,19:07:44,66.1,244.1,0.521,0.481,idle
2026-08-13,19:07:45,66.1,244.1,0.521,0.481,idle
2026-08-13,19:07:46,66.1,244.1,0.521,0.481,idle
2026-08-13,19:07:47,66.1,244.1,0.521,0.481,idle
2026-08-13,19:07:48,68.2,243.5,0.537,0.481,idle
2026-08-13,19:07:49,68.2,243.5,0.537,0.481,idle
2026-08-13,19:07:50,68.2,243.5,0.537,0.481,idle
2026-08-13,19:07:51,68.2,243.5,0.537,0.481,idle
2026-08-13,19:07:52,68.2,243.5,0.537,0.481,idle
2026-08-13,19:07:53,65.5,243.9,0.517,0.481,idle
2026-08-13,19:07:54,65.5,243.9,0.517,0.481,idle
2026-08-13,19:07:55,65.5,243.9,0.517,0.481,idle
2026-08-13,19:07:56,65.5,243.9,0.517,0.481,idle
2026-08-13,19:07:57,65.5,243.9,0.517,0.481,idle
2026-08-13,19:07:58,75.1,244.1,0.577,0.481,idle
2026-08-13,19:07:59,75.1,244.1,0.577,0.481,idle
2026-08-13,19:08:00,75.1,244.1,0.577,0.481,idle
2026-08-13,19:08:01,75.1,244.1,0.577,0.481,idle
2026-08-13,19:08:02,75.1,244.1,0.577,0.481,idle
2026-08-13,19:08:03,67.4,244.2,0.526,0.481,idle
2026-08-13,19:08:04,67.4,244.2,0.526,0.481,idle
2026-08-13,19:08:05,67.4,244.2,0.526,0.481,idle
2026-08-13,19:08:06,67.4,244.2,0.526,0.481,idle
2026-08-13,19:08:07,67.4,244.2,0.526,0.481,idle
2026-08-13,19:08:08,68.0,243.4,0.529,0.481,idle
2026-08-13,19:08:09,68.0,243.4,0.529,0.481,idle
2026-08-13,19:08:10,68.0,243.4,0.529,0.481,idle
2026-08-13,19:08:11,68.0,243.4,0.529,0.481,idle
2026-08-13,19:08:12,68.0,243.4,0.529,0.481,idle
2026-08-13,19:08:13,66.6,243.7,0.52,0.481,idle
2026-08-13,19:08:14,66.6,243.7,0.52,0.481,idle
2026-08-13,19:08:15,66.6,243.7,0.52,0.481,idle
2026-08-13,19:08:16,66.6,243.7,0.52,0.481,idle
2026-08-13,19:08:17,66.6,243.7,0.52,0.481,idle
2026-08-13,19:08:18,66.3,243.9,0.52,0.481,idle
2026-08-13,19:08:19,66.3,243.9,0.52,0.481,idle
2026-08-13,19:08:20,66.3,243.9,0.52,0.481,idle
2026-08-13,19:08:21,66.3,243.9,0.52,0.481,idle
2026-08-13,19:08:22,66.3,243.9,0.52,0.481,idle
2026-08-13,19:08:23,66.4,243.9,0.521,0.481,idle
2026-08-13,19:08:24,66.4,243.9,0.521,0.481,idle
2026-08-13,19:08:25,66.4,243.9,0.521,0.481,idle
2026-08-13,19:08:26,66.4,243.9,0.521,0.481,idle
2026-08-13,19:08:27,66.4,243.9,0.521,0.481,idle
2026-08-13,19:08:28,66.2,244.4,0.519,0.481,idle
2026-08-13,19:08:29,66.2,244.4,0.519,0.481,idle
2026-08-13,19:08:30,66.2,244.4,0.519,0.481,idle
2026-08-13,19:08:31,66.2,244.4,0.519,0.481,idle
2026-08-13,19:08:32,66.2,244.4,0.519,0.481,idle
2026-08-13,19:08:33,67.1,244.6,0.524,0.481,idle
2026-08-13,19:08:34,67.1,244.6,0.524,0.481,idle
2026-08-13,19:08:35,67.1,244.6,0.524,0.481,idle
2026-08-13,19:08:36,67.1,244.6,0.524,0.481,idle
2026-08-13,19:08:37,67.1,244.6,0.524,0.481,idle
2026-08-13,19:08:38,66.0,244.3,0.519,0.481,idle
2026-08-13,19:08:39,66.0,244.3,0.519,0.481,idle
2026-08-13,19:08:40,66.0,244.3,0.519,0.481,idle
2026-08-13,19:08:41,66.0,244.3,0.519,0.481,idle
2026-08-13,19:08:42,66.0,244.3,0.519,0.481,idle
2026-08-13,19:08:43,66.2,243.6,0.521,0.481,idle
2026-08-13,19:08:44,66.2,243.6,0.521,0.481,idle
2026-08-13,19:08:45,66.2,243.6,0.521,0.481,idle
2026-08-13,19:08:46,66.2,243.6,0.521,0.481,idle
2026-08-13,19:08:47,66.2,243.6,0.521,0.481,idle
2026-08-13,19:08:48,65.1,243.9,0.516,0.481,idle
2026-08-13,19:08:49,65.1,243.9,0.516,0.481,idle
2026-08-13,19:08:50,65.1,243.9,0.516,0.481,idle
2026-08-13,19:08:51,65.1,243.9,0.516,0.481,idle
2026-08-13,19:08:52,65.1,243.9,0.516,0.481,idle
2026-08-13,19:08:53,70.4,244.4,0.541,0.481,idle
2026-08-13,19:08:54,70.4,244.4,0.541,0.481,idle
2026-08-13,19:08:55,70.4,244.4,0.541,0.481,idle
2026-08-13,19:08:56,70.4,244.4,0.541,0.481,idle
2026-08-13,19:08:57,70.4,244.4,0.541,0.481,idle
2026-08-13,19:08:58,69.7,244.0,0.537,0.481,idle
2026-08-13,19:08:59,69.7,244.0,0.537,0.481,idle
2026-08-13,19:09:00,69.7,244.0,0.537,0.481,idle
2026-08-13,19:09:01,69.7,244.0,0.537,0.481,idle
2026-08-13,19:09:02,69.7,244.0,0.537,0.481,idle
2026-08-13,19:09:03,75.8,243.5,0.574,0.481,idle
2026-08-13,19:09:04,75.8,243.5,0.574,0.481,idle
2026-08-13,19:09:05,75.8,243.5,0.574,0.481,idle
2026-08-13,19:09:07,75.8,243.5,0.574,0.481,idle
2026-08-13,19:09:08,75.8,243.5,0.574,0.481,idle
2026-08-13,19:09:09,65.4,244.3,0.513,0.481,idle
2026-08-13,19:09:10,65.4,244.3,0.513,0.481,adaptive_50ms_rep4
2026-08-13,19:09:11,65.4,244.3,0.513,0.481,adaptive_50ms_rep4
2026-08-13,19:09:12,65.4,244.3,0.513,0.481,adaptive_50ms_rep4
2026-08-13,19:09:13,65.4,244.3,0.513,0.481,idle
2026-08-13,19:09:14,66.9,244.0,0.524,0.481,idle
2026-08-13,19:09:15,66.9,244.0,0.524,0.481,idle
2026-08-13,19:09:16,66.9,244.0,0.524,0.481,idle
2026-08-13,19:09:17,66.9,244.0,0.524,0.481,idle
2026-08-13,19:09:18,86.8,244.3,0.656,0.481,idle
2026-08-13,19:09:19,86.8,244.3,0.656,0.481,idle
2026-08-13,19:09:20,86.8,244.3,0.656,0.481,idle
2026-08-13,19:09:21,86.8,244.3,0.656,0.481,idle
2026-08-13,19:09:22,86.8,244.3,0.656,0.481,idle
2026-08-13,19:09:23,86.8,244.3,0.656,0.481,idle
2026-08-13,19:09:24,80.9,244.4,0.618,0.481,idle
2026-08-13,19:09:25,80.9,244.4,0.618,0.481,idle
2026-08-13,19:09:26,80.9,244.4,0.618,0.481,idle
2026-08-13,19:09:27,80.9,244.4,0.618,0.481,idle
2026-08-13,19:09:28,80.9,244.4,0.618,0.481,idle
2026-08-13,19:09:29,78.3,244.1,0.6,0.481,idle
2026-08-13,19:09:30,78.3,244.1,0.6,0.481,idle
2026-08-13,19:09:31,78.3,244.1,0.6,0.481,idle
2026-08-13,19:09:32,78.3,244.1,0.6,0.481,idle
2026-08-13,19:09:33,78.3,244.1,0.6,0.481,idle
2026-08-13,19:09:34,78.4,244.2,0.597,0.481,idle
2026-08-13,19:09:35,78.4,244.2,0.597,0.481,idle
2026-08-13,19:09:36,78.4,244.2,0.597,0.481,idle
2026-08-13,19:09:37,79.4,244.0,0.603,0.481,idle
2026-08-13,19:09:38,79.5,243.7,0.607,0.481,idle
2026-08-13,19:09:39,79.5,243.7,0.607,0.481,idle
2026-08-13,19:09:40,79.5,243.7,0.607,0.481,idle
2026-08-13,19:09:41,79.5,243.7,0.607,0.481,idle
2026-08-13,19:09:42,79.5,243.7,0.607,0.481,idle
2026-08-13,19:09:43,79.5,243.7,0.607,0.481,idle
2026-08-13,19:09:44,79.9,244.0,0.606,0.481,idle
2026-08-13,19:09:45,79.9,244.0,0.606,0.481,idle
2026-08-13,19:09:46,79.9,244.0,0.606,0.481,idle
2026-08-13,19:09:47,79.9,244.0,0.606,0.481,idle
2026-08-13,19:09:48,79.9,244.0,0.606,0.481,idle
2026-08-13,19:09:49,75.9,244.2,0.584,0.481,idle
2026-08-13,19:09:50,75.9,244.2,0.584,0.481,idle
2026-08-13,19:09:51,75.9,244.2,0.584,0.481,idle
2026-08-13,19:09:52,75.9,244.2,0.584,0.481,idle
2026-08-13,19:09:53,79.4,244.2,0.597,0.481,idle
2026-08-13,19:09:54,79.4,244.2,0.597,0.481,idle
2026-08-13,19:09:55,79.4,244.2,0.597,0.481,idle
2026-08-13,19:09:56,79.4,244.2,0.597,0.481,idle
2026-08-13,19:09:57,79.4,244.2,0.597,0.481,idle
2026-08-13,19:09:58,84.6,244.2,0.635,0.481,idle
2026-08-13,19:09:59,84.6,244.2,0.635,0.481,idle
2026-08-13,19:10:00,84.6,244.2,0.635,0.481,idle
2026-08-13,19:10:01,84.6,244.2,0.635,0.481,idle
2026-08-13,19:10:02,84.6,244.2,0.635,0.481,idle
2026-08-13,19:10:03,80.2,244.0,0.611,0.481,idle
2026-08-13,19:10:04,80.2,244.0,0.611,0.481,idle
2026-08-13,19:10:05,80.2,244.0,0.611,0.481,idle
2026-08-13,19:10:06,80.2,244.0,0.611,0.481,idle
2026-08-13,19:10:07,80.2,244.0,0.611,0.481,idle
2026-08-13,19:10:08,78.8,243.5,0.596,0.481,idle
2026-08-13,19:10:09,78.8,243.5,0.596,0.481,idle
2026-08-13,19:10:10,78.8,243.5,0.596,0.481,idle
2026-08-13,19:10:11,78.8,243.5,0.596,0.481,idle
2026-08-13,19:10:12,78.8,243.5,0.596,0.481,idle
2026-08-13,19:10:13,77.2,244.3,0.587,0.481,idle
2026-08-13,19:10:14,77.2,244.3,0.587,0.481,idle
2026-08-13,19:10:15,77.2,244.3,0.587,0.481,idle
2026-08-13,19:10:16,77.2,244.3,0.587,0.481,idle
2026-08-13,19:10:17,77.2,244.3,0.587,0.481,idle
2026-08-13,19:10:18,80.5,243.5,0.61,0.481,idle
2026-08-13,19:10:19,80.5,243.5,0.61,0.481,idle
2026-08-13,19:10:20,80.5,243.5,0.61,0.481,idle
2026-08-13,19:10:21,80.5,243.5,0.61,0.481,idle
2026-08-13,19:10:22,80.5,243.5,0.61,0.481,idle
2026-08-13,19:10:23,85.7,243.8,0.641,0.481,idle
2026-08-13,19:10:24,85.7,243.8,0.641,0.481,idle
2026-08-13,19:10:25,85.7,243.8,0.641,0.481,idle
2026-08-13,19:10:26,85.7,243.8,0.641,0.481,idle
2026-08-13,19:10:27,85.7,243.8,0.641,0.481,idle
2026-08-13,19:10:28,76.0,243.8,0.579,0.481,idle
2026-08-13,19:10:29,76.0,243.8,0.579,0.481,idle
2026-08-13,19:10:30,76.0,243.8,0.579,0.481,idle
2026-08-13,19:10:31,76.0,243.8,0.579,0.481,idle
2026-08-13,19:10:32,76.0,243.8,0.579,0.481,idle
2026-08-13,19:10:33,76.8,244.2,0.58,0.481,idle
2026-08-13,19:10:34,76.8,244.2,0.58,0.481,idle
2026-08-13,19:10:35,76.8,244.2,0.58,0.481,idle
2026-08-13,19:10:36,76.8,244.2,0.58,0.481,idle
2026-08-13,19:10:37,76.8,244.2,0.58,0.481,idle
2026-08-13,19:10:38,80.7,243.8,0.61,0.481,idle
2026-08-13,19:10:39,80.7,243.8,0.61,0.481,idle
2026-08-13,19:10:40,80.7,243.8,0.61,0.481,idle
2026-08-13,19:10:41,80.7,243.8,0.61,0.481,idle
2026-08-13,19:10:42,80.7,243.8,0.61,0.481,idle
2026-08-13,19:10:43,81.1,244.0,0.61,0.481,idle
2026-08-13,19:10:44,81.1,244.0,0.61,0.481,idle
2026-08-13,19:10:45,81.1,244.0,0.61,0.481,idle
2026-08-13,19:10:46,81.1,244.0,0.61,0.481,idle
2026-08-13,19:10:47,81.1,244.0,0.61,0.481,idle
2026-08-13,19:10:48,86.7,243.4,0.646,0.481,idle
2026-08-13,19:10:49,86.7,243.4,0.646,0.481,idle
2026-08-13,19:10:50,86.7,243.4,0.646,0.481,idle
2026-08-13,19:10:51,86.7,243.4,0.646,0.481,idle
2026-08-13,19:10:52,86.7,243.4,0.646,0.481,idle
2026-08-13,19:10:53,81.0,243.5,0.612,0.481,idle
2026-08-13,19:10:54,81.0,243.5,0.612,0.481,idle
2026-08-13,19:10:55,81.0,243.5,0.612,0.481,idle
2026-08-13,19:10:56,81.0,243.5,0.612,0.481,idle
2026-08-13,19:10:57,81.0,243.5,0.612,0.481,idle
2026-08-13,19:10:58,69.9,243.4,0.543,0.481,idle
2026-08-13,19:10:59,69.9,243.4,0.543,0.481,idle
2026-08-13,19:11:00,69.9,243.4,0.543,0.481,idle
2026-08-13,19:11:01,69.9,243.4,0.543,0.481,idle
2026-08-13,19:11:02,69.9,243.4,0.543,0.481,idle
2026-08-13,19:11:03,68.2,243.7,0.529,0.481,idle
2026-08-13,19:11:04,68.2,243.7,0.529,0.481,idle
2026-08-13,19:11:05,68.2,243.7,0.529,0.481,idle
2026-08-13,19:11:06,68.2,243.7,0.529,0.481,idle
2026-08-13,19:11:07,68.2,243.7,0.529,0.481,idle
2026-08-13,19:11:08,69.4,244.1,0.538,0.481,idle
2026-08-13,19:11:09,69.4,244.1,0.538,0.481,idle
2026-08-13,19:11:10,69.4,244.1,0.538,0.481,idle
2026-08-13,19:11:11,69.4,244.1,0.538,0.481,idle
2026-08-13,19:11:12,69.4,244.1,0.538,0.481,idle
2026-08-13,19:11:13,66.7,244.0,0.515,0.481,idle
2026-08-13,19:11:14,66.7,244.0,0.515,0.481,idle
2026-08-13,19:11:15,66.7,244.0,0.515,0.481,idle
2026-08-13,19:11:17,66.7,244.0,0.515,0.481,idle
2026-08-13,19:11:18,66.7,244.0,0.515,0.481,idle
2026-08-13,19:11:19,65.7,243.8,0.511,0.481,idle
2026-08-13,19:11:20,65.7,243.8,0.511,0.481,idle
2026-08-13,19:11:21,65.7,243.8,0.511,0.481,idle
2026-08-13,19:11:22,65.7,243.8,0.511,0.481,idle
2026-08-13,19:11:23,65.7,243.8,0.511,0.481,idle
2026-08-13,19:11:24,65.7,243.8,0.511,0.481,idle
2026-08-13,19:11:25,67.8,244.5,0.525,0.481,idle
2026-08-13,19:11:26,67.8,244.5,0.525,0.481,idle
2026-08-13,19:11:27,67.8,244.5,0.525,0.481,idle
2026-08-13,19:11:28,67.8,244.5,0.525,0.481,idle
2026-08-13,19:11:29,67.8,244.5,0.525,0.481,idle
2026-08-13,19:11:30,70.4,244.2,0.541,0.481,idle
2026-08-13,19:11:31,70.4,244.2,0.541,0.481,idle
2026-08-13,19:11:32,70.4,244.2,0.541,0.481,idle
2026-08-13,19:11:33,70.4,244.2,0.541,0.481,idle
2026-08-13,19:11:34,70.4,244.2,0.541,0.481,idle
2026-08-13,19:11:35,66.2,243.5,0.515,0.481,idle
2026-08-13,19:11:36,66.2,243.5,0.515,0.481,idle
2026-08-13,19:11:37,66.2,243.5,0.515,0.481,idle
2026-08-13,19:11:38,66.2,243.5,0.515,0.481,idle
2026-08-13,19:11:39,66.2,243.5,0.515,0.481,idle
2026-08-13,19:11:40,66.9,243.6,0.524,0.481,idle
2026-08-13,19:11:41,66.9,243.6,0.524,0.481,idle
2026-08-13,19:11:42,66.9,243.6,0.524,0.481,idle
2026-08-13,19:11:43,66.9,243.6,0.524,0.481,idle
2026-08-13,19:11:44,66.9,243.6,0.524,0.481,idle
2026-08-13,19:11:45,66.7,243.9,0.52,0.481,idle
2026-08-13,19:11:46,66.7,243.9,0.52,0.481,idle
2026-08-13,19:11:47,66.7,243.9,0.52,0.481,idle
2026-08-13,19:11:48,66.7,243.9,0.52,0.481,idle
2026-08-13,19:11:49,66.7,243.9,0.52,0.481,idle
2026-08-13,19:11:50,67.1,243.6,0.52,0.481,idle
2026-08-13,19:11:51,67.1,243.6,0.52,0.481,idle
2026-08-13,19:11:52,67.1,243.6,0.52,0.481,idle
2026-08-13,19:11:53,67.1,243.6,0.52,0.481,idle
2026-08-13,19:11:54,67.1,243.6,0.52,0.481,idle
2026-08-13,19:11:55,67.4,243.8,0.527,0.481,idle
2026-08-13,19:11:56,67.4,243.8,0.527,0.481,idle
2026-08-13,19:11:57,67.4,243.8,0.527,0.481,idle
2026-08-13,19:11:58,67.4,243.8,0.527,0.481,idle
2026-08-13,19:11:59,67.4,243.8,0.527,0.481,idle
2026-08-13,19:12:00,65.9,243.2,0.515,0.481,idle
2026-08-13,19:12:01,65.9,243.2,0.515,0.481,idle
2026-08-13,19:12:02,65.9,243.2,0.515,0.481,idle
2026-08-13,19:12:03,65.9,243.2,0.515,0.481,idle
2026-08-13,19:12:04,65.9,243.2,0.515,0.481,idle
2026-08-13,19:12:05,65.2,243.6,0.511,0.481,idle
2026-08-13,19:12:06,65.2,243.6,0.511,0.481,idle
2026-08-13,19:12:07,65.2,243.6,0.511,0.481,idle
2026-08-13,19:12:08,65.2,243.6,0.511,0.481,idle
2026-08-13,19:12:09,65.2,243.6,0.511,0.481,idle
2026-08-13,19:12:10,67.2,243.5,0.52,0.481,idle
2026-08-13,19:12:11,67.2,243.5,0.52,0.481,idle
2026-08-13,19:12:12,67.2,243.5,0.52,0.481,idle
2026-08-13,19:12:13,67.2,243.5,0.52,0.481,idle
2026-08-13,19:12:14,67.2,243.5,0.52,0.481,idle
2026-08-13,19:12:15,65.8,243.6,0.512,0.481,idle
2026-08-13,19:12:16,65.8,243.6,0.512,0.481,idle
2026-08-13,19:12:17,65.8,243.6,0.512,0.481,idle
2026-08-13,19:12:18,65.8,243.6,0.512,0.481,idle
2026-08-13,19:12:19,65.8,243.6,0.512,0.481,idle
2026-08-13,19:12:20,66.7,243.9,0.523,0.481,idle
2026-08-13,19:12:21,66.7,243.9,0.523,0.481,idle
2026-08-13,19:12:22,66.7,243.9,0.523,0.481,idle
2026-08-13,19:12:23,66.7,243.9,0.523,0.481,idle
2026-08-13,19:12:24,66.7,243.9,0.523,0.481,idle
2026-08-13,19:12:25,71.7,243.7,0.548,0.481,idle
2026-08-13,19:12:26,71.7,243.7,0.548,0.481,idle
2026-08-13,19:12:27,71.7,243.7,0.548,0.481,idle
2026-08-13,19:12:28,71.7,243.7,0.548,0.481,idle
2026-08-13,19:12:29,71.7,243.7,0.548,0.481,idle
2026-08-13,19:12:30,69.0,243.1,0.538,0.481,adaptive_50ms_rep5
2026-08-13,19:12:31,69.0,243.1,0.538,0.481,adaptive_50ms_rep5
2026-08-13,19:12:32,69.0,243.1,0.538,0.481,adaptive_50ms_rep5
2026-08-13,19:12:33,69.0,243.1,0.538,0.481,idle
2026-08-13,19:12:34,69.0,243.1,0.538,0.481,idle
2026-08-13,19:12:35,85.2,243.4,0.636,0.481,idle
2026-08-13,19:12:36,85.2,243.4,0.636,0.481,idle
2026-08-13,19:12:37,85.2,243.4,0.636,0.481,idle
2026-08-13,19:12:38,85.2,243.4,0.636,0.481,idle
2026-08-13,19:12:39,85.2,243.4,0.636,0.481,idle
2026-08-13,19:12:40,80.9,243.1,0.613,0.481,idle
2026-08-13,19:12:41,80.9,243.1,0.613,0.481,idle
2026-08-13,19:12:42,78.6,243.2,0.596,0.481,idle
2026-08-13,19:12:43,78.6,243.2,0.596,0.481,idle
2026-08-13,19:12:44,78.6,243.2,0.596,0.481,idle
2026-08-13,19:12:45,80.8,242.9,0.61,0.481,idle
2026-08-13,19:12:46,80.8,242.9,0.61,0.481,idle
2026-08-13,19:12:47,80.8,242.9,0.61,0.481,idle
2026-08-13,19:12:48,80.8,242.9,0.61,0.481,idle
2026-08-13,19:12:49,79.1,242.9,0.6,0.481,idle
2026-08-13,19:12:50,79.1,242.9,0.6,0.481,idle
2026-08-13,19:12:51,79.1,242.9,0.6,0.481,idle
2026-08-13,19:12:52,79.1,242.9,0.6,0.481,idle
2026-08-13,19:12:53,79.1,242.9,0.6,0.481,idle
2026-08-13,19:12:54,79.2,243.0,0.597,0.481,idle
2026-08-13,19:12:55,79.2,243.0,0.597,0.481,idle
2026-08-13,19:12:56,79.2,243.0,0.597,0.481,idle
2026-08-13,19:12:57,79.2,243.0,0.597,0.481,idle
2026-08-13,19:12:58,79.2,243.0,0.597,0.481,idle
2026-08-13,19:12:59,78.0,242.9,0.594,0.481,idle
2026-08-13,19:13:00,78.0,242.9,0.594,0.481,idle
2026-08-13,19:13:01,78.0,242.9,0.594,0.481,idle
2026-08-13,19:13:02,78.0,242.9,0.594,0.481,idle
2026-08-13,19:13:03,78.0,242.9,0.594,0.481,idle
2026-08-13,19:13:04,82.1,242.9,0.619,0.481,idle
2026-08-13,19:13:05,82.1,242.9,0.619,0.481,idle
2026-08-13,19:13:06,82.1,242.9,0.619,0.481,idle
2026-08-13,19:13:07,82.1,242.9,0.619,0.481,idle
2026-08-13,19:13:08,82.1,242.9,0.619,0.481,idle
2026-08-13,19:13:09,75.9,242.8,0.578,0.481,idle
2026-08-13,19:13:10,75.9,242.8,0.578,0.481,idle
2026-08-13,19:13:11,75.9,242.8,0.578,0.481,idle
2026-08-13,19:13:12,75.9,242.8,0.578,0.481,idle
2026-08-13,19:13:13,75.9,242.8,0.578,0.481,idle
2026-08-13,19:13:14,83.7,243.4,0.627,0.481,idle
2026-08-13,19:13:15,83.7,243.4,0.627,0.481,idle
2026-08-13,19:13:16,83.7,243.4,0.627,0.481,idle
2026-08-13,19:13:17,83.7,243.4,0.627,0.481,idle
2026-08-13,19:13:18,83.7,243.4,0.627,0.481,idle
2026-08-13,19:13:19,78.0,242.8,0.594,0.481,idle
2026-08-13,19:13:20,78.0,242.8,0.594,0.481,idle
2026-08-13,19:13:21,78.0,242.8,0.594,0.481,idle
2026-08-13,19:13:22,78.0,242.8,0.594,0.481,idle
2026-08-13,19:13:23,78.0,242.8,0.594,0.481,idle
2026-08-13,19:13:24,82.8,243.0,0.621,0.481,idle
2026-08-13,19:13:25,82.8,243.0,0.621,0.481,idle
2026-08-13,19:13:27,82.8,243.0,0.621,0.481,idle
2026-08-13,19:13:28,82.8,243.0,0.621,0.481,idle
2026-08-13,19:13:29,82.8,243.0,0.621,0.481,idle
2026-08-13,19:13:30,77.7,243.7,0.584,0.481,idle
2026-08-13,19:13:31,77.7,243.7,0.584,0.481,idle
2026-08-13,19:13:32,77.7,243.7,0.584,0.481,idle
2026-08-13,19:13:33,77.7,243.7,0.584,0.481,idle
2026-08-13,19:13:34,77.7,243.7,0.584,0.481,idle
2026-08-13,19:13:35,78.8,243.3,0.594,0.481,idle
2026-08-13,19:13:36,78.8,243.3,0.594,0.481,idle
2026-08-13,19:13:37,78.8,243.3,0.594,0.481,idle
2026-08-13,19:13:38,78.8,243.3,0.594,0.481,idle
2026-08-13,19:13:39,78.8,243.3,0.594,0.481,idle
2026-08-13,19:13:40,75.0,243.2,0.575,0.481,idle
2026-08-13,19:13:41,75.0,243.2,0.575,0.481,idle
2026-08-13,19:13:42,75.0,243.2,0.575,0.481,idle
2026-08-13,19:13:43,75.0,243.2,0.575,0.481,idle
2026-08-13,19:13:44,75.0,243.2,0.575,0.481,idle
2026-08-13,19:13:45,80.6,243.4,0.611,0.481,idle
2026-08-13,19:13:46,80.6,243.4,0.611,0.481,idle
2026-08-13,19:13:47,80.6,243.4,0.611,0.481,idle
2026-08-13,19:13:48,80.6,243.4,0.611,0.481,idle
2026-08-13,19:13:49,80.6,243.4,0.611,0.481,idle
2026-08-13,19:13:50,76.5,243.8,0.581,0.481,idle
2026-08-13,19:13:51,76.5,243.8,0.581,0.481,idle
2026-08-13,19:13:52,76.5,243.8,0.581,0.481,idle
2026-08-13,19:13:53,76.5,243.8,0.581,0.481,idle
2026-08-13,19:13:54,76.5,243.8,0.581,0.481,idle
2026-08-13,19:13:55,76.0,244.0,0.582,0.481,idle
2026-08-13,19:13:56,76.0,244.0,0.582,0.481,idle
2026-08-13,19:13:57,76.0,244.0,0.582,0.481,idle
2026-08-13,19:13:58,76.0,244.0,0.582,0.481,idle
2026-08-13,19:13:59,76.0,244.0,0.582,0.481,idle
2026-08-13,19:14:00,80.8,243.8,0.618,0.481,idle
2026-08-13,19:14:01,80.8,243.8,0.618,0.481,idle
2026-08-13,19:14:02,80.8,243.8,0.618,0.481,idle
2026-08-13,19:14:03,80.8,243.8,0.618,0.481,idle
2026-08-13,19:14:04,80.8,243.8,0.618,0.481,idle
2026-08-13,19:14:05,82.2,243.3,0.624,0.481,idle
2026-08-13,19:14:06,82.2,243.3,0.624,0.481,idle
2026-08-13,19:14:07,82.2,243.3,0.624,0.481,idle
2026-08-13,19:14:08,82.2,243.3,0.624,0.481,idle
2026-08-13,19:14:09,82.2,243.3,0.624,0.481,idle
2026-08-13,19:14:10,81.5,243.5,0.61,0.481,idle
2026-08-13,19:14:11,81.5,243.5,0.61,0.481,idle
2026-08-13,19:14:12,81.5,243.5,0.61,0.481,idle
2026-08-13,19:14:13,81.5,243.5,0.61,0.481,idle
2026-08-13,19:14:14,81.5,243.5,0.61,0.481,idle
2026-08-13,19:14:15,73.5,244.0,0.57,0.481,idle
2026-08-13,19:14:16,73.5,244.0,0.57,0.481,idle
2026-08-13,19:14:17,73.5,244.0,0.57,0.481,idle
2026-08-13,19:14:18,73.5,244.0,0.57,0.481,idle
2026-08-13,19:14:19,73.5,244.0,0.57,0.481,idle
2026-08-13,19:14:20,68.7,244.1,0.536,0.481,idle
2026-08-13,19:14:21,68.7,244.1,0.536,0.481,idle
2026-08-13,19:14:22,68.7,244.1,0.536,0.481,idle
2026-08-13,19:14:23,68.7,244.1,0.536,0.481,idle
2026-08-13,19:14:24,68.7,244.1,0.536,0.481,idle
2026-08-13,19:14:25,66.5,243.8,0.52,0.481,idle
2026-08-13,19:14:26,66.5,243.8,0.52,0.481,idle
2026-08-13,19:14:27,66.5,243.8,0.52,0.481,idle
2026-08-13,19:14:28,66.5,243.8,0.52,0.481,idle
2026-08-13,19:14:29,66.5,243.8,0.52,0.481,idle
2026-08-13,19:14:30,68.1,243.6,0.531,0.481,idle
2026-08-13,19:14:31,68.1,243.6,0.531,0.481,idle
2026-08-13,19:14:32,68.1,243.6,0.531,0.481,idle
2026-08-13,19:14:33,68.1,243.6,0.531,0.481,idle
2026-08-13,19:14:34,68.1,243.6,0.531,0.481,idle
2026-08-13,19:14:35,66.9,243.8,0.52,0.481,idle
2026-08-13,19:14:36,66.9,243.8,0.52,0.481,idle
2026-08-13,19:14:37,66.9,243.8,0.52,0.481,idle
2026-08-13,19:14:38,66.9,243.8,0.52,0.481,idle
2026-08-13,19:14:39,66.9,243.8,0.52,0.481,idle
2026-08-13,19:14:40,68.0,243.7,0.527,0.481,idle
2026-08-13,19:14:41,68.0,243.7,0.527,0.481,idle
2026-08-13,19:14:42,68.0,243.7,0.527,0.481,idle
2026-08-13,19:14:43,68.0,243.7,0.527,0.481,idle
2026-08-13,19:14:44,68.0,243.7,0.527,0.481,idle
2026-08-13,19:14:45,67.5,243.5,0.527,0.481,idle
2026-08-13,19:14:46,67.5,243.5,0.527,0.481,idle
2026-08-13,19:14:47,67.5,243.5,0.527,0.481,idle
2026-08-13,19:14:48,67.5,243.5,0.527,0.481,idle
2026-08-13,19:14:49,67.5,243.5,0.527,0.481,idle
2026-08-13,19:14:50,65.2,243.8,0.513,0.481,idle
2026-08-13,19:14:51,65.2,243.8,0.513,0.481,idle
2026-08-13,19:14:52,65.2,243.8,0.513,0.481,idle
2026-08-13,19:14:53,65.2,243.8,0.513,0.481,idle
2026-08-13,19:14:54,65.2,243.8,0.513,0.481,idle
2026-08-13,19:14:55,66.1,243.6,0.52,0.481,idle
2026-08-13,19:14:56,66.1,243.6,0.52,0.481,idle
2026-08-13,19:14:57,66.1,243.6,0.52,0.481,idle
2026-08-13,19:14:58,66.1,243.6,0.52,0.481,idle
2026-08-13,19:14:59,66.1,243.6,0.52,0.481,idle
2026-08-13,19:15:00,66.1,243.6,0.52,0.481,idle
2026-08-13,19:15:01,66.1,243.6,0.52,0.481,idle
2026-08-13,19:15:02,66.1,243.6,0.52,0.481,idle
2026-08-13,19:15:03,66.1,243.6,0.52,0.481,idle
2026-08-13,19:15:04,66.1,243.6,0.52,0.481,idle
2026-08-13,19:15:05,66.1,243.6,0.52,0.481,idle
2026-08-13,19:15:06,66.7,244.0,0.519,0.481,idle
2026-08-13,19:15:07,66.7,244.0,0.519,0.481,idle
2026-08-13,19:15:08,66.7,244.0,0.519,0.481,idle
2026-08-13,19:15:09,66.7,244.0,0.519,0.481,idle
2026-08-13,19:15:10,66.7,244.0,0.519,0.481,idle
2026-08-13,19:15:11,66.4,244.5,0.517,0.481,idle
2026-08-13,19:15:12,66.4,244.5,0.517,0.481,idle
2026-08-13,19:15:13,66.4,244.5,0.517,0.481,idle
2026-08-13,19:15:14,66.4,244.5,0.517,0.481,idle
2026-08-13,19:15:15,66.4,244.5,0.517,0.481,idle
2026-08-13,19:15:16,67.7,243.8,0.527,0.481,idle
2026-08-13,19:15:17,67.7,243.8,0.527,0.481,idle
2026-08-13,19:15:18,67.7,243.8,0.527,0.481,idle
2026-08-13,19:15:19,67.7,243.8,0.527,0.481,idle
2026-08-13,19:15:20,67.7,243.8,0.527,0.481,idle
2026-08-13,19:15:21,67.4,244.3,0.519,0.481,idle
2026-08-13,19:15:22,67.4,244.3,0.519,0.481,idle
2026-08-13,19:15:23,67.4,244.3,0.519,0.481,idle
2026-08-13,19:15:24,67.4,244.3,0.519,0.481,idle
2026-08-13,19:15:25,67.4,244.3,0.519,0.481,idle
2026-08-13,19:15:26,65.5,244.2,0.507,0.481,idle
2026-08-13,19:15:27,65.5,244.2,0.507,0.481,idle
2026-08-13,19:15:28,65.5,244.2,0.507,0.481,idle
2026-08-13,19:15:29,65.5,244.2,0.507,0.481,idle
2026-08-13,19:15:30,65.9,244.4,0.51,0.481,idle
2026-08-13,19:15:31,65.9,244.4,0.51,0.481,idle
2026-08-13,19:15:32,65.9,244.4,0.51,0.481,idle
2026-08-13,19:15:33,65.9,244.4,0.51,0.481,idle
2026-08-13,19:15:34,65.9,244.4,0.51,0.481,idle
2026-08-13,19:15:35,65.9,244.4,0.51,0.481,idle
2026-08-13,19:15:36,66.5,244.1,0.519,0.481,idle
2026-08-13,19:15:38,66.5,244.1,0.519,0.481,idle
2026-08-13,19:15:39,66.5,244.1,0.519,0.481,idle
2026-08-13,19:15:40,66.5,244.1,0.519,0.481,idle
2026-08-13,19:15:41,69.8,244.1,0.54,0.481,idle
2026-08-13,19:15:42,69.8,244.1,0.54,0.481,idle
2026-08-13,19:15:43,69.8,244.1,0.54,0.481,idle
2026-08-13,19:15:44,69.8,244.1,0.54,0.481,idle
2026-08-13,19:15:45,69.8,244.1,0.54,0.481,idle
2026-08-13,19:15:46,73.7,244.5,0.559,0.481,idle
2026-08-13,19:15:47,73.7,244.5,0.559,0.481,idle
2026-08-13,19:15:48,73.7,244.5,0.559,0.481,idle
2026-08-13,19:15:49,73.7,244.5,0.559,0.481,idle
2026-08-13,19:15:50,73.7,244.5,0.559,0.481,idle
2026-08-13,19:15:51,67.3,244.2,0.525,0.481,idle
2026-08-13,19:15:52,67.3,244.2,0.525,0.481,idle
2026-08-13,19:15:53,67.3,244.2,0.525,0.481,idle
2026-08-13,19:15:54,67.3,244.2,0.525,0.481,idle
2026-08-13,19:15:55,67.3,244.2,0.525,0.481,idle
2026-08-13,19:15:56,67.3,244.2,0.525,0.481,idle
2026-08-13,19:15:57,66.3,244.2,0.52,0.481,idle
2026-08-13,19:15:58,66.3,244.2,0.52,0.481,idle
2026-08-13,19:15:59,66.3,244.2,0.52,0.481,idle
2026-08-13,19:16:00,66.3,244.2,0.52,0.481,idle
2026-08-13,19:16:01,66.4,244.2,0.518,0.481,idle
2026-08-13,19:16:02,66.4,244.2,0.518,0.481,adaptive_50ms_rep6
2026-08-13,19:16:03,66.4,244.2,0.518,0.481,adaptive_50ms_rep6
2026-08-13,19:16:04,66.4,244.2,0.518,0.481,adaptive_50ms_rep6
2026-08-13,19:16:05,66.4,244.2,0.518,0.481,idle
2026-08-13,19:16:06,70.1,244.2,0.541,0.481,idle
2026-08-13,19:16:07,70.1,244.2,0.541,0.481,idle
2026-08-13,19:16:08,70.1,244.2,0.541,0.481,idle
2026-08-13,19:16:09,70.1,244.2,0.541,0.481,idle
2026-08-13,19:16:10,70.1,244.2,0.541,0.481,idle
2026-08-13,19:16:11,87.1,244.0,0.641,0.481,idle
2026-08-13,19:16:12,87.1,244.0,0.641,0.481,idle
2026-08-13,19:16:13,87.1,244.0,0.641,0.481,idle
2026-08-13,19:16:14,87.1,244.0,0.641,0.481,idle
2026-08-13,19:16:15,87.1,244.0,0.641,0.481,idle
2026-08-13,19:16:16,80.5,244.0,0.605,0.481,idle
2026-08-13,19:16:17,80.5,244.0,0.605,0.481,idle
2026-08-13,19:16:18,80.5,244.0,0.605,0.481,idle
2026-08-13,19:16:19,80.5,244.0,0.605,0.481,idle
2026-08-13,19:16:20,80.5,244.0,0.605,0.481,idle
2026-08-13,19:16:21,76.4,244.5,0.59,0.481,idle
2026-08-13,19:16:22,76.4,244.5,0.59,0.481,idle
2026-08-13,19:16:23,76.4,244.5,0.59,0.481,idle
2026-08-13,19:16:24,76.4,244.5,0.59,0.481,idle
2026-08-13,19:16:25,76.4,244.5,0.59,0.481,idle
2026-08-13,19:16:26,77.9,243.7,0.581,0.481,idle
2026-08-13,19:16:27,77.9,243.7,0.581,0.481,idle
2026-08-13,19:16:28,77.9,243.7,0.581,0.481,idle
2026-08-13,19:16:29,77.9,243.7,0.581,0.481,idle
2026-08-13,19:16:30,77.9,243.7,0.581,0.481,idle
2026-08-13,19:16:31,79.1,243.7,0.594,0.481,idle
2026-08-13,19:16:32,79.1,243.7,0.594,0.481,idle
2026-08-13,19:16:33,79.1,243.7,0.594,0.481,idle
2026-08-13,19:16:34,79.1,243.7,0.594,0.481,idle
2026-08-13,19:16:35,79.1,243.7,0.594,0.481,idle
2026-08-13,19:16:36,75.2,243.4,0.579,0.481,idle
2026-08-13,19:16:37,75.2,243.4,0.579,0.481,idle
2026-08-13,19:16:38,75.2,243.4,0.579,0.481,idle
2026-08-13,19:16:39,75.2,243.4,0.579,0.481,idle
2026-08-13,19:16:40,75.2,243.4,0.579,0.481,idle
2026-08-13,19:16:41,83.4,243.9,0.626,0.481,idle
2026-08-13,19:16:42,83.4,243.9,0.626,0.481,idle
2026-08-13,19:16:43,83.4,243.9,0.626,0.481,idle
2026-08-13,19:16:44,83.4,243.9,0.626,0.481,idle
2026-08-13,19:16:45,83.4,243.9,0.626,0.481,idle
2026-08-13,19:16:46,76.3,243.8,0.575,0.481,idle
2026-08-13,19:16:47,76.3,243.8,0.575,0.481,idle
2026-08-13,19:16:48,76.3,243.8,0.575,0.481,idle
2026-08-13,19:16:49,76.3,243.8,0.575,0.481,idle
2026-08-13,19:16:50,76.3,243.8,0.575,0.481,idle
2026-08-13,19:16:51,78.3,244.1,0.593,0.481,idle
2026-08-13,19:16:52,78.3,244.1,0.593,0.481,idle
2026-08-13,19:16:53,78.3,244.1,0.593,0.481,idle
2026-08-13,19:16:54,78.3,244.1,0.593,0.481,idle
2026-08-13,19:16:55,78.3,244.1,0.593,0.481,idle
2026-08-13,19:16:56,83.0,244.3,0.62,0.481,idle
2026-08-13,19:16:57,83.0,244.3,0.62,0.481,idle
2026-08-13,19:16:58,83.0,244.3,0.62,0.481,idle
2026-08-13,19:16:59,83.0,244.3,0.62,0.481,idle
2026-08-13,19:17:00,83.0,244.3,0.62,0.481,idle
2026-08-13,19:17:01,79.1,243.6,0.594,0.481,idle
2026-08-13,19:17:02,79.1,243.6,0.594,0.481,idle
2026-08-13,19:17:03,79.1,243.6,0.594,0.481,idle
2026-08-13,19:17:04,79.1,243.6,0.594,0.481,idle
2026-08-13,19:17:05,79.1,243.6,0.594,0.481,idle
2026-08-13,19:17:06,80.7,243.6,0.607,0.481,idle
2026-08-13,19:17:07,80.7,243.6,0.607,0.481,idle
2026-08-13,19:17:08,80.7,243.6,0.607,0.481,idle
2026-08-13,19:17:09,80.7,243.6,0.607,0.481,idle
2026-08-13,19:17:10,80.7,243.6,0.607,0.481,idle
2026-08-13,19:17:11,73.5,244.5,0.567,0.481,idle
2026-08-13,19:17:12,73.5,244.5,0.567,0.481,idle
2026-08-13,19:17:13,73.5,244.5,0.567,0.481,idle
2026-08-13,19:17:14,73.5,244.5,0.567,0.481,idle
2026-08-13,19:17:15,73.5,244.5,0.567,0.481,idle
2026-08-13,19:17:16,82.0,244.2,0.613,0.481,idle
2026-08-13,19:17:17,82.0,244.2,0.613,0.481,idle
2026-08-13,19:17:18,82.0,244.2,0.613,0.481,idle
2026-08-13,19:17:19,82.0,244.2,0.613,0.481,idle
2026-08-13,19:17:20,82.0,244.2,0.613,0.481,idle
2026-08-13,19:17:21,80.4,244.3,0.599,0.481,idle
2026-08-13,19:17:22,80.4,244.3,0.599,0.481,idle
2026-08-13,19:17:23,80.4,244.3,0.599,0.481,idle
2026-08-13,19:17:24,80.4,244.3,0.599,0.481,idle
2026-08-13,19:17:25,80.4,244.3,0.599,0.481,idle
2026-08-13,19:17:26,76.2,243.9,0.582,0.481,idle
2026-08-13,19:17:27,76.2,243.9,0.582,0.481,idle
2026-08-13,19:17:28,76.2,243.9,0.582,0.481,idle
2026-08-13,19:17:29,76.2,243.9,0.582,0.481,idle
2026-08-13,19:17:30,76.2,243.9,0.582,0.481,idle
2026-08-13,19:17:31,80.7,244.1,0.599,0.481,idle
2026-08-13,19:17:32,80.7,244.1,0.599,0.481,idle
2026-08-13,19:17:33,80.7,244.1,0.599,0.481,idle
2026-08-13,19:17:34,80.7,244.1,0.599,0.481,idle
2026-08-13,19:17:35,80.7,244.1,0.599,0.481,idle
2026-08-13,19:17:36,85.9,243.8,0.636,0.481,idle
2026-08-13,19:17:37,85.9,243.8,0.636,0.481,idle
2026-08-13,19:17:38,85.9,243.8,0.636,0.481,idle
2026-08-13,19:17:39,85.9,243.8,0.636,0.481,idle
2026-08-13,19:17:40,85.9,243.8,0.636,0.481,idle
2026-08-13,19:17:41,80.9,243.9,0.603,0.481,idle
2026-08-13,19:17:42,80.9,243.9,0.603,0.481,idle
2026-08-13,19:17:43,80.9,243.9,0.603,0.481,idle
2026-08-13,19:17:44,80.9,243.9,0.603,0.481,idle
2026-08-13,19:17:45,80.9,243.9,0.603,0.481,idle
2026-08-13,19:17:46,75.4,244.1,0.572,0.481,idle
2026-08-13,19:17:48,75.4,244.1,0.572,0.481,idle
2026-08-13,19:17:49,75.4,244.1,0.572,0.481,idle
2026-08-13,19:17:50,75.4,244.1,0.572,0.481,idle
2026-08-13,19:17:51,75.4,244.1,0.572,0.481,idle
2026-08-13,19:17:52,69.6,244.1,0.533,0.481,idle
2026-08-13,19:17:53,69.6,244.1,0.533,0.481,idle
2026-08-13,19:17:54,69.6,244.1,0.533,0.481,idle
2026-08-13,19:17:55,69.6,244.1,0.533,0.481,idle
2026-08-13,19:17:56,69.6,244.1,0.533,0.481,idle
2026-08-13,19:17:57,66.9,244.2,0.524,0.481,idle
2026-08-13,19:17:58,66.9,244.2,0.524,0.481,idle
2026-08-13,19:17:59,66.9,244.2,0.524,0.481,idle
2026-08-13,19:18:00,66.9,244.2,0.524,0.481,idle
2026-08-13,19:18:01,66.9,244.2,0.524,0.481,idle
2026-08-13,19:18:02,66.9,244.0,0.52,0.481,idle
2026-08-13,19:18:03,66.9,244.0,0.52,0.481,idle
2026-08-13,19:18:04,66.9,244.0,0.52,0.481,idle
2026-08-13,19:18:05,66.9,244.0,0.52,0.481,idle
2026-08-13,19:18:06,66.9,244.0,0.52,0.481,idle
2026-08-13,19:18:07,66.0,243.6,0.514,0.481,idle
2026-08-13,19:18:08,66.0,243.6,0.514,0.481,idle
2026-08-13,19:18:09,66.0,243.6,0.514,0.481,idle
2026-08-13,19:18:10,66.0,243.6,0.514,0.481,idle
2026-08-13,19:18:11,66.5,244.6,0.519,0.481,idle
2026-08-13,19:18:12,66.5,244.6,0.519,0.481,idle
2026-08-13,19:18:13,66.5,244.6,0.519,0.481,idle
2026-08-13,19:18:14,66.5,244.6,0.519,0.481,idle
2026-08-13,19:18:15,66.5,244.6,0.519,0.481,idle
2026-08-13,19:18:16,66.5,244.6,0.519,0.481,idle
2026-08-13,19:18:17,68.5,243.5,0.533,0.481,idle
2026-08-13,19:18:18,68.5,243.5,0.533,0.481,idle
2026-08-13,19:18:19,68.5,243.5,0.533,0.481,idle
2026-08-13,19:18:20,68.5,243.5,0.533,0.481,idle
2026-08-13,19:18:21,68.0,244.2,0.525,0.481,idle
2026-08-13,19:18:22,68.0,244.2,0.525,0.481,idle
2026-08-13,19:18:23,68.0,244.2,0.525,0.481,idle
2026-08-13,19:18:24,68.0,244.2,0.525,0.481,idle
2026-08-13,19:18:25,68.0,244.2,0.525,0.481,idle
2026-08-13,19:18:26,66.4,243.8,0.515,0.481,idle
2026-08-13,19:18:27,66.4,243.8,0.515,0.481,idle
2026-08-13,19:18:28,66.4,243.8,0.515,0.481,idle
2026-08-13,19:18:29,66.4,243.8,0.515,0.481,idle
2026-08-13,19:18:30,66.4,243.8,0.515,0.481,idle
2026-08-13,19:18:31,68.1,244.0,0.528,0.481,idle
2026-08-13,19:18:32,68.1,244.0,0.528,0.481,idle
2026-08-13,19:18:33,68.1,244.0,0.528,0.481,idle
2026-08-13,19:18:34,68.1,244.0,0.528,0.481,idle
2026-08-13,19:18:35,68.1,244.0,0.528,0.481,idle
2026-08-13,19:18:36,65.0,244.6,0.505,0.481,idle
2026-08-13,19:18:37,65.0,244.6,0.505,0.481,idle
2026-08-13,19:18:38,65.0,244.6,0.505,0.481,idle
2026-08-13,19:18:39,65.0,244.6,0.505,0.481,idle
2026-08-13,19:18:40,65.0,244.6,0.505,0.481,idle
2026-08-13,19:18:41,65.5,244.4,0.51,0.481,idle
2026-08-13,19:18:42,65.5,244.4,0.51,0.481,idle
2026-08-13,19:18:43,65.5,244.4,0.51,0.481,idle
2026-08-13,19:18:44,65.5,244.4,0.51,0.481,idle
2026-08-13,19:18:45,65.5,244.4,0.51,0.481,idle
2026-08-13,19:18:46,66.9,244.2,0.517,0.481,idle
2026-08-13,19:18:47,66.9,244.2,0.517,0.481,idle
2026-08-13,19:18:48,66.9,244.2,0.517,0.481,idle
2026-08-13,19:18:49,66.9,244.2,0.517,0.481,idle
2026-08-13,19:18:50,66.9,244.2,0.517,0.481,idle
2026-08-13,19:18:51,66.4,244.9,0.514,0.481,idle
2026-08-13,19:18:52,66.4,244.9,0.514,0.481,idle
2026-08-13,19:18:53,66.4,244.9,0.514,0.481,idle
2026-08-13,19:18:54,66.4,244.9,0.514,0.481,idle
2026-08-13,19:18:55,66.4,244.9,0.514,0.481,idle
2026-08-13,19:18:56,65.0,244.2,0.507,0.481,idle
2026-08-13,19:18:57,65.0,244.2,0.507,0.481,idle
2026-08-13,19:18:58,65.0,244.2,0.507,0.481,idle
2026-08-13,19:18:59,65.0,244.2,0.507,0.481,idle
2026-08-13,19:19:00,65.0,244.2,0.507,0.481,idle
2026-08-13,19:19:01,67.0,244.4,0.518,0.481,idle
2026-08-13,19:19:02,67.0,244.4,0.518,0.481,idle
2026-08-13,19:19:03,67.0,244.4,0.518,0.481,idle
2026-08-13,19:19:04,67.0,244.4,0.518,0.481,idle
2026-08-13,19:19:05,67.0,244.4,0.518,0.481,idle
2026-08-13,19:19:06,64.3,244.8,0.505,0.481,idle
2026-08-13,19:19:07,64.3,244.8,0.505,0.481,idle
2026-08-13,19:19:08,64.3,244.8,0.505,0.481,idle
2026-08-13,19:19:09,64.3,244.8,0.505,0.481,idle
2026-08-13,19:19:10,64.3,244.8,0.505,0.481,idle
2026-08-13,19:19:11,68.0,244.3,0.526,0.481,idle
2026-08-13,19:19:12,68.0,244.3,0.526,0.481,idle
2026-08-13,19:19:13,68.0,244.3,0.526,0.481,idle
2026-08-13,19:19:14,68.0,244.3,0.526,0.481,idle
2026-08-13,19:19:15,68.0,244.3,0.526,0.481,idle
2026-08-13,19:19:16,72.4,244.0,0.548,0.481,idle
2026-08-13,19:19:17,72.4,244.0,0.548,0.481,idle
2026-08-13,19:19:18,72.4,244.0,0.548,0.481,idle
2026-08-13,19:19:19,72.4,244.0,0.548,0.481,idle
2026-08-13,19:19:20,72.4,244.0,0.548,0.481,idle
2026-08-13,19:19:21,70.1,244.5,0.541,0.481,idle
2026-08-13,19:19:22,70.1,244.5,0.541,0.481,adaptive_50ms_rep7
2026-08-13,19:19:23,70.1,244.5,0.541,0.481,adaptive_50ms_rep7
2026-08-13,19:19:24,70.1,244.5,0.541,0.481,adaptive_50ms_rep7
2026-08-13,19:19:25,70.1,244.5,0.541,0.481,idle
2026-08-13,19:19:26,78.6,244.3,0.592,0.481,idle
2026-08-13,19:19:27,78.6,244.3,0.592,0.481,idle
2026-08-13,19:19:28,78.6,244.3,0.592,0.481,idle
2026-08-13,19:19:29,78.6,244.3,0.592,0.481,idle
2026-08-13,19:19:30,78.6,244.3,0.592,0.481,idle
2026-08-13,19:19:31,84.7,244.3,0.644,0.481,idle
2026-08-13,19:19:32,84.7,244.3,0.644,0.481,idle
2026-08-13,19:19:33,84.7,244.3,0.644,0.481,idle
2026-08-13,19:19:34,84.7,244.3,0.644,0.481,idle
2026-08-13,19:19:35,84.7,244.3,0.644,0.481,idle
2026-08-13,19:19:36,82.2,243.9,0.613,0.481,idle
2026-08-13,19:19:37,82.2,243.9,0.613,0.481,idle
2026-08-13,19:19:38,82.2,243.9,0.613,0.481,idle
2026-08-13,19:19:39,82.2,243.9,0.613,0.481,idle
2026-08-13,19:19:40,82.2,243.9,0.613,0.481,idle
2026-08-13,19:19:41,77.3,244.3,0.58,0.481,idle
2026-08-13,19:19:42,77.3,244.3,0.58,0.481,idle
2026-08-13,19:19:43,77.3,244.3,0.58,0.481,idle
2026-08-13,19:19:44,77.3,244.3,0.58,0.481,idle
2026-08-13,19:19:45,77.3,244.3,0.58,0.481,idle
2026-08-13,19:19:46,81.9,244.0,0.601,0.481,idle
2026-08-13,19:19:47,81.9,244.0,0.601,0.481,idle
2026-08-13,19:19:48,81.9,244.0,0.601,0.481,idle
2026-08-13,19:19:49,81.9,244.0,0.601,0.481,idle
2026-08-13,19:19:50,81.9,244.0,0.601,0.481,idle
2026-08-13,19:19:51,80.0,244.0,0.596,0.481,idle
2026-08-13,19:19:52,80.0,244.0,0.596,0.481,idle
2026-08-13,19:19:53,80.0,244.0,0.596,0.481,idle
2026-08-13,19:19:54,80.0,244.0,0.596,0.481,idle
2026-08-13,19:19:55,80.0,244.0,0.596,0.481,idle
2026-08-13,19:19:56,76.3,244.5,0.572,0.481,idle
2026-08-13,19:19:58,76.3,244.5,0.572,0.481,idle
2026-08-13,19:19:59,76.3,244.5,0.572,0.481,idle
2026-08-13,19:20:00,76.3,244.5,0.572,0.481,idle
2026-08-13,19:20:01,76.3,244.5,0.572,0.481,idle
2026-08-13,19:20:02,82.3,244.1,0.617,0.481,idle
2026-08-13,19:20:03,82.3,244.1,0.617,0.481,idle
2026-08-13,19:20:04,82.3,244.1,0.617,0.481,idle
2026-08-13,19:20:05,82.3,244.1,0.617,0.481,idle
2026-08-13,19:20:06,82.3,244.1,0.617,0.481,idle
2026-08-13,19:20:07,79.0,244.5,0.584,0.481,idle
2026-08-13,19:20:08,79.0,244.5,0.584,0.481,idle
2026-08-13,19:20:09,79.0,244.5,0.584,0.481,idle
2026-08-13,19:20:10,79.0,244.5,0.584,0.481,idle
2026-08-13,19:20:11,79.0,244.5,0.584,0.481,idle
2026-08-13,19:20:12,83.6,243.7,0.621,0.481,idle
2026-08-13,19:20:13,83.6,243.7,0.621,0.481,idle
2026-08-13,19:20:14,83.6,243.7,0.621,0.481,idle
2026-08-13,19:20:15,83.6,243.7,0.621,0.481,idle
2026-08-13,19:20:16,83.6,243.7,0.621,0.481,idle
2026-08-13,19:20:17,78.9,244.2,0.592,0.481,idle
2026-08-13,19:20:18,78.9,244.2,0.592,0.481,idle
2026-08-13,19:20:19,78.9,244.2,0.592,0.481,idle
2026-08-13,19:20:20,78.9,244.2,0.592,0.481,idle
2026-08-13,19:20:21,78.9,244.2,0.592,0.481,idle
2026-08-13,19:20:22,85.3,243.9,0.629,0.481,idle
2026-08-13,19:20:23,85.3,243.9,0.629,0.481,idle
2026-08-13,19:20:24,85.3,243.9,0.629,0.481,idle
2026-08-13,19:20:25,85.3,243.9,0.629,0.481,idle
2026-08-13,19:20:26,85.3,243.9,0.629,0.481,idle
2026-08-13,19:20:27,85.3,243.9,0.629,0.481,idle
2026-08-13,19:20:28,85.3,243.9,0.629,0.481,idle
2026-08-13,19:20:29,85.3,243.9,0.629,0.481,idle
2026-08-13,19:20:30,85.3,243.9,0.629,0.481,idle
2026-08-13,19:20:31,85.3,243.9,0.629,0.481,idle
2026-08-13,19:20:32,85.3,243.9,0.629,0.481,idle
2026-08-13,19:20:33,85.3,243.9,0.629,0.481,idle
2026-08-13,19:20:34,85.3,243.9,0.629,0.481,idle
2026-08-13,19:20:35,85.3,243.9,0.629,0.481,idle
2026-08-13,19:20:36,85.3,243.9,0.629,0.481,idle
2026-08-13,19:20:37,85.3,243.9,0.629,0.481,idle
2026-08-13,19:20:38,85.3,243.9,0.629,0.481,idle
2026-08-13,19:20:39,79.0,243.5,0.59,0.481,idle
2026-08-13,19:20:40,79.0,243.5,0.59,0.481,idle
2026-08-13,19:20:41,79.0,243.5,0.59,0.481,idle
2026-08-13,19:20:42,79.0,243.5,0.59,0.481,idle
2026-08-13,19:20:43,79.0,243.5,0.59,0.481,idle
2026-08-13,19:20:44,74.9,243.8,0.564,0.481,idle
2026-08-13,19:20:45,74.9,243.8,0.564,0.481,idle
2026-08-13,19:20:46,74.9,243.8,0.564,0.481,idle
2026-08-13,19:20:47,74.9,243.8,0.564,0.481,idle
2026-08-13,19:20:48,74.9,243.8,0.564,0.481,idle
2026-08-13,19:20:49,76.0,243.9,0.578,0.481,idle
2026-08-13,19:20:50,76.0,243.9,0.578,0.481,idle
2026-08-13,19:20:51,76.0,243.9,0.578,0.481,idle
2026-08-13,19:20:52,76.0,243.9,0.578,0.481,idle
2026-08-13,19:20:53,76.0,243.9,0.578,0.481,idle
2026-08-13,19:20:54,79.1,243.5,0.591,0.481,idle
2026-08-13,19:20:55,79.1,243.5,0.591,0.481,idle
2026-08-13,19:20:56,79.1,243.5,0.591,0.481,idle
2026-08-13,19:20:57,79.1,243.5,0.591,0.481,idle
2026-08-13,19:20:58,79.1,243.5,0.591,0.481,idle
2026-08-13,19:20:59,79.3,244.3,0.595,0.481,idle
2026-08-13,19:21:00,79.3,244.3,0.595,0.481,idle
2026-08-13,19:21:01,79.3,244.3,0.595,0.481,idle
2026-08-13,19:21:02,79.3,244.3,0.595,0.481,idle
2026-08-13,19:21:03,79.3,244.3,0.595,0.481,idle
2026-08-13,19:21:04,83.3,243.4,0.619,0.481,idle
2026-08-13,19:21:05,83.3,243.4,0.619,0.481,idle
2026-08-13,19:21:06,83.3,243.4,0.619,0.481,idle
2026-08-13,19:21:07,83.3,243.4,0.619,0.481,idle
2026-08-13,19:21:08,83.3,243.4,0.619,0.481,idle
2026-08-13,19:21:09,71.2,244.3,0.544,0.481,idle
2026-08-13,19:21:10,71.2,244.3,0.544,0.481,idle
2026-08-13,19:21:11,71.2,244.3,0.544,0.481,idle
2026-08-13,19:21:12,71.2,244.3,0.544,0.481,idle
2026-08-13,19:21:13,71.2,244.3,0.544,0.481,idle
2026-08-13,19:21:14,68.0,244.2,0.527,0.481,idle
2026-08-13,19:21:15,68.0,244.2,0.527,0.481,idle
2026-08-13,19:21:16,68.0,244.2,0.527,0.481,idle
2026-08-13,19:21:17,68.0,244.2,0.527,0.481,idle
2026-08-13,19:21:18,68.0,244.2,0.527,0.481,idle
2026-08-13,19:21:19,66.6,243.5,0.52,0.481,idle
2026-08-13,19:21:20,66.6,243.5,0.52,0.481,idle
2026-08-13,19:21:21,66.6,243.5,0.52,0.481,idle
2026-08-13,19:21:22,66.6,243.5,0.52,0.481,idle
2026-08-13,19:21:23,66.6,243.5,0.52,0.481,idle
2026-08-13,19:21:24,64.9,243.2,0.51,0.481,idle
2026-08-13,19:21:25,64.9,243.2,0.51,0.481,idle
2026-08-13,19:21:26,64.9,243.2,0.51,0.481,idle
2026-08-13,19:21:27,64.9,243.2,0.51,0.481,idle
2026-08-13,19:21:28,64.9,243.2,0.51,0.481,idle
2026-08-13,19:21:29,65.9,243.2,0.512,0.481,idle
2026-08-13,19:21:30,65.9,243.2,0.512,0.481,idle
2026-08-13,19:21:31,65.9,243.2,0.512,0.481,idle
2026-08-13,19:21:32,65.9,243.2,0.512,0.481,idle
2026-08-13,19:21:33,65.9,243.2,0.512,0.481,idle
2026-08-13,19:21:34,65.6,243.3,0.512,0.481,idle
2026-08-13,19:21:35,65.6,243.3,0.512,0.481,idle
2026-08-13,19:21:36,65.6,243.3,0.512,0.481,idle
2026-08-13,19:21:37,65.6,243.3,0.512,0.481,idle
2026-08-13,19:21:38,65.6,243.3,0.512,0.481,idle
2026-08-13,19:21:39,69.1,243.3,0.533,0.481,idle
2026-08-13,19:21:40,69.1,243.3,0.533,0.481,idle
2026-08-13,19:21:41,69.1,243.3,0.533,0.481,idle
2026-08-13,19:21:42,69.1,243.3,0.533,0.481,idle
2026-08-13,19:21:43,69.1,243.3,0.533,0.481,idle
2026-08-13,19:21:44,66.3,242.9,0.515,0.481,idle
2026-08-13,19:21:45,66.3,242.9,0.515,0.481,idle
2026-08-13,19:21:46,66.3,242.9,0.515,0.481,idle
2026-08-13,19:21:47,66.3,242.9,0.515,0.481,idle
2026-08-13,19:21:48,66.3,242.9,0.515,0.481,idle
2026-08-13,19:21:49,65.9,243.2,0.514,0.481,idle
2026-08-13,19:21:50,65.9,243.2,0.514,0.481,idle
2026-08-13,19:21:51,65.9,243.2,0.514,0.481,idle
2026-08-13,19:21:52,65.9,243.2,0.514,0.481,idle
2026-08-13,19:21:53,65.9,243.2,0.514,0.481,idle
2026-08-13,19:21:54,65.6,243.7,0.51,0.481,idle
2026-08-13,19:21:55,65.6,243.7,0.51,0.481,idle
2026-08-13,19:21:56,65.6,243.7,0.51,0.481,idle
2026-08-13,19:21:57,65.6,243.7,0.51,0.481,idle
2026-08-13,19:21:58,65.6,243.7,0.51,0.481,idle
2026-08-13,19:21:59,64.7,244.0,0.503,0.481,idle
2026-08-13,19:22:00,64.7,244.0,0.503,0.481,idle
2026-08-13,19:22:01,64.7,244.0,0.503,0.481,idle
2026-08-13,19:22:02,64.7,244.0,0.503,0.481,idle
2026-08-13,19:22:03,64.7,244.0,0.503,0.481,idle
2026-08-13,19:22:04,67.9,244.1,0.524,0.481,idle
2026-08-13,19:22:05,67.9,244.1,0.524,0.481,idle
2026-08-13,19:22:07,67.9,244.1,0.524,0.481,idle
2026-08-13,19:22:08,67.9,244.1,0.524,0.481,idle
2026-08-13,19:22:09,67.9,244.1,0.524,0.481,idle
2026-08-13,19:22:10,68.3,244.0,0.528,0.481,idle
2026-08-13,19:22:11,68.3,244.0,0.528,0.481,idle
2026-08-13,19:22:12,68.3,244.0,0.528,0.481,idle
2026-08-13,19:22:13,68.3,244.0,0.528,0.481,idle
2026-08-13,19:22:14,64.1,244.1,0.502,0.481,idle
2026-08-13,19:22:15,64.1,244.1,0.502,0.481,idle
2026-08-13,19:22:16,64.1,244.1,0.502,0.481,idle
2026-08-13,19:22:17,64.1,244.1,0.502,0.481,idle
2026-08-13,19:22:18,64.1,244.1,0.502,0.481,idle
2026-08-13,19:22:19,64.1,244.1,0.502,0.481,idle
2026-08-13,19:22:20,64.6,243.5,0.506,0.481,idle
2026-08-13,19:22:21,64.6,243.5,0.506,0.481,idle
2026-08-13,19:22:22,64.6,243.5,0.506,0.481,idle
2026-08-13,19:22:23,64.6,243.5,0.506,0.481,idle
2026-08-13,19:22:24,65.8,243.6,0.507,0.481,idle
2026-08-13,19:22:25,65.8,243.6,0.507,0.481,idle
2026-08-13,19:22:26,65.8,243.6,0.507,0.481,idle
2026-08-13,19:22:27,65.8,243.6,0.507,0.481,idle
2026-08-13,19:22:28,65.8,243.6,0.507,0.481,idle
2026-08-13,19:22:29,65.3,243.6,0.505,0.481,idle
2026-08-13,19:22:30,65.3,243.6,0.505,0.481,idle
2026-08-13,19:22:31,65.3,243.6,0.505,0.481,idle
2026-08-13,19:22:32,65.3,243.6,0.505,0.481,idle
2026-08-13,19:22:33,65.3,243.6,0.505,0.481,idle
2026-08-13,19:22:34,64.7,243.9,0.503,0.481,idle
2026-08-13,19:22:35,64.7,243.9,0.503,0.481,idle
2026-08-13,19:22:36,64.7,243.9,0.503,0.481,idle
2026-08-13,19:22:37,64.7,243.9,0.503,0.481,idle
2026-08-13,19:22:38,64.7,243.9,0.503,0.481,idle
2026-08-13,19:22:39,82.6,243.6,0.612,0.481,idle
2026-08-13,19:22:40,82.6,243.6,0.612,0.481,idle
2026-08-13,19:22:41,82.6,243.6,0.612,0.481,idle
2026-08-13,19:22:42,82.6,243.6,0.612,0.481,idle
2026-08-13,19:22:43,82.6,243.6,0.612,0.481,idle
2026-08-13,19:22:44,67.5,243.6,0.52,0.481,idle
2026-08-13,19:22:45,67.5,243.6,0.52,0.481,adaptive_50ms_rep8
2026-08-13,19:22:46,67.5,243.6,0.52,0.481,adaptive_50ms_rep8
2026-08-13,19:22:47,67.5,243.6,0.52,0.481,adaptive_50ms_rep8
2026-08-13,19:22:48,67.5,243.6,0.52,0.481,idle
2026-08-13,19:22:49,79.6,243.5,0.597,0.481,idle
2026-08-13,19:22:50,79.6,243.5,0.597,0.481,idle
2026-08-13,19:22:51,79.6,243.5,0.597,0.481,idle
2026-08-13,19:22:52,79.6,243.5,0.597,0.481,idle
2026-08-13,19:22:53,79.6,243.5,0.597,0.481,idle
2026-08-13,19:22:54,79.6,243.5,0.597,0.481,idle
2026-08-13,19:22:55,79.6,243.5,0.597,0.481,idle
2026-08-13,19:22:56,77.2,243.5,0.584,0.481,idle
2026-08-13,19:22:57,77.2,243.5,0.584,0.481,idle
2026-08-13,19:22:58,77.2,243.5,0.584,0.481,idle
2026-08-13,19:22:59,77.2,243.5,0.584,0.481,idle
2026-08-13,19:23:00,77.2,243.5,0.584,0.481,idle
2026-08-13,19:23:01,78.2,244.1,0.563,0.481,idle
2026-08-13,19:23:02,78.2,244.1,0.563,0.481,idle
2026-08-13,19:23:03,78.2,244.1,0.563,0.481,idle
2026-08-13,19:23:04,78.2,244.1,0.563,0.481,idle
2026-08-13,19:23:05,78.2,244.1,0.563,0.481,idle
2026-08-13,19:23:06,74.7,243.6,0.566,0.481,idle
2026-08-13,19:23:07,74.7,243.6,0.566,0.481,idle
2026-08-13,19:23:08,74.7,243.6,0.566,0.481,idle
2026-08-13,19:23:09,74.7,243.6,0.566,0.481,idle
2026-08-13,19:23:10,74.7,243.6,0.566,0.481,idle
2026-08-13,19:23:11,76.3,243.9,0.575,0.481,idle
2026-08-13,19:23:12,76.3,243.9,0.575,0.481,idle
2026-08-13,19:23:13,76.3,243.9,0.575,0.481,idle
2026-08-13,19:23:14,76.3,243.9,0.575,0.481,idle
2026-08-13,19:23:15,76.3,243.9,0.575,0.481,idle
2026-08-13,19:23:16,76.3,243.6,0.578,0.481,idle
2026-08-13,19:23:17,79.6,243.8,0.596,0.481,idle
2026-08-13,19:23:18,79.6,243.8,0.596,0.481,idle
2026-08-13,19:23:19,79.6,243.8,0.596,0.481,idle
2026-08-13,19:23:20,79.6,243.8,0.596,0.481,idle
2026-08-13,19:23:21,74.5,243.9,0.568,0.481,idle
2026-08-13,19:23:22,74.5,243.9,0.568,0.481,idle
2026-08-13,19:23:23,74.5,243.9,0.568,0.481,idle
2026-08-13,19:23:24,74.5,243.9,0.568,0.481,idle
2026-08-13,19:23:25,74.5,243.9,0.568,0.481,idle
2026-08-13,19:23:26,76.4,244.4,0.58,0.481,idle
2026-08-13,19:23:27,76.4,244.4,0.58,0.481,idle
2026-08-13,19:23:28,76.4,244.4,0.58,0.481,idle
2026-08-13,19:23:29,76.4,244.4,0.58,0.481,idle
2026-08-13,19:23:30,76.4,244.4,0.58,0.481,idle
2026-08-13,19:23:31,85.7,243.7,0.627,0.481,idle
2026-08-13,19:23:32,85.7,243.7,0.627,0.481,idle
2026-08-13,19:23:33,85.7,243.7,0.627,0.481,idle
2026-08-13,19:23:34,85.7,243.7,0.627,0.481,idle
2026-08-13,19:23:35,85.7,243.7,0.627,0.481,idle
2026-08-13,19:23:36,78.6,243.8,0.588,0.481,idle
2026-08-13,19:23:37,78.6,243.8,0.588,0.481,idle
2026-08-13,19:23:38,78.6,243.8,0.588,0.481,idle
2026-08-13,19:23:39,78.6,243.8,0.588,0.481,idle
2026-08-13,19:23:40,81.2,243.4,0.6,0.481,idle
2026-08-13,19:23:41,81.2,243.4,0.6,0.481,idle
2026-08-13,19:23:42,81.2,243.4,0.6,0.481,idle
2026-08-13,19:23:43,81.2,243.4,0.6,0.481,idle
2026-08-13,19:23:44,81.2,243.4,0.6,0.481,idle
2026-08-13,19:23:45,81.1,243.6,0.6,0.481,idle
2026-08-13,19:23:46,81.1,243.6,0.6,0.481,idle
2026-08-13,19:23:47,81.1,243.6,0.6,0.481,idle
2026-08-13,19:23:48,81.1,243.6,0.6,0.481,idle
2026-08-13,19:23:49,81.1,243.6,0.6,0.481,idle
2026-08-13,19:23:50,77.7,244.1,0.58,0.481,idle
2026-08-13,19:23:51,77.7,244.1,0.58,0.481,idle
2026-08-13,19:23:52,77.7,244.1,0.58,0.481,idle
2026-08-13,19:23:53,77.7,244.1,0.58,0.481,idle
2026-08-13,19:23:54,77.7,244.1,0.58,0.481,idle
2026-08-13,19:23:55,80.3,243.9,0.601,0.481,idle
2026-08-13,19:23:56,80.3,243.9,0.601,0.481,idle
2026-08-13,19:23:57,80.3,243.9,0.601,0.481,idle
2026-08-13,19:23:58,80.3,243.9,0.601,0.481,idle
2026-08-13,19:23:59,80.3,243.9,0.601,0.481,idle
2026-08-13,19:24:00,78.1,243.6,0.587,0.481,idle
2026-08-13,19:24:01,78.1,243.6,0.587,0.481,idle
2026-08-13,19:24:02,78.1,243.6,0.587,0.481,idle
2026-08-13,19:24:03,78.1,243.6,0.587,0.481,idle
2026-08-13,19:24:04,78.1,243.6,0.587,0.481,idle
2026-08-13,19:24:05,80.9,243.6,0.599,0.481,idle
2026-08-13,19:24:06,80.9,243.6,0.599,0.481,idle
2026-08-13,19:24:07,80.9,243.6,0.599,0.481,idle
2026-08-13,19:24:08,80.9,243.6,0.599,0.481,idle
2026-08-13,19:24:09,80.9,243.6,0.599,0.481,idle
2026-08-13,19:24:10,73.1,243.4,0.555,0.481,idle
2026-08-13,19:24:11,73.1,243.4,0.555,0.481,idle
2026-08-13,19:24:12,73.1,243.4,0.555,0.481,idle
2026-08-13,19:24:13,73.1,243.4,0.555,0.481,idle
2026-08-13,19:24:14,73.1,243.4,0.555,0.481,idle
2026-08-13,19:24:15,78.8,243.3,0.584,0.481,idle
2026-08-13,19:24:17,78.8,243.3,0.584,0.481,idle
2026-08-13,19:24:18,78.8,243.3,0.584,0.481,idle
2026-08-13,19:24:19,78.8,243.3,0.584,0.481,idle
2026-08-13,19:24:20,78.8,243.3,0.584,0.481,idle
2026-08-13,19:24:21,79.8,243.9,0.594,0.481,idle
2026-08-13,19:24:22,79.8,243.9,0.594,0.481,idle
2026-08-13,19:24:23,79.8,243.9,0.594,0.481,idle
2026-08-13,19:24:24,79.8,243.9,0.594,0.481,idle
2026-08-13,19:24:25,79.8,243.9,0.594,0.481,idle
2026-08-13,19:24:26,83.9,243.7,0.619,0.481,idle
2026-08-13,19:24:27,83.9,243.7,0.619,0.481,idle
2026-08-13,19:24:28,83.9,243.7,0.619,0.481,idle
2026-08-13,19:24:29,83.9,243.7,0.619,0.481,idle
2026-08-13,19:24:30,83.9,243.7,0.619,0.481,idle
2026-08-13,19:24:31,72.8,244.0,0.557,0.481,idle
2026-08-13,19:24:32,72.8,244.0,0.557,0.481,idle
2026-08-13,19:24:33,72.8,244.0,0.557,0.481,idle
2026-08-13,19:24:34,72.8,244.0,0.557,0.481,idle
2026-08-13,19:24:35,72.8,244.0,0.557,0.481,idle
2026-08-13,19:24:36,69.9,243.4,0.537,0.481,idle
2026-08-13,19:24:37,69.9,243.4,0.537,0.481,idle
2026-08-13,19:24:38,69.9,243.4,0.537,0.481,idle
2026-08-13,19:24:39,69.9,243.4,0.537,0.481,idle
2026-08-13,19:24:40,69.9,243.4,0.537,0.481,idle
2026-08-13,19:24:41,66.5,243.2,0.515,0.481,idle
2026-08-13,19:24:42,66.5,243.2,0.515,0.481,idle
2026-08-13,19:24:43,66.5,243.2,0.515,0.481,idle
2026-08-13,19:24:44,66.5,243.2,0.515,0.481,idle
2026-08-13,19:24:45,66.5,243.2,0.515,0.481,idle
2026-08-13,19:24:46,66.8,243.9,0.516,0.481,idle
2026-08-13,19:24:47,66.8,243.9,0.516,0.481,idle
2026-08-13,19:24:48,66.8,243.9,0.516,0.481,idle
2026-08-13,19:24:49,66.8,243.9,0.516,0.481,idle
2026-08-13,19:24:50,66.8,243.9,0.516,0.481,idle
2026-08-13,19:24:51,67.0,243.8,0.516,0.481,idle
2026-08-13,19:24:52,67.0,243.8,0.516,0.481,idle
2026-08-13,19:24:53,65.6,243.6,0.508,0.481,idle
2026-08-13,19:24:54,65.6,243.6,0.508,0.481,idle
2026-08-13,19:24:55,65.6,243.6,0.508,0.481,idle
2026-08-13,19:24:56,66.5,243.3,0.513,0.481,idle
2026-08-13,19:24:57,66.5,243.3,0.513,0.481,idle
2026-08-13,19:24:58,66.5,243.3,0.513,0.481,idle
2026-08-13,19:24:59,66.5,243.3,0.513,0.481,idle
2026-08-13,19:25:00,66.5,243.3,0.513,0.481,idle
2026-08-13,19:25:01,68.0,243.8,0.521,0.481,idle
2026-08-13,19:25:02,68.0,243.8,0.521,0.481,idle
2026-08-13,19:25:03,68.0,243.8,0.521,0.481,idle
2026-08-13,19:25:04,68.0,243.8,0.521,0.481,idle
2026-08-13,19:25:05,68.0,243.8,0.521,0.481,idle
2026-08-13,19:25:06,68.2,243.5,0.525,0.481,idle
2026-08-13,19:25:07,68.2,243.5,0.525,0.481,idle
2026-08-13,19:25:08,68.2,243.5,0.525,0.481,idle
2026-08-13,19:25:09,68.2,243.5,0.525,0.481,idle
2026-08-13,19:25:10,68.2,243.5,0.525,0.481,idle
2026-08-13,19:25:11,67.0,244.1,0.513,0.481,idle
2026-08-13,19:25:12,67.0,244.1,0.513,0.481,idle
2026-08-13,19:25:13,67.0,244.1,0.513,0.481,idle
2026-08-13,19:25:14,67.0,244.1,0.513,0.481,idle
2026-08-13,19:25:15,67.0,244.1,0.513,0.481,idle
2026-08-13,19:25:16,67.5,243.2,0.519,0.481,idle
2026-08-13,19:25:17,67.5,243.2,0.519,0.481,idle
2026-08-13,19:25:18,67.5,243.2,0.519,0.481,idle
2026-08-13,19:25:19,67.5,243.2,0.519,0.481,idle
2026-08-13,19:25:20,67.5,243.2,0.519,0.481,idle
2026-08-13,19:25:21,65.3,243.6,0.507,0.481,idle
2026-08-13,19:25:22,65.3,243.6,0.507,0.481,idle
2026-08-13,19:25:23,65.3,243.6,0.507,0.481,idle
2026-08-13,19:25:24,65.3,243.6,0.507,0.481,idle
2026-08-13,19:25:25,65.3,243.6,0.507,0.481,idle
2026-08-13,19:25:26,66.9,243.3,0.517,0.481,idle
2026-08-13,19:25:27,66.9,243.3,0.517,0.481,idle
2026-08-13,19:25:28,66.9,243.3,0.517,0.481,idle
2026-08-13,19:25:29,66.9,243.3,0.517,0.481,idle
2026-08-13,19:25:30,66.9,243.3,0.517,0.481,idle
2026-08-13,19:25:31,69.2,243.2,0.533,0.481,idle
2026-08-13,19:25:32,69.2,243.2,0.533,0.481,idle
2026-08-13,19:25:33,69.2,243.2,0.533,0.481,idle
2026-08-13,19:25:34,69.2,243.2,0.533,0.481,idle
2026-08-13,19:25:35,69.2,243.2,0.533,0.481,idle
2026-08-13,19:25:36,67.5,244.1,0.52,0.481,idle
2026-08-13,19:25:37,67.5,244.1,0.52,0.481,idle
2026-08-13,19:25:38,67.5,244.1,0.52,0.481,idle
2026-08-13,19:25:39,67.5,244.1,0.52,0.481,idle
2026-08-13,19:25:40,67.5,244.1,0.52,0.481,idle
2026-08-13,19:25:41,66.3,243.6,0.509,0.481,idle
2026-08-13,19:25:42,66.3,243.6,0.509,0.481,idle
2026-08-13,19:25:43,66.3,243.6,0.509,0.481,idle
2026-08-13,19:25:44,66.3,243.6,0.509,0.481,idle
2026-08-13,19:25:45,66.3,243.6,0.509,0.481,idle
2026-08-13,19:25:46,65.4,243.6,0.503,0.481,idle
2026-08-13,19:25:47,65.4,243.6,0.503,0.481,idle
2026-08-13,19:25:48,65.4,243.6,0.503,0.481,idle
2026-08-13,19:25:49,65.4,243.6,0.503,0.481,idle
2026-08-13,19:25:50,65.4,243.6,0.503,0.481,idle
2026-08-13,19:25:51,68.1,243.7,0.521,0.481,idle
2026-08-13,19:25:52,68.1,243.7,0.521,0.481,idle
2026-08-13,19:25:53,68.1,243.7,0.521,0.481,idle
2026-08-13,19:25:54,68.1,243.7,0.521,0.481,idle
2026-08-13,19:25:55,68.1,243.7,0.521,0.481,idle
2026-08-13,19:25:56,68.2,244.4,0.52,0.481,idle
2026-08-13,19:25:57,68.2,244.4,0.52,0.481,idle
2026-08-13,19:25:58,68.2,244.4,0.52,0.481,idle
2026-08-13,19:25:59,68.2,244.4,0.52,0.481,idle
2026-08-13,19:26:00,68.2,244.4,0.52,0.481,idle
2026-08-13,19:26:01,84.4,243.7,0.621,0.481,idle
2026-08-13,19:26:02,84.4,243.7,0.621,0.481,idle
2026-08-13,19:26:03,84.4,243.7,0.621,0.481,idle
2026-08-13,19:26:04,84.4,243.7,0.621,0.481,idle
2026-08-13,19:26:05,84.4,243.7,0.621,0.481,idle
2026-08-13,19:26:06,68.1,243.8,0.524,0.481,idle
2026-08-13,19:26:07,68.1,243.8,0.524,0.481,idle
2026-08-13,19:26:08,68.1,243.8,0.524,0.481,idle
2026-08-13,19:26:09,68.1,243.8,0.524,0.481,idle
2026-08-13,19:26:10,64.9,244.1,0.504,0.481,idle
2026-08-13,19:26:11,64.9,244.1,0.504,0.481,idle
2026-08-13,19:26:12,64.9,244.1,0.504,0.481,idle
2026-08-13,19:26:13,64.9,244.1,0.504,0.481,idle
2026-08-13,19:26:14,64.9,244.1,0.504,0.481,idle
2026-08-13,19:26:15,66.0,243.8,0.509,0.481,idle
2026-08-13,19:26:16,66.0,243.8,0.509,0.481,idle
2026-08-13,19:26:17,66.0,243.8,0.509,0.481,idle
2026-08-13,19:26:18,66.0,243.8,0.509,0.481,idle
2026-08-13,19:26:19,66.0,243.8,0.509,0.481,idle
2026-08-13,19:26:20,65.4,243.9,0.501,0.481,idle
2026-08-13,19:26:21,65.4,243.9,0.501,0.481,idle
2026-08-13,19:26:22,65.4,243.9,0.501,0.481,idle
2026-08-13,19:26:23,65.4,243.9,0.501,0.481,idle
2026-08-13,19:26:24,65.4,243.9,0.501,0.481,idle
2026-08-13,19:26:25,65.8,244.0,0.508,0.481,idle
2026-08-13,19:26:27,65.8,244.0,0.508,0.481,idle
2026-08-13,19:26:28,65.8,244.0,0.508,0.481,adaptive_50ms_rep9
2026-08-13,19:26:29,65.8,244.0,0.508,0.481,adaptive_50ms_rep9
2026-08-13,19:26:30,65.8,244.0,0.508,0.481,adaptive_50ms_rep9
2026-08-13,19:26:31,65.1,244.1,0.505,0.481,adaptive_50ms_rep9
2026-08-13,19:26:32,65.1,244.1,0.505,0.481,idle
2026-08-13,19:26:33,65.1,244.1,0.505,0.481,idle
2026-08-13,19:26:34,65.1,244.1,0.505,0.481,idle
2026-08-13,19:26:35,65.1,244.1,0.505,0.481,idle
2026-08-13,19:26:36,86.3,244.0,0.626,0.481,idle
2026-08-13,19:26:37,86.3,244.0,0.626,0.481,idle
2026-08-13,19:26:38,86.3,244.0,0.626,0.481,idle
2026-08-13,19:26:39,86.3,244.0,0.626,0.481,idle
2026-08-13,19:26:40,86.3,244.0,0.626,0.481,idle
2026-08-13,19:26:41,86.3,244.0,0.626,0.481,idle
2026-08-13,19:26:42,86.3,244.0,0.626,0.481,idle
2026-08-13,19:26:43,86.3,244.0,0.626,0.481,idle
2026-08-13,19:26:44,86.3,244.0,0.626,0.481,idle
2026-08-13,19:26:45,86.3,244.0,0.626,0.481,idle
2026-08-13,19:26:46,86.3,244.0,0.626,0.481,idle
2026-08-13,19:26:47,86.3,244.0,0.626,0.481,idle
2026-08-13,19:26:48,86.3,244.0,0.626,0.481,idle
2026-08-13,19:26:49,86.3,244.0,0.626,0.481,idle
2026-08-13,19:26:50,86.3,244.0,0.626,0.481,idle
2026-08-13,19:26:51,86.3,244.0,0.626,0.481,idle
2026-08-13,19:26:52,86.3,244.0,0.626,0.481,idle
2026-08-13,19:26:53,86.3,244.0,0.626,0.481,idle
2026-08-13,19:26:54,86.3,244.0,0.626,0.481,idle
2026-08-13,19:26:55,86.3,244.0,0.626,0.481,idle
2026-08-13,19:26:56,86.3,244.0,0.626,0.481,idle
2026-08-13,19:26:57,86.3,244.0,0.626,0.481,idle
2026-08-13,19:26:58,86.3,244.0,0.626,0.481,idle
2026-08-13,19:26:59,86.3,244.0,0.626,0.481,idle
2026-08-13,19:27:00,86.3,244.0,0.626,0.481,idle
2026-08-13,19:27:01,86.3,244.0,0.626,0.481,idle
2026-08-13,19:27:02,86.3,244.0,0.626,0.481,idle
2026-08-13,19:27:03,86.3,244.0,0.626,0.481,idle
2026-08-13,19:27:04,86.3,244.0,0.626,0.481,idle
2026-08-13,19:27:05,86.3,244.0,0.626,0.481,idle
2026-08-13,19:27:06,86.3,244.0,0.626,0.481,idle
2026-08-13,19:27:07,86.3,244.0,0.626,0.481,idle
2026-08-13,19:27:08,86.3,244.0,0.626,0.481,idle
2026-08-13,19:27:09,86.3,244.0,0.626,0.481,idle
2026-08-13,19:27:10,86.3,244.0,0.626,0.481,idle
2026-08-13,19:27:11,86.3,244.0,0.626,0.481,idle
2026-08-13,19:27:12,86.3,244.0,0.626,0.481,idle
2026-08-13,19:27:13,86.3,244.0,0.626,0.481,idle
2026-08-13,19:27:14,86.3,244.0,0.626,0.481,idle
2026-08-13,19:27:15,86.3,244.0,0.626,0.481,idle
2026-08-13,19:27:16,86.3,244.0,0.626,0.481,idle
2026-08-13,19:27:17,86.3,244.0,0.626,0.481,idle
2026-08-13,19:27:18,86.3,244.0,0.626,0.481,idle
2026-08-13,19:27:19,86.3,244.0,0.626,0.481,idle
2026-08-13,19:27:20,86.3,244.0,0.626,0.481,idle
2026-08-13,19:27:21,86.3,244.0,0.626,0.481,idle
2026-08-13,19:27:22,86.3,244.0,0.626,0.481,idle
2026-08-13,19:27:23,86.3,244.0,0.626,0.481,idle
2026-08-13,19:27:24,79.2,244.0,0.58,0.481,idle
2026-08-13,19:27:25,79.2,244.0,0.58,0.481,idle
2026-08-13,19:27:26,79.2,244.0,0.58,0.481,idle
2026-08-13,19:27:27,79.2,244.0,0.58,0.481,idle
2026-08-13,19:27:28,79.2,244.0,0.58,0.481,idle
2026-08-13,19:27:29,81.3,243.9,0.597,0.481,idle
2026-08-13,19:27:30,81.3,243.9,0.597,0.481,idle
2026-08-13,19:27:31,81.3,243.9,0.597,0.481,idle
2026-08-13,19:27:32,81.3,243.9,0.597,0.481,idle
2026-08-13,19:27:33,81.3,243.9,0.597,0.481,idle
2026-08-13,19:27:34,75.8,243.4,0.567,0.481,idle
2026-08-13,19:27:35,75.8,243.4,0.567,0.481,idle
2026-08-13,19:27:36,75.8,243.4,0.567,0.481,idle
2026-08-13,19:27:37,75.8,243.4,0.567,0.481,idle
2026-08-13,19:27:38,80.5,244.0,0.596,0.481,idle
2026-08-13,19:27:39,80.5,244.0,0.596,0.481,idle
2026-08-13,19:27:40,80.5,244.0,0.596,0.481,idle
2026-08-13,19:27:41,80.5,244.0,0.596,0.481,idle
2026-08-13,19:27:42,80.5,244.0,0.596,0.481,idle
2026-08-13,19:27:43,78.9,243.9,0.589,0.481,idle
2026-08-13,19:27:44,78.9,243.9,0.589,0.481,idle
2026-08-13,19:27:45,78.9,243.9,0.589,0.481,idle
2026-08-13,19:27:46,78.9,243.9,0.589,0.481,idle
2026-08-13,19:27:47,78.9,243.9,0.589,0.481,idle
2026-08-13,19:27:48,79.6,244.0,0.587,0.481,idle
2026-08-13,19:27:49,79.6,244.0,0.587,0.481,idle
2026-08-13,19:27:50,79.6,244.0,0.587,0.481,idle
2026-08-13,19:27:51,79.6,244.0,0.587,0.481,idle
2026-08-13,19:27:52,79.6,244.0,0.587,0.481,idle
2026-08-13,19:27:53,77.9,244.0,0.578,0.481,idle
2026-08-13,19:27:54,77.9,244.0,0.578,0.481,idle
2026-08-13,19:27:55,77.9,244.0,0.578,0.481,idle
2026-08-13,19:27:56,77.9,244.0,0.578,0.481,idle
2026-08-13,19:27:57,77.9,244.0,0.578,0.481,idle
2026-08-13,19:27:58,78.6,243.8,0.587,0.481,idle
2026-08-13,19:27:59,78.6,243.8,0.587,0.481,idle
2026-08-13,19:28:00,78.6,243.8,0.587,0.481,idle
2026-08-13,19:28:01,78.6,243.8,0.587,0.481,idle
2026-08-13,19:28:02,78.6,243.8,0.587,0.481,idle
2026-08-13,19:28:03,78.7,244.6,0.586,0.481,idle
2026-08-13,19:28:04,78.7,244.6,0.586,0.481,idle
2026-08-13,19:28:05,78.7,244.6,0.586,0.481,idle
2026-08-13,19:28:06,78.7,244.6,0.586,0.481,idle
2026-08-13,19:28:07,78.7,244.6,0.586,0.481,idle
2026-08-13,19:28:08,80.9,244.1,0.6,0.481,idle
2026-08-13,19:28:09,80.9,244.1,0.6,0.481,idle
2026-08-13,19:28:10,80.9,244.1,0.6,0.481,idle
2026-08-13,19:28:11,80.9,244.1,0.6,0.481,idle
2026-08-13,19:28:12,80.9,244.1,0.6,0.481,idle
2026-08-13,19:28:13,71.3,244.3,0.543,0.481,idle
2026-08-13,19:28:14,71.3,244.3,0.543,0.481,idle
2026-08-13,19:28:15,71.3,244.3,0.543,0.481,idle
2026-08-13,19:28:16,71.3,244.3,0.543,0.481,idle
2026-08-13,19:28:17,71.3,244.3,0.543,0.481,idle
2026-08-13,19:28:18,67.9,244.2,0.525,0.481,idle
2026-08-13,19:28:19,67.9,244.2,0.525,0.481,idle
2026-08-13,19:28:20,67.9,244.2,0.525,0.481,idle
2026-08-13,19:28:21,67.9,244.2,0.525,0.481,idle
2026-08-13,19:28:22,67.9,244.2,0.525,0.481,idle
2026-08-13,19:28:23,66.1,244.1,0.509,0.481,idle
2026-08-13,19:28:24,66.1,244.1,0.509,0.481,idle
2026-08-13,19:28:25,66.1,244.1,0.509,0.481,idle
2026-08-13,19:28:26,66.1,244.1,0.509,0.481,idle
2026-08-13,19:28:27,66.1,244.1,0.509,0.481,idle
2026-08-13,19:28:28,64.9,244.0,0.504,0.481,idle
2026-08-13,19:28:29,64.9,244.0,0.504,0.481,idle
2026-08-13,19:28:30,64.9,244.0,0.504,0.481,idle
2026-08-13,19:28:31,64.9,244.0,0.504,0.481,idle
2026-08-13,19:28:32,64.9,244.0,0.504,0.481,idle
2026-08-13,19:28:33,66.3,243.4,0.511,0.481,idle
2026-08-13,19:28:34,66.3,243.4,0.511,0.481,idle
2026-08-13,19:28:35,66.3,243.4,0.511,0.481,idle
2026-08-13,19:28:36,66.3,243.4,0.511,0.481,idle
2026-08-13,19:28:37,66.3,243.4,0.511,0.481,idle
2026-08-13,19:28:38,67.4,244.4,0.519,0.481,idle
2026-08-13,19:28:39,67.4,244.4,0.519,0.481,idle
2026-08-13,19:28:40,67.4,244.4,0.519,0.481,idle
2026-08-13,19:28:41,67.4,244.4,0.519,0.481,idle
2026-08-13,19:28:42,67.4,244.4,0.519,0.481,idle
2026-08-13,19:28:43,66.4,244.4,0.511,0.481,idle
2026-08-13,19:28:44,66.4,244.4,0.511,0.481,idle
2026-08-13,19:28:45,66.4,244.4,0.511,0.481,idle
2026-08-13,19:28:46,66.4,244.4,0.511,0.481,idle
2026-08-13,19:28:47,66.4,244.4,0.511,0.481,idle
2026-08-13,19:28:48,65.9,243.4,0.511,0.481,idle
2026-08-13,19:28:49,65.9,243.4,0.511,0.481,idle
2026-08-13,19:28:50,65.9,243.4,0.511,0.481,idle
2026-08-13,19:28:51,65.9,243.4,0.511,0.481,idle
2026-08-13,19:28:52,65.9,243.4,0.511,0.481,idle
2026-08-13,19:28:53,66.7,243.8,0.514,0.481,idle
2026-08-13,19:28:54,66.7,243.8,0.514,0.481,idle
2026-08-13,19:28:55,66.7,243.8,0.514,0.481,idle
2026-08-13,19:28:56,66.7,243.8,0.514,0.481,idle
2026-08-13,19:28:57,66.7,243.8,0.514,0.481,idle
2026-08-13,19:28:58,64.7,243.5,0.5,0.481,idle
2026-08-13,19:28:59,64.7,243.5,0.5,0.481,idle
2026-08-13,19:29:00,64.7,243.5,0.5,0.481,idle
2026-08-13,19:29:01,64.7,243.5,0.5,0.481,idle
2026-08-13,19:29:02,64.7,243.5,0.5,0.481,idle
2026-08-13,19:29:03,65.5,243.5,0.505,0.481,idle
2026-08-13,19:29:04,65.5,243.5,0.505,0.481,idle
2026-08-13,19:29:05,65.5,243.5,0.505,0.481,idle
2026-08-13,19:29:06,65.5,243.5,0.505,0.481,idle
2026-08-13,19:29:07,65.5,243.5,0.505,0.481,idle
2026-08-13,19:29:08,65.1,244.0,0.501,0.481,idle
2026-08-13,19:29:09,65.1,244.0,0.501,0.481,idle
2026-08-13,19:29:10,65.1,244.0,0.501,0.481,idle
2026-08-13,19:29:11,65.1,244.0,0.501,0.481,idle
2026-08-13,19:29:12,65.1,244.0,0.501,0.481,idle
2026-08-13,19:29:13,67.1,243.2,0.514,0.481,idle
2026-08-13,19:29:14,67.1,243.2,0.514,0.481,idle
2026-08-13,19:29:15,67.1,243.2,0.514,0.481,idle
2026-08-13,19:29:16,67.1,243.2,0.514,0.481,idle
2026-08-13,19:29:17,67.1,243.2,0.514,0.481,idle
2026-08-13,19:29:19,64.9,244.2,0.496,0.481,idle
2026-08-13,19:29:20,64.9,244.2,0.496,0.481,idle
2026-08-13,19:29:21,64.9,244.2,0.496,0.481,idle
2026-08-13,19:29:22,64.9,244.2,0.496,0.481,idle
2026-08-13,19:29:23,64.9,244.2,0.496,0.481,idle
2026-08-13,19:29:24,67.2,244.1,0.515,0.481,idle
2026-08-13,19:29:25,67.2,244.1,0.515,0.481,idle
2026-08-13,19:29:26,67.2,244.1,0.515,0.481,idle
2026-08-13,19:29:27,67.2,244.1,0.515,0.481,idle
2026-08-13,19:29:28,67.2,244.1,0.515,0.481,idle
2026-08-13,19:29:29,65.7,244.2,0.507,0.481,idle
2026-08-13,19:29:30,65.7,244.2,0.507,0.481,idle
2026-08-13,19:29:31,65.7,244.2,0.507,0.481,idle
2026-08-13,19:29:32,65.7,244.2,0.507,0.481,idle
2026-08-13,19:29:33,65.7,244.2,0.507,0.481,idle
2026-08-13,19:29:34,67.4,244.0,0.514,0.481,idle
2026-08-13,19:29:35,67.4,244.0,0.514,0.481,idle
2026-08-13,19:29:36,67.4,244.0,0.514,0.481,idle
2026-08-13,19:29:37,67.4,244.0,0.514,0.481,idle
2026-08-13,19:29:38,67.4,244.0,0.514,0.481,idle
2026-08-13,19:29:39,65.3,243.8,0.508,0.481,idle
2026-08-13,19:29:40,65.3,243.8,0.508,0.481,idle
2026-08-13,19:29:41,65.3,243.8,0.508,0.481,idle
2026-08-13,19:29:42,65.3,243.8,0.508,0.481,idle
2026-08-13,19:29:43,65.3,243.8,0.508,0.481,idle
2026-08-13,19:29:44,73.6,244.3,0.555,0.481,idle
2026-08-13,19:29:45,73.6,244.3,0.555,0.481,idle
2026-08-13,19:29:46,73.6,244.3,0.555,0.481,idle
2026-08-13,19:29:47,73.6,244.3,0.555,0.481,idle
2026-08-13,19:29:48,73.6,244.3,0.555,0.481,idle
2026-08-13,19:29:49,67.1,244.2,0.515,0.481,idle
2026-08-13,19:29:50,67.1,244.2,0.515,0.481,idle
2026-08-13,19:29:51,67.1,244.2,0.515,0.481,adaptive_50ms_rep10
2026-08-13,19:29:52,67.1,244.2,0.515,0.481,adaptive_50ms_rep10
2026-08-13,19:29:53,67.1,244.2,0.515,0.481,idle
2026-08-13,19:29:54,77.4,244.0,0.579,0.481,idle
2026-08-13,19:29:55,77.4,244.0,0.579,0.481,idle
2026-08-13,19:29:56,77.4,244.0,0.579,0.481,idle
2026-08-13,19:29:57,77.4,244.0,0.579,0.481,idle
2026-08-13,19:29:58,85.7,243.8,0.641,0.481,idle
2026-08-13,19:29:59,80.9,243.7,0.599,0.481,idle
2026-08-13,19:30:00,80.9,243.7,0.599,0.481,idle
2026-08-13,19:30:01,80.9,243.7,0.599,0.481,idle
2026-08-13,19:30:02,80.9,243.7,0.599,0.481,idle
2026-08-13,19:30:03,80.9,243.7,0.599,0.518,idle
2026-08-13,19:30:04,79.5,244.2,0.586,0.518,idle
2026-08-13,19:30:05,79.5,244.2,0.586,0.518,idle
2026-08-13,19:30:06,79.5,244.2,0.586,0.518,idle
2026-08-13,19:30:07,79.5,244.2,0.586,0.518,idle
2026-08-13,19:30:08,79.5,244.2,0.586,0.518,idle
2026-08-13,19:30:09,79.5,243.4,0.591,0.518,idle
2026-08-13,19:30:10,79.5,243.4,0.591,0.518,idle
2026-08-13,19:30:11,79.5,243.4,0.591,0.518,idle
2026-08-13,19:30:12,79.5,243.4,0.591,0.518,idle
2026-08-13,19:30:13,79.5,243.4,0.591,0.518,idle
2026-08-13,19:30:14,81.4,244.3,0.602,0.518,idle
2026-08-13,19:30:15,81.4,244.3,0.602,0.518,idle
2026-08-13,19:30:16,81.4,244.3,0.602,0.518,idle
2026-08-13,19:30:17,81.4,244.3,0.602,0.518,idle
2026-08-13,19:30:18,81.4,244.3,0.602,0.518,idle
2026-08-13,19:30:19,81.7,244.3,0.607,0.518,idle
2026-08-13,19:30:20,81.7,244.3,0.607,0.518,idle
2026-08-13,19:30:21,81.7,244.3,0.607,0.518,idle
2026-08-13,19:30:22,81.7,244.3,0.607,0.518,idle
2026-08-13,19:30:23,81.7,244.3,0.607,0.518,idle
2026-08-13,19:30:24,76.1,244.3,0.569,0.518,idle
2026-08-13,19:30:25,76.1,244.3,0.569,0.518,idle
2026-08-13,19:30:26,76.1,244.3,0.569,0.518,idle
2026-08-13,19:30:27,76.1,244.3,0.569,0.518,idle
2026-08-13,19:30:28,76.1,244.3,0.569,0.518,idle
2026-08-13,19:30:29,77.4,244.4,0.579,0.518,idle
2026-08-13,19:30:30,77.4,244.4,0.579,0.518,idle
2026-08-13,19:30:31,77.4,244.4,0.579,0.518,idle
2026-08-13,19:30:32,77.4,244.4,0.579,0.518,idle
2026-08-13,19:30:33,77.4,244.4,0.579,0.518,idle
2026-08-13,19:30:34,79.7,245.0,0.588,0.518,idle
2026-08-13,19:30:35,79.7,245.0,0.588,0.518,idle
2026-08-13,19:30:36,79.7,245.0,0.588,0.518,idle
2026-08-13,19:30:37,79.7,245.0,0.588,0.518,idle
2026-08-13,19:30:38,79.7,245.0,0.588,0.518,idle
2026-08-13,19:30:39,82.8,244.4,0.612,0.518,idle
2026-08-13,19:30:40,82.8,244.4,0.612,0.518,idle
2026-08-13,19:30:41,82.8,244.4,0.612,0.518,idle
2026-08-13,19:30:42,82.8,244.4,0.612,0.518,idle
2026-08-13,19:30:43,82.8,244.4,0.612,0.518,idle
2026-08-13,19:30:44,80.9,244.6,0.598,0.518,idle
2026-08-13,19:30:45,80.9,244.6,0.598,0.518,idle
2026-08-13,19:30:46,80.9,244.6,0.598,0.518,idle
2026-08-13,19:30:47,80.9,244.6,0.598,0.518,idle
2026-08-13,19:30:48,80.9,244.6,0.598,0.518,idle
2026-08-13,19:30:49,78.5,244.3,0.585,0.518,idle
2026-08-13,19:30:50,78.5,244.3,0.585,0.518,idle
2026-08-13,19:30:51,78.5,244.3,0.585,0.518,idle
2026-08-13,19:30:52,78.5,244.3,0.585,0.518,idle
2026-08-13,19:30:53,78.5,244.3,0.585,0.518,idle
2026-08-13,19:30:54,80.4,244.3,0.595,0.518,idle
2026-08-13,19:30:55,80.4,244.3,0.595,0.518,idle
2026-08-13,19:30:56,80.4,244.3,0.595,0.518,idle
2026-08-13,19:30:57,80.4,244.3,0.595,0.518,idle
2026-08-13,19:30:58,80.4,244.3,0.595,0.518,idle
2026-08-13,19:30:59,72.5,244.2,0.548,0.518,idle
2026-08-13,19:31:00,72.5,244.2,0.548,0.518,idle
2026-08-13,19:31:01,72.5,244.2,0.548,0.518,idle
2026-08-13,19:31:02,72.5,244.2,0.548,0.518,idle
2026-08-13,19:31:03,72.5,244.2,0.548,0.518,idle
2026-08-13,19:31:04,80.0,244.9,0.594,0.518,idle
2026-08-13,19:31:05,80.0,244.9,0.594,0.518,idle
2026-08-13,19:31:06,80.0,244.9,0.594,0.518,idle
2026-08-13,19:31:07,80.0,244.9,0.594,0.518,idle
2026-08-13,19:31:08,80.0,244.9,0.594,0.518,idle
2026-08-13,19:31:09,79.0,244.5,0.59,0.518,idle
2026-08-13,19:31:10,79.0,244.5,0.59,0.518,idle
2026-08-13,19:31:11,79.0,244.5,0.59,0.518,idle
2026-08-13,19:31:12,79.0,244.5,0.59,0.518,idle
2026-08-13,19:31:13,79.0,244.5,0.59,0.518,idle
2026-08-13,19:31:14,78.3,244.9,0.582,0.518,idle
2026-08-13,19:31:15,78.3,244.9,0.582,0.518,idle
2026-08-13,19:31:16,78.3,244.9,0.582,0.518,idle
2026-08-13,19:31:17,78.3,244.9,0.582,0.518,idle
2026-08-13,19:31:18,78.3,244.9,0.582,0.518,idle
2026-08-13,19:31:19,76.3,244.9,0.571,0.518,idle
2026-08-13,19:31:20,76.3,244.9,0.571,0.518,idle
2026-08-13,19:31:21,76.3,244.9,0.571,0.518,idle
2026-08-13,19:31:22,76.3,244.9,0.571,0.518,idle
2026-08-13,19:31:23,76.3,244.9,0.571,0.518,idle
2026-08-13,19:31:24,77.2,244.9,0.574,0.518,idle
2026-08-13,19:31:25,77.2,244.9,0.574,0.518,idle
2026-08-13,19:31:26,77.2,244.9,0.574,0.518,idle
2026-08-13,19:31:27,77.2,244.9,0.574,0.518,idle
2026-08-13,19:31:28,77.2,244.9,0.574,0.518,idle
2026-08-13,19:31:29,82.2,244.6,0.609,0.518,idle
2026-08-13,19:31:30,82.2,244.6,0.609,0.518,idle
2026-08-13,19:31:31,82.2,244.6,0.609,0.518,idle
2026-08-13,19:31:32,82.2,244.6,0.609,0.518,idle
2026-08-13,19:31:33,82.2,244.6,0.609,0.518,idle
2026-08-13,19:31:34,82.3,245.1,0.615,0.518,idle
2026-08-13,19:31:35,82.3,245.1,0.615,0.518,idle
2026-08-13,19:31:36,82.3,245.1,0.615,0.518,idle
2026-08-13,19:31:37,82.3,245.1,0.615,0.518,idle
2026-08-13,19:31:38,82.3,245.1,0.615,0.518,idle
2026-08-13,19:31:39,68.3,244.8,0.52,0.518,idle
2026-08-13,19:31:40,68.3,244.8,0.52,0.518,idle
2026-08-13,19:31:41,68.3,244.8,0.52,0.518,idle
2026-08-13,19:31:42,68.3,244.8,0.52,0.518,idle
2026-08-13,19:31:43,68.3,244.8,0.52,0.518,idle
2026-08-13,19:31:44,65.9,244.8,0.508,0.518,idle
2026-08-13,19:31:45,65.9,244.8,0.508,0.518,idle
2026-08-13,19:31:46,65.9,244.8,0.508,0.518,idle
2026-08-13,19:31:47,65.9,244.8,0.508,0.518,idle
2026-08-13,19:31:48,65.9,244.8,0.508,0.518,idle
2026-08-13,19:31:49,67.0,244.7,0.514,0.518,idle
2026-08-13,19:31:50,67.0,244.7,0.514,0.518,idle
2026-08-13,19:31:51,67.0,244.7,0.514,0.518,idle
2026-08-13,19:31:53,67.0,244.7,0.514,0.518,idle
2026-08-13,19:31:54,67.0,244.7,0.514,0.518,idle
2026-08-13,19:31:55,65.8,244.8,0.506,0.518,idle
2026-08-13,19:31:56,65.8,244.8,0.506,0.518,idle
2026-08-13,19:31:57,65.8,244.8,0.506,0.518,idle
2026-08-13,19:31:58,65.8,244.8,0.506,0.518,idle
2026-08-13,19:31:59,65.8,244.8,0.506,0.518,idle
2026-08-13,19:32:00,65.7,245.0,0.508,0.518,idle
2026-08-13,19:32:01,65.7,245.0,0.508,0.518,idle
2026-08-13,19:32:02,65.7,245.0,0.508,0.518,idle
2026-08-13,19:32:03,65.7,245.0,0.508,0.518,idle
2026-08-13,19:32:04,65.7,245.0,0.508,0.518,idle
2026-08-13,19:32:05,65.6,244.7,0.505,0.518,idle
2026-08-13,19:32:06,65.6,244.7,0.505,0.518,idle
2026-08-13,19:32:07,65.6,244.7,0.505,0.518,idle
2026-08-13,19:32:08,65.6,244.7,0.505,0.518,idle
2026-08-13,19:32:09,65.6,244.7,0.505,0.518,idle
2026-08-13,19:32:10,67.8,244.1,0.522,0.518,idle
2026-08-13,19:32:11,67.8,244.1,0.522,0.518,idle
2026-08-13,19:32:12,67.8,244.1,0.522,0.518,idle
2026-08-13,19:32:13,67.8,244.1,0.522,0.518,idle
2026-08-13,19:32:14,67.8,244.1,0.522,0.518,idle
2026-08-13,19:32:15,67.2,244.3,0.517,0.518,idle
2026-08-13,19:32:16,67.2,244.3,0.517,0.518,idle
2026-08-13,19:32:17,67.2,244.3,0.517,0.518,idle
2026-08-13,19:32:18,67.2,244.3,0.517,0.518,idle
2026-08-13,19:32:19,67.2,244.3,0.517,0.518,idle
2026-08-13,19:32:20,67.2,244.3,0.517,0.518,idle
2026-08-13,19:32:21,67.2,244.3,0.517,0.518,idle
2026-08-13,19:32:22,67.2,244.3,0.517,0.518,idle
2026-08-13,19:32:23,67.2,244.3,0.517,0.518,idle
2026-08-13,19:32:24,67.2,244.3,0.517,0.518,idle
2026-08-13,19:32:25,67.2,244.3,0.517,0.518,idle
2026-08-13,19:32:26,67.2,244.3,0.517,0.518,idle
2026-08-13,19:32:27,67.2,244.3,0.517,0.518,idle
2026-08-13,19:32:28,67.2,244.3,0.517,0.518,idle
2026-08-13,19:32:29,67.2,244.3,0.517,0.518,idle
2026-08-13,19:32:30,67.2,244.3,0.517,0.518,idle
2026-08-13,19:32:31,67.2,244.3,0.517,0.518,idle
2026-08-13,19:32:32,67.2,244.3,0.517,0.518,idle
2026-08-13,19:32:33,67.2,244.3,0.517,0.518,idle
2026-08-13,19:32:34,65.3,245.2,0.501,0.518,idle
2026-08-13,19:32:35,65.3,245.2,0.501,0.518,idle
2026-08-13,19:32:36,65.3,245.2,0.501,0.518,idle
2026-08-13,19:32:37,65.3,245.2,0.501,0.518,idle
2026-08-13,19:32:38,65.3,245.2,0.501,0.518,idle
2026-08-13,19:32:39,67.1,244.1,0.518,0.518,idle
2026-08-13,19:32:40,67.1,244.1,0.518,0.518,idle
2026-08-13,19:32:41,67.1,244.1,0.518,0.518,idle
2026-08-13,19:32:42,67.1,244.1,0.518,0.518,idle
2026-08-13,19:32:43,67.1,244.1,0.518,0.518,idle
2026-08-13,19:32:44,64.9,244.6,0.5,0.518,idle
2026-08-13,19:32:45,64.9,244.6,0.5,0.518,idle
2026-08-13,19:32:46,64.9,244.6,0.5,0.518,idle
2026-08-13,19:32:47,64.9,244.6,0.5,0.518,idle
2026-08-13,19:32:48,64.9,244.6,0.5,0.518,idle
2026-08-13,19:32:49,66.1,244.2,0.51,0.518,idle
2026-08-13,19:32:50,66.1,244.2,0.51,0.518,idle
2026-08-13,19:32:51,66.1,244.2,0.51,0.518,idle
2026-08-13,19:32:52,66.1,244.2,0.51,0.518,idle
2026-08-13,19:32:53,66.1,244.2,0.51,0.518,idle
2026-08-13,19:32:54,64.5,245.1,0.498,0.518,idle
2026-08-13,19:32:55,64.5,245.1,0.498,0.518,idle
2026-08-13,19:32:56,64.5,245.1,0.498,0.518,idle
2026-08-13,19:32:57,64.5,245.1,0.498,0.518,idle
2026-08-13,19:32:58,64.5,245.1,0.498,0.518,idle
2026-08-13,19:32:59,65.9,244.6,0.511,0.518,idle
2026-08-13,19:33:00,65.9,244.6,0.511,0.518,idle
2026-08-13,19:33:01,65.9,244.6,0.511,0.518,idle
2026-08-13,19:33:02,65.9,244.6,0.511,0.518,idle
2026-08-13,19:33:03,65.9,244.6,0.511,0.518,idle
2026-08-13,19:33:04,67.4,244.2,0.519,0.518,idle
2026-08-13,19:33:05,67.4,244.2,0.519,0.518,idle
2026-08-13,19:33:06,67.4,244.2,0.519,0.518,idle
2026-08-13,19:33:07,67.4,244.2,0.519,0.518,idle
2026-08-13,19:33:08,67.4,244.2,0.519,0.518,idle
2026-08-13,19:33:09,74.9,245.1,0.561,0.518,idle
2026-08-13,19:33:10,74.9,245.1,0.561,0.518,idle
2026-08-13,19:33:11,74.9,245.1,0.561,0.518,idle
2026-08-13,19:33:12,74.9,245.1,0.561,0.518,idle
2026-08-13,19:33:13,74.9,245.1,0.561,0.518,idle
2026-08-13,19:33:14,65.9,244.4,0.51,0.518,idle
2026-08-13,19:33:15,65.9,244.4,0.51,0.518,idle
2026-08-13,19:33:16,65.9,244.4,0.51,0.518,idle
2026-08-13,19:33:17,65.9,244.4,0.51,0.518,idle
2026-08-13,19:33:18,65.9,244.4,0.51,0.518,idle
2026-08-13,19:33:19,64.3,244.1,0.499,0.518,idle
2026-08-13,19:33:20,64.3,244.1,0.499,0.518,idle
2026-08-13,19:33:21,64.3,244.1,0.499,0.518,adaptive_50ms_rep1
2026-08-13,19:33:22,64.3,244.1,0.499,0.518,adaptive_50ms_rep1
2026-08-13,19:33:23,64.3,244.1,0.499,0.518,adaptive_50ms_rep1
2026-08-13,19:33:24,66.2,243.8,0.509,0.518,adaptive_50ms_rep1
2026-08-13,19:33:25,66.2,243.8,0.509,0.518,adaptive_50ms_rep1
2026-08-13,19:33:26,66.2,243.8,0.509,0.518,idle
2026-08-13,19:33:27,66.2,243.8,0.509,0.518,idle
2026-08-13,19:33:28,84.4,243.9,0.622,0.518,idle
2026-08-13,19:33:29,84.4,243.9,0.622,0.518,idle
2026-08-13,19:33:30,84.4,243.9,0.622,0.518,idle
2026-08-13,19:33:31,84.4,243.9,0.622,0.518,idle
2026-08-13,19:33:32,84.4,243.9,0.622,0.518,idle
2026-08-13,19:33:33,84.8,244.1,0.615,0.518,idle
2026-08-13,19:33:34,84.8,244.1,0.615,0.518,idle
2026-08-13,19:33:35,84.8,244.1,0.615,0.518,idle
2026-08-13,19:33:36,84.8,244.1,0.615,0.518,idle
2026-08-13,19:33:37,84.8,244.1,0.615,0.518,idle
2026-08-13,19:33:38,84.8,244.1,0.615,0.518,idle
2026-08-13,19:33:39,76.1,244.7,0.571,0.518,idle
2026-08-13,19:33:40,76.1,244.7,0.571,0.518,idle
2026-08-13,19:33:41,76.1,244.7,0.571,0.518,idle
2026-08-13,19:33:42,76.1,244.7,0.571,0.518,idle
2026-08-13,19:33:43,80.4,244.0,0.593,0.518,idle
2026-08-13,19:33:44,80.4,244.0,0.593,0.518,idle
2026-08-13,19:33:45,80.4,244.0,0.593,0.518,idle
2026-08-13,19:33:46,80.4,244.0,0.593,0.518,idle
2026-08-13,19:33:47,80.4,244.0,0.593,0.518,idle
2026-08-13,19:33:48,80.0,244.7,0.595,0.518,idle
2026-08-13,19:33:49,80.0,244.7,0.595,0.518,idle
2026-08-13,19:33:50,80.0,244.7,0.595,0.518,idle
2026-08-13,19:33:51,80.0,244.7,0.595,0.518,idle
2026-08-13,19:33:52,80.0,244.7,0.595,0.518,idle
2026-08-13,19:33:53,79.5,244.6,0.589,0.518,idle
2026-08-13,19:33:54,79.5,244.6,0.589,0.518,idle
2026-08-13,19:33:55,79.5,244.6,0.589,0.518,idle
2026-08-13,19:33:56,79.5,244.6,0.589,0.518,idle
2026-08-13,19:33:57,79.5,244.6,0.589,0.518,idle
2026-08-13,19:33:58,77.4,244.4,0.58,0.518,idle
2026-08-13,19:33:59,77.4,244.4,0.58,0.518,idle
2026-08-13,19:34:00,77.4,244.4,0.58,0.518,idle
2026-08-13,19:34:02,77.4,244.4,0.58,0.518,idle
2026-08-13,19:34:03,77.4,244.4,0.58,0.518,idle
2026-08-13,19:34:04,76.8,243.8,0.58,0.518,idle
2026-08-13,19:34:05,76.8,243.8,0.58,0.518,idle
2026-08-13,19:34:06,76.8,243.8,0.58,0.518,idle
2026-08-13,19:34:07,76.8,243.8,0.58,0.518,idle
2026-08-13,19:34:08,76.8,243.8,0.58,0.518,idle
2026-08-13,19:34:09,78.5,243.9,0.585,0.518,idle
2026-08-13,19:34:10,78.5,243.9,0.585,0.518,idle
2026-08-13,19:34:11,78.5,243.9,0.585,0.518,idle
2026-08-13,19:34:12,78.5,243.9,0.585,0.518,idle
2026-08-13,19:34:13,78.5,243.9,0.585,0.518,idle
2026-08-13,19:34:14,77.6,244.1,0.579,0.518,idle
2026-08-13,19:34:15,77.6,244.1,0.579,0.518,idle
2026-08-13,19:34:16,77.6,244.1,0.579,0.518,idle
2026-08-13,19:34:17,77.6,244.1,0.579,0.518,idle
2026-08-13,19:34:18,77.6,244.1,0.579,0.518,idle
2026-08-13,19:34:19,81.2,244.0,0.6,0.518,idle
2026-08-13,19:34:20,81.2,244.0,0.6,0.518,idle
2026-08-13,19:34:21,81.2,244.0,0.6,0.518,idle
2026-08-13,19:34:22,81.2,244.0,0.6,0.518,idle
2026-08-13,19:34:23,81.2,244.0,0.6,0.518,idle
2026-08-13,19:34:24,80.3,244.1,0.595,0.518,idle
2026-08-13,19:34:25,80.3,244.1,0.595,0.518,idle
2026-08-13,19:34:26,80.3,244.1,0.595,0.518,idle
2026-08-13,19:34:27,80.3,244.1,0.595,0.518,idle
2026-08-13,19:34:28,80.3,244.1,0.595,0.518,idle
2026-08-13,19:34:29,80.3,244.8,0.594,0.518,idle
2026-08-13,19:34:30,80.3,244.8,0.594,0.518,idle
2026-08-13,19:34:31,80.3,244.8,0.594,0.518,idle
2026-08-13,19:34:32,80.3,244.8,0.594,0.518,idle
2026-08-13,19:34:33,80.3,244.8,0.594,0.518,idle
2026-08-13,19:34:34,77.6,244.1,0.584,0.518,idle
2026-08-13,19:34:35,77.6,244.1,0.584,0.518,idle
2026-08-13,19:34:36,77.6,244.1,0.584,0.518,idle
2026-08-13,19:34:37,77.6,244.1,0.584,0.518,idle
2026-08-13,19:34:38,77.6,244.1,0.584,0.518,idle
2026-08-13,19:34:39,75.2,244.3,0.565,0.518,idle
2026-08-13,19:34:40,75.2,244.3,0.565,0.518,idle
2026-08-13,19:34:41,75.2,244.3,0.565,0.518,idle
2026-08-13,19:34:42,75.2,244.3,0.565,0.518,idle
2026-08-13,19:34:43,75.2,244.3,0.565,0.518,idle
2026-08-13,19:34:44,78.1,244.4,0.588,0.518,idle
2026-08-13,19:34:45,78.1,244.4,0.588,0.518,idle
2026-08-13,19:34:46,78.1,244.4,0.588,0.518,idle
2026-08-13,19:34:47,78.1,244.4,0.588,0.518,idle
2026-08-13,19:34:48,78.1,244.4,0.588,0.518,idle
2026-08-13,19:34:49,74.3,244.2,0.559,0.518,idle
2026-08-13,19:34:50,74.3,244.2,0.559,0.518,idle
2026-08-13,19:34:51,74.3,244.2,0.559,0.518,idle
2026-08-13,19:34:52,74.3,244.2,0.559,0.518,idle
2026-08-13,19:34:53,74.3,244.2,0.559,0.518,idle
2026-08-13,19:34:54,78.9,243.8,0.591,0.518,idle
2026-08-13,19:34:55,78.9,243.8,0.591,0.518,idle
2026-08-13,19:34:56,78.9,243.8,0.591,0.518,idle
2026-08-13,19:34:57,78.9,243.8,0.591,0.518,idle
2026-08-13,19:34:58,78.9,243.8,0.591,0.518,idle
2026-08-13,19:34:59,80.7,243.8,0.602,0.518,idle
2026-08-13,19:35:00,80.7,243.8,0.602,0.518,idle
2026-08-13,19:35:01,80.7,243.8,0.602,0.518,idle
2026-08-13,19:35:02,80.7,243.8,0.602,0.518,idle
2026-08-13,19:35:03,80.7,243.8,0.602,0.518,idle
2026-08-13,19:35:04,82.9,243.9,0.614,0.518,idle
2026-08-13,19:35:05,82.9,243.9,0.614,0.518,idle
2026-08-13,19:35:06,82.9,243.9,0.614,0.518,idle
2026-08-13,19:35:07,82.9,243.9,0.614,0.518,idle
2026-08-13,19:35:08,82.9,243.9,0.614,0.518,idle
2026-08-13,19:35:09,74.1,244.3,0.565,0.518,idle
2026-08-13,19:35:10,74.1,244.3,0.565,0.518,idle
2026-08-13,19:35:11,74.1,244.3,0.565,0.518,idle
2026-08-13,19:35:12,74.1,244.3,0.565,0.518,idle
2026-08-13,19:35:13,74.1,244.3,0.565,0.518,idle
2026-08-13,19:35:14,66.9,243.9,0.522,0.518,idle
2026-08-13,19:35:15,66.9,243.9,0.522,0.518,idle
2026-08-13,19:35:16,66.9,243.9,0.522,0.518,idle
2026-08-13,19:35:17,66.9,243.9,0.522,0.518,idle
2026-08-13,19:35:18,66.9,243.9,0.522,0.518,idle
2026-08-13,19:35:19,66.8,244.3,0.519,0.518,idle
2026-08-13,19:35:20,66.8,244.3,0.519,0.518,idle
2026-08-13,19:35:21,66.8,244.3,0.519,0.518,idle
2026-08-13,19:35:22,66.8,244.3,0.519,0.518,idle
2026-08-13,19:35:23,66.8,244.3,0.519,0.518,idle
2026-08-13,19:35:24,67.6,244.2,0.524,0.518,idle
2026-08-13,19:35:25,67.6,244.2,0.524,0.518,idle
2026-08-13,19:35:26,67.6,244.2,0.524,0.518,idle
2026-08-13,19:35:27,67.6,244.2,0.524,0.518,idle
2026-08-13,19:35:28,67.6,244.2,0.524,0.518,idle
2026-08-13,19:35:29,66.4,244.3,0.514,0.518,idle
2026-08-13,19:35:30,66.4,244.3,0.514,0.518,idle
2026-08-13,19:35:31,66.4,244.3,0.514,0.518,idle
2026-08-13,19:35:32,66.4,244.3,0.514,0.518,idle
2026-08-13,19:35:33,66.4,244.3,0.514,0.518,idle
2026-08-13,19:35:34,67.8,244.4,0.521,0.518,idle
2026-08-13,19:35:35,67.8,244.4,0.521,0.518,idle
2026-08-13,19:35:36,67.8,244.4,0.521,0.518,idle
2026-08-13,19:35:37,67.8,244.4,0.521,0.518,idle
2026-08-13,19:35:38,67.8,244.4,0.521,0.518,idle
2026-08-13,19:35:39,68.8,244.8,0.526,0.518,idle
2026-08-13,19:35:40,68.8,244.8,0.526,0.518,idle
2026-08-13,19:35:41,68.8,244.8,0.526,0.518,idle
2026-08-13,19:35:42,68.8,244.8,0.526,0.518,idle
2026-08-13,19:35:43,68.8,244.8,0.526,0.518,idle
2026-08-13,19:35:44,66.1,244.3,0.508,0.518,idle
2026-08-13,19:35:45,66.1,244.3,0.508,0.518,idle
2026-08-13,19:35:46,66.1,244.3,0.508,0.518,idle
2026-08-13,19:35:47,66.1,244.3,0.508,0.518,idle
2026-08-13,19:35:48,66.1,244.3,0.508,0.518,idle
2026-08-13,19:35:49,66.6,244.4,0.514,0.518,idle
2026-08-13,19:35:50,66.6,244.4,0.514,0.518,idle
2026-08-13,19:35:51,66.6,244.4,0.514,0.518,idle
2026-08-13,19:35:52,66.6,244.4,0.514,0.518,idle
2026-08-13,19:35:53,66.6,244.4,0.514,0.518,idle
2026-08-13,19:35:54,67.6,244.2,0.518,0.518,idle
2026-08-13,19:35:55,67.6,244.2,0.518,0.518,idle
2026-08-13,19:35:56,67.6,244.2,0.518,0.518,idle
2026-08-13,19:35:57,67.6,244.2,0.518,0.518,idle
2026-08-13,19:35:58,65.8,244.1,0.506,0.518,idle
2026-08-13,19:35:59,65.8,244.1,0.506,0.518,idle
2026-08-13,19:36:00,65.8,244.1,0.506,0.518,idle
2026-08-13,19:36:01,65.8,244.1,0.506,0.518,idle
2026-08-13,19:36:02,65.8,244.1,0.506,0.518,idle
2026-08-13,19:36:03,65.8,244.1,0.506,0.518,idle
2026-08-13,19:36:04,67.8,243.9,0.52,0.518,idle
2026-08-13,19:36:05,67.8,243.9,0.52,0.518,idle
2026-08-13,19:36:06,67.8,243.9,0.52,0.518,idle
2026-08-13,19:36:07,67.8,243.9,0.52,0.518,idle
2026-08-13,19:36:08,69.2,244.4,0.526,0.518,idle
2026-08-13,19:36:09,69.2,244.4,0.526,0.518,idle
2026-08-13,19:36:10,69.2,244.4,0.526,0.518,idle
2026-08-13,19:36:12,69.2,244.4,0.526,0.518,idle
2026-08-13,19:36:13,69.2,244.4,0.526,0.518,idle
2026-08-13,19:36:14,65.4,244.4,0.505,0.518,idle
2026-08-13,19:36:15,65.4,244.4,0.505,0.518,idle
2026-08-13,19:36:16,65.4,244.4,0.505,0.518,idle
2026-08-13,19:36:17,65.4,244.4,0.505,0.518,idle
2026-08-13,19:36:18,65.4,244.4,0.505,0.518,idle
2026-08-13,19:36:19,66.8,244.0,0.51,0.518,idle
2026-08-13,19:36:20,66.8,244.0,0.51,0.518,idle
2026-08-13,19:36:21,66.8,244.0,0.51,0.518,idle
2026-08-13,19:36:22,66.8,244.0,0.51,0.518,idle
2026-08-13,19:36:23,66.8,244.0,0.51,0.518,idle
2026-08-13,19:36:24,66.7,243.9,0.513,0.518,idle
2026-08-13,19:36:25,66.7,243.9,0.513,0.518,idle
2026-08-13,19:36:26,66.7,243.9,0.513,0.518,idle
2026-08-13,19:36:27,66.7,243.9,0.513,0.518,idle
2026-08-13,19:36:28,66.7,243.9,0.513,0.518,idle
2026-08-13,19:36:29,68.0,244.0,0.516,0.518,idle
2026-08-13,19:36:30,68.0,244.0,0.516,0.518,idle
2026-08-13,19:36:31,68.0,244.0,0.516,0.518,idle
2026-08-13,19:36:32,68.0,244.0,0.516,0.518,idle
2026-08-13,19:36:33,68.0,244.0,0.516,0.518,idle
2026-08-13,19:36:34,70.9,244.2,0.533,0.518,idle
2026-08-13,19:36:35,70.9,244.2,0.533,0.518,idle
2026-08-13,19:36:36,70.9,244.2,0.533,0.518,idle
2026-08-13,19:36:37,70.9,244.2,0.533,0.518,idle
2026-08-13,19:36:38,70.9,244.2,0.533,0.518,idle
2026-08-13,19:36:39,83.5,243.4,0.614,0.518,idle
2026-08-13,19:36:40,83.5,243.4,0.614,0.518,idle
2026-08-13,19:36:41,83.5,243.4,0.614,0.518,idle
2026-08-13,19:36:42,83.5,243.4,0.614,0.518,idle
2026-08-13,19:36:43,83.5,243.4,0.614,0.518,idle
2026-08-13,19:36:44,65.4,243.5,0.501,0.518,idle
2026-08-13,19:36:45,65.4,243.5,0.501,0.518,idle
2026-08-13,19:36:46,65.4,243.5,0.501,0.518,idle
2026-08-13,19:36:47,65.4,243.5,0.501,0.518,idle
2026-08-13,19:36:48,65.4,243.5,0.501,0.518,idle
2026-08-13,19:36:49,64.7,244.1,0.505,0.518,idle
2026-08-13,19:36:50,64.7,244.1,0.505,0.518,idle
2026-08-13,19:36:51,64.7,244.1,0.505,0.518,idle
2026-08-13,19:36:52,64.7,244.1,0.505,0.518,idle
2026-08-13,19:36:53,64.7,244.1,0.505,0.518,idle
2026-08-13,19:36:54,65.4,244.1,0.506,0.518,idle
2026-08-13,19:36:55,65.4,244.1,0.506,0.518,idle
2026-08-13,19:36:56,65.4,244.1,0.506,0.518,idle
2026-08-13,19:36:57,65.4,244.1,0.506,0.518,idle
2026-08-13,19:36:58,65.4,244.1,0.506,0.518,idle
2026-08-13,19:36:59,64.2,243.9,0.497,0.518,idle
2026-08-13,19:37:00,64.2,243.9,0.497,0.518,idle
2026-08-13,19:37:01,64.2,243.9,0.497,0.518,idle
2026-08-13,19:37:02,64.2,243.9,0.497,0.518,idle
2026-08-13,19:37:03,64.2,243.9,0.497,0.518,idle
2026-08-13,19:37:04,64.6,243.2,0.499,0.518,idle
2026-08-13,19:37:05,64.6,243.2,0.499,0.518,idle
2026-08-13,19:37:06,64.6,243.2,0.499,0.518,idle
2026-08-13,19:37:07,64.6,243.2,0.499,0.518,idle
2026-08-13,19:37:08,64.6,243.2,0.499,0.518,idle
2026-08-13,19:37:09,65.2,243.1,0.5,0.518,idle
2026-08-13,19:37:10,65.2,243.1,0.5,0.518,idle
2026-08-13,19:37:11,65.2,243.1,0.5,0.518,idle
2026-08-13,19:37:12,65.2,243.1,0.5,0.518,idle
2026-08-13,19:37:13,65.2,243.1,0.5,0.518,idle
2026-08-13,19:37:14,64.8,244.1,0.502,0.518,idle
2026-08-13,19:37:15,64.8,244.1,0.502,0.518,idle
2026-08-13,19:37:16,64.8,244.1,0.502,0.518,idle
2026-08-13,19:37:17,64.8,244.1,0.502,0.518,idle
2026-08-13,19:37:18,64.8,244.1,0.502,0.518,idle
2026-08-13,19:37:19,64.9,243.3,0.5,0.518,idle
2026-08-13,19:37:20,64.9,243.3,0.5,0.518,idle
2026-08-13,19:37:21,64.9,243.3,0.5,0.518,idle
2026-08-13,19:37:22,64.9,243.3,0.5,0.518,idle
2026-08-13,19:37:23,64.9,243.3,0.5,0.518,idle
2026-08-13,19:37:24,64.7,243.9,0.501,0.518,idle
2026-08-13,19:37:25,64.7,243.9,0.501,0.518,idle
2026-08-13,19:37:26,64.7,243.9,0.501,0.518,idle
2026-08-13,19:37:27,64.7,243.9,0.501,0.518,idle
2026-08-13,19:37:28,64.7,243.9,0.501,0.518,idle
2026-08-13,19:37:29,66.0,243.5,0.51,0.518,idle
2026-08-13,19:37:30,66.0,243.5,0.51,0.518,idle
2026-08-13,19:37:31,66.0,243.5,0.51,0.518,idle
2026-08-13,19:37:32,66.0,243.5,0.51,0.518,idle
2026-08-13,19:37:33,66.0,243.5,0.51,0.518,idle
2026-08-13,19:37:34,65.0,243.9,0.497,0.518,idle
2026-08-13,19:37:35,65.0,243.9,0.497,0.518,idle
2026-08-13,19:37:36,65.0,243.9,0.497,0.518,idle
2026-08-13,19:37:37,65.0,243.9,0.497,0.518,idle
2026-08-13,19:37:38,65.0,243.9,0.497,0.518,idle
2026-08-13,19:37:39,66.3,244.5,0.506,0.518,idle
2026-08-13,19:37:40,66.3,244.5,0.506,0.518,idle
2026-08-13,19:37:41,66.3,244.5,0.506,0.518,idle
2026-08-13,19:37:42,66.3,244.5,0.506,0.518,idle
2026-08-13,19:37:43,66.3,244.5,0.506,0.518,idle
2026-08-13,19:37:44,65.3,244.0,0.511,0.518,idle
2026-08-13,19:37:45,65.3,244.0,0.511,0.518,idle
2026-08-13,19:37:46,65.3,244.0,0.511,0.518,idle
2026-08-13,19:37:47,65.3,244.0,0.511,0.518,idle
