timestamp,pod,scheduling_time_ms,podautoscaler,reconcile_time_ms
I0602 14:20:20.336522,default/fetchdata-00001-deployment-759f5b8c55-jl2jr,13.515453,,
I0602 14:20:20.337646,default/fastfouriertransform-00001-deployment-78d877fd9c-2mcl4,12.223229,,
I0602 14:20:20.384653,default/linpack-00001-deployment-6d74694468-vw7jq,12.60886,,
I0602 14:20:20.388569,default/genmatrix-00001-deployment-5444456b78-qnkrn,14.373769,,
I0602 14:20:21.975008,default/fastfouriertransform-00001-deployment-78d877fd9c-qnrr9,8.400227,,
I0602 14:20:21.985861,default/linpack-00001-deployment-6d74694468-sltvd,10.047044,,
I0602 14:20:22.019858,default/matrixmul-00001-deployment-78f7668cf4-vjk4v,5.985892,,
I0602 14:20:23.982226,default/fetchdata-00001-deployment-759f5b8c55-c9l8d,7.12906,,
I0602 14:20:23.997328,default/matrixmul-00001-deployment-78f7668cf4-x76gw,9.528339,,
I0602 14:20:25.980775,default/linpack-00001-deployment-6d74694468-6w5nd,5.710318,,
I0602 14:21:28.101684,default/linpack-00001-deployment-6d74694468-fxcdk,9.310893,,
I0602 14:21:31.983032,default/matrixmul-00001-deployment-78f7668cf4-8s7zf,7.384263,,
I0602 14:21:55.973773,default/fastfouriertransform-00001-deployment-78d877fd9c-ghr2g,5.809836,,
I0602 14:30:22.975144,default/fastfouriertransform-00001-deployment-78d877fd9c-brbq7,5.940295,,
I0602 14:30:22.978947,default/genmatrix-00001-deployment-5444456b78-zzc8m,6.725128,,
I0602 14:30:23.026558,default/fetchdata-00001-deployment-759f5b8c55-pqtnk,7.00509,,
I0602 14:30:23.132198,default/linpack-00001-deployment-6d74694468-wfbjg,6.631276,,
I0602 14:30:23.675676,default/matrixmul-00001-deployment-78f7668cf4-5l55r,5.258276,,
I0602 14:30:25.979736,default/fastfouriertransform-00001-deployment-78d877fd9c-p5lg2,6.530942,,
I0602 14:30:25.984077,default/linpack-00001-deployment-6d74694468-f8gsd,8.404405,,
I0602 14:30:27.975668,default/fetchdata-00001-deployment-759f5b8c55-j79ck,6.695331,,
I0602 14:30:29.973371,default/linpack-00001-deployment-6d74694468-qmvbw,4.852887,,
I0602 14:30:31.977390,default/matrixmul-00001-deployment-78f7668cf4-7kdcq,6.646017,,
I0602 14:31:34.185602,default/linpack-00001-deployment-6d74694468-ds2rm,6.636516,,
I0602 14:31:41.977867,default/matrixmul-00001-deployment-78f7668cf4-x5xc5,5.17159,,
I0602 14:31:43.976855,default/matrixmul-00001-deployment-78f7668cf4-94t97,4.038443,,
I0602 14:31:45.991713,default/matrixmul-00001-deployment-78f7668cf4-cgvgx,7.638886,,
I0602 14:31:59.974926,default/fastfouriertransform-00001-deployment-78d877fd9c-wz8nm,5.446665,,
I0602 14:40:48.775972,default/fastfouriertransform-00001-deployment-78d877fd9c-pq67r,8.338921,,
I0602 14:40:48.777115,default/genmatrix-00001-deployment-5444456b78-v88kf,7.357199,,
I0602 14:40:48.822662,default/fetchdata-00001-deployment-759f5b8c55-59n77,6.355774,,
I0602 14:40:48.911853,default/linpack-00001-deployment-6d74694468-5pz4l,6.562885,,
I0602 14:40:49.469664,default/matrixmul-00001-deployment-78f7668cf4-qvx4g,3.985442,,
I0602 14:40:51.972433,default/fastfouriertransform-00001-deployment-78d877fd9c-fd27j,6.087051,,
I0602 14:40:51.985390,default/linpack-00001-deployment-6d74694468-8s6bf,8.930346,,
I0602 14:40:57.976209,default/matrixmul-00001-deployment-78f7668cf4-xz6hk,3.996776,,
I0602 14:42:00.132018,default/linpack-00001-deployment-6d74694468-952p2,7.396847,,
I0602 14:42:07.980797,default/matrixmul-00001-deployment-78f7668cf4-x2gqt,7.021033,,
I0602 14:42:11.985126,default/matrixmul-00001-deployment-78f7668cf4-jlnp5,8.868401,,
I0602 14:42:27.973859,default/fastfouriertransform-00001-deployment-78d877fd9c-fjkzr,5.403978,,
I0602 14:50:05.598825,default/fastfouriertransform-00001-deployment-78d877fd9c-wwzkv,6.895587,,
I0602 14:50:05.630014,default/genmatrix-00001-deployment-5444456b78-s8wr4,4.591088,,
I0602 14:50:05.668796,default/fetchdata-00001-deployment-759f5b8c55-864cg,6.208273,,
I0602 14:50:05.790143,default/linpack-00001-deployment-6d74694468-dl4n8,6.812549,,
I0602 14:50:06.321106,default/matrixmul-00001-deployment-78f7668cf4-599xf,7.019735,,
I0602 14:50:07.990091,default/linpack-00001-deployment-6d74694468-26mzp,6.326624,,
I0602 14:50:11.979759,default/linpack-00001-deployment-6d74694468-5jfs9,7.141235,,
I0602 14:50:13.976138,default/matrixmul-00001-deployment-78f7668cf4-wmmzc,5.279144,,
I0602 14:50:21.972536,default/fastfouriertransform-00001-deployment-78d877fd9c-nz274,6.305032,,
I0602 14:51:24.184597,default/matrixmul-00001-deployment-78f7668cf4-p5w9k,6.501217,,
I0602 14:51:27.981526,default/matrixmul-00001-deployment-78f7668cf4-b6bsp,6.98805,,
I0602 14:51:43.980664,default/fastfouriertransform-00001-deployment-78d877fd9c-9cs9r,5.873087,,
I0602 15:00:06.394980,default/fastfouriertransform-00001-deployment-78d877fd9c-4cq5z,6.437162,,
I0602 15:00:06.400743,default/genmatrix-00001-deployment-5444456b78-xzvhj,10.099936,,
I0602 15:00:06.402006,default/fetchdata-00001-deployment-759f5b8c55-pt49b,10.521844,,
I0602 15:00:06.509962,default/linpack-00001-deployment-6d74694468-hjmp6,8.278753,,
I0602 15:00:07.034755,default/matrixmul-00001-deployment-78f7668cf4-jkfmd,10.658491,,
I0602 15:00:09.977828,default/fastfouriertransform-00001-deployment-78d877fd9c-kpvj6,7.11092,,
I0602 15:00:09.982440,default/linpack-00001-deployment-6d74694468-69mns,7.561198,,
I0602 15:00:11.978455,default/linpack-00001-deployment-6d74694468-tln2m,6.867457,,
I0602 15:00:15.981190,default/matrixmul-00001-deployment-78f7668cf4-gw8pp,6.132217,,
I0602 15:01:12.088909,default/fetchdata-00001-deployment-759f5b8c55-d8jgm,3.933368,,
I0602 15:01:13.981211,default/linpack-00001-deployment-6d74694468-dm657,10.113788,,
I0602 15:01:14.017054,default/fetchdata-00001-deployment-759f5b8c55-dsv8p,11.736601,,
I0602 15:01:14.029941,default/fetchdata-00001-deployment-759f5b8c55-48zdj,13.198637,,
I0602 15:01:15.973377,default/fetchdata-00001-deployment-759f5b8c55-ctwl7,5.194311,,
I0602 15:01:17.979271,default/linpack-00001-deployment-6d74694468-kkshc,5.714273,,
I0602 15:01:17.980104,default/fetchdata-00001-deployment-759f5b8c55-kb2b5,7.207605,,
I0602 15:01:25.976650,default/matrixmul-00001-deployment-78f7668cf4-nmgq8,5.786088,,
I0602 15:01:27.980102,default/matrixmul-00001-deployment-78f7668cf4-qjxpm,5.657273,,
I0602 15:01:44.186078,default/fastfouriertransform-00001-deployment-78d877fd9c-hrfh8,6.726773,,
I0602 15:09:26.525542,default/fastfouriertransform-00001-deployment-78d877fd9c-tjrj6,7.704143,,
I0602 15:09:26.550752,default/genmatrix-00001-deployment-5444456b78-j4f8g,4.123423,,
I0602 15:09:26.603325,default/fetchdata-00001-deployment-759f5b8c55-bmzx9,5.730718,,
I0602 15:09:26.701766,default/linpack-00001-deployment-6d74694468-llhq8,6.249236,,
I0602 15:09:27.256056,default/matrixmul-00001-deployment-78f7668cf4-r7z79,6.678217,,
I0602 15:09:29.970140,default/fastfouriertransform-00001-deployment-78d877fd9c-bfzjl,6.883217,,
I0602 15:09:29.984710,default/linpack-00001-deployment-6d74694468-8mcgg,11.057343,,
I0602 15:09:33.975399,default/linpack-00001-deployment-6d74694468-mmd9r,5.33244,,
I0602 15:09:35.982335,default/matrixmul-00001-deployment-78f7668cf4-4dsmv,6.791587,,
I0602 15:10:36.014460,default/linpack-00001-deployment-6d74694468-hwpkc,9.608011,,
I0602 15:10:45.978909,default/matrixmul-00001-deployment-78f7668cf4-pzcrz,5.723385,,
I0602 15:10:47.979906,default/matrixmul-00001-deployment-78f7668cf4-zmjds,7.41692,,
I0602 15:10:49.981719,default/matrixmul-00001-deployment-78f7668cf4-cgpg7,5.632773,,
I0602 15:11:03.974574,default/fastfouriertransform-00001-deployment-78d877fd9c-rjj44,6.102107,,
2026-06-02T15:30:22.495322882Z,,,default/linpack-00001,229.854913
2026-06-02T15:30:22.499213591Z,,,default/genmatrix-00001,234.744419
2026-06-02T15:30:22.524729567Z,,,default/matrixmul-00001,29.347388
2026-06-02T15:30:22.529647721Z,,,default/fastfouriertransform-00001,30.386611
2026-06-02T15:30:22.555052456Z,,,default/fetchdata-00001,30.269982
2026-06-02T15:30:24.206277956Z,,,default/matrixmul-00001,7.943084
2026-06-02T15:30:24.218102989Z,,,default/matrixmul-00001,9.720327
2026-06-02T15:30:24.222268494Z,,,default/genmatrix-00001,8.202547
2026-06-02T15:30:24.236860994Z,,,default/genmatrix-00001,9.764716
2026-06-02T15:30:24.28697576Z,,,default/genmatrix-00001,22.526361
2026-06-02T15:30:24.299233793Z,,,default/fastfouriertransform-00001,32.15741
2026-06-02T15:30:24.315131479Z,,,default/fetchdata-00001,28.099849
2026-06-02T15:30:24.328998737Z,,,default/linpack-00001,29.719888
2026-06-02T15:30:24.370260807Z,,,default/fetchdata-00001,8.879492
2026-06-02T15:30:24.404281034Z,,,default/fetchdata-00001,30.05976
2026-06-02T15:30:24.46832278Z,,,default/linpack-00001,9.272049
2026-06-02T15:30:24.488449397Z,,,default/linpack-00001,9.33979
2026-06-02T15:30:24.624064527Z,,,default/fastfouriertransform-00001,10.37105
2026-06-02T15:30:24.63858249Z,,,default/fastfouriertransform-00001,10.622161
2026-06-02T15:30:25.67906433Z,,,default/genmatrix-00001,10.043142
2026-06-02T15:30:25.997932928Z,,,default/fetchdata-00001,10.671846
2026-06-02T15:30:26.093220064Z,,,default/linpack-00001,9.254308
2026-06-02T15:30:26.110878271Z,,,default/fastfouriertransform-00001,8.90553
2026-06-02T15:30:26.292978496Z,,,default/matrixmul-00001,26.435088
2026-06-02T15:30:26.314872153Z,,,default/fastfouriertransform-00001,45.81152
2026-06-02T15:30:26.324427831Z,,,default/fetchdata-00001,31.402632
2026-06-02T15:30:26.351915384Z,,,default/fetchdata-00001,26.984496
2026-06-02T15:30:26.360996339Z,,,default/linpack-00001,46.074871
2026-06-02T15:30:27.474917808Z,,,default/fastfouriertransform-00001,1.039742
2026-06-02T15:30:27.58969608Z,,,default/fastfouriertransform-00001,9.080734
2026-06-02T15:30:27.982568306Z,,,default/fetchdata-00001,1.046298
2026-06-02T15:30:28.003650629Z,,,default/fetchdata-00001,10.421013
2026-06-02T15:30:28.058439437Z,,,default/matrixmul-00001,11.178569
2026-06-02T15:30:28.092241812Z,,,default/fastfouriertransform-00001,8.750659
2026-06-02T15:30:28.182902517Z,,,default/linpack-00001,8.885381
2026-06-02T15:30:28.311508769Z,,,default/linpack-00001,46.012168
2026-06-02T15:30:28.332040812Z,,,default/linpack-00001,20.036858
2026-06-02T15:30:29.35365452Z,,,default/linpack-00001,1.048816
2026-06-02T15:30:29.623900873Z,,,default/linpack-00001,1.242743
2026-06-02T15:30:29.760824635Z,,,default/linpack-00001,9.821679
2026-06-02T15:30:29.984596727Z,,,default/linpack-00001,10.333179
2026-06-02T15:31:24.28959434Z,,,default/genmatrix-00001,23.639845
2026-06-02T15:31:24.308503734Z,,,default/genmatrix-00001,15.888612
2026-06-02T15:31:24.327715573Z,,,default/fetchdata-00001,58.101129
2026-06-02T15:31:26.298366459Z,,,default/linpack-00001,33.579153
2026-06-02T15:31:26.304320022Z,,,default/matrixmul-00001,31.502151
2026-06-02T15:31:26.320734228Z,,,default/linpack-00001,16.365799
2026-06-02T15:31:26.326197309Z,,,default/fastfouriertransform-00001,27.766424
2026-06-02T15:31:26.336961045Z,,,default/matrixmul-00001,16.175484
2026-06-02T15:31:26.348292448Z,,,default/fastfouriertransform-00001,12.52722
2026-06-02T15:31:26.418213962Z,,,default/fastfouriertransform-00001,69.872033
2026-06-02T15:31:28.314035903Z,,,default/linpack-00001,48.22395
2026-06-02T15:31:28.316410517Z,,,default/fastfouriertransform-00001,45.48065
2026-06-02T15:31:28.345816907Z,,,default/linpack-00001,31.724021
2026-06-02T15:31:28.348035854Z,,,default/fastfouriertransform-00001,31.578984
2026-06-02T15:31:28.368176398Z,,,default/linpack-00001,22.308399
2026-06-02T15:31:32.31857095Z,,,default/matrixmul-00001,51.38801
2026-06-02T15:31:32.346755726Z,,,default/matrixmul-00001,1.051187
2026-06-02T15:31:33.764543787Z,,,default/matrixmul-00001,8.980623
2026-06-02T15:31:48.293175048Z,,,default/fetchdata-00001,26.712978
2026-06-02T15:31:49.896656265Z,,,default/fetchdata-00001,9.691216
2026-06-02T15:31:50.260620045Z,,,default/fetchdata-00001,12.29559
2026-06-02T15:31:50.294257107Z,,,default/fastfouriertransform-00001,26.568219
2026-06-02T15:31:50.31492804Z,,,default/fetchdata-00001,43.441
2026-06-02T15:31:50.343620281Z,,,default/fetchdata-00001,28.53487
2026-06-02T15:31:51.664405415Z,,,default/fetchdata-00001,9.597401
2026-06-02T15:31:51.793414321Z,,,default/fastfouriertransform-00001,13.134091
2026-06-02T15:31:51.880694785Z,,,default/fetchdata-00001,10.279384
2026-06-02T15:31:55.132364542Z,,,default/fetchdata-00001,1.66065
2026-06-02T15:31:56.829284291Z,,,default/matrixmul-00001,1.560557
2026-06-02T15:32:34.289132429Z,,,default/matrixmul-00001,23.476067
2026-06-02T15:32:34.333858542Z,,,default/matrixmul-00001,44.67941
2026-06-02T15:32:50.292925114Z,,,default/fetchdata-00001,25.302292
2026-06-02T15:32:50.308294134Z,,,default/fetchdata-00001,14.581556
2026-06-02T15:32:50.322658745Z,,,default/fetchdata-00001,14.306926
2026-06-02T15:32:50.34656285Z,,,default/fetchdata-00001,23.842772
2026-06-02T15:32:52.298449808Z,,,default/fastfouriertransform-00001,28.252685
2026-06-02T15:32:52.300337274Z,,,default/fetchdata-00001,33.911434
2026-06-02T15:32:52.317576778Z,,,default/fastfouriertransform-00001,11.890312
2026-06-02T15:32:52.317919426Z,,,default/fetchdata-00001,13.587184
2026-06-02T15:32:52.340484308Z,,,default/fetchdata-00001,22.137214
2026-06-02T15:33:00.283841779Z,,,default/matrixmul-00001,18.403654
2026-06-02T15:33:00.286472264Z,,,default/genmatrix-00001,22.118307
2026-06-02T15:33:00.405918069Z,,,default/matrixmul-00001,121.23677
2026-06-02T15:33:00.411050298Z,,,default/genmatrix-00001,123.860385
2026-06-02T15:33:00.453007945Z,,,default/matrixmul-00001,32.461247
2026-06-02T15:33:00.460664918Z,,,default/genmatrix-00001,31.464171
2026-06-02T15:33:00.47317662Z,,,default/matrixmul-00001,20.124341
2026-06-02T15:33:00.476964717Z,,,default/genmatrix-00001,16.254725
2026-06-02T15:33:02.279598581Z,,,default/fastfouriertransform-00001,13.65874
2026-06-02T15:33:02.282080991Z,,,default/linpack-00001,17.286616
2026-06-02T15:33:02.289549353Z,,,default/fetchdata-00001,9.910846
2026-06-02T15:33:02.426348921Z,,,default/linpack-00001,136.757791
2026-06-02T15:33:02.429667685Z,,,default/fastfouriertransform-00001,147.506008
2026-06-02T15:33:02.475371078Z,,,default/linpack-00001,38.801403
2026-06-02T15:33:02.517340707Z,,,default/fastfouriertransform-00001,41.91561
2026-06-02T15:33:02.533836396Z,,,default/linpack-00001,16.453392
2026-06-02T15:33:02.552511679Z,,,default/fastfouriertransform-00001,18.651432
2026-06-02T15:33:02.557493242Z,,,default/fetchdata-00001,131.117135
2026-06-02T15:33:02.598184036Z,,,default/fetchdata-00001,30.6698
2026-06-02T15:33:02.636076437Z,,,default/fetchdata-00001,37.845068
2026-06-02T15:33:02.654270906Z,,,default/fetchdata-00001,18.14795
2026-06-02T15:33:03.281713395Z,,,default/genmatrix-00001,16.517688
2026-06-02T15:33:03.282127062Z,,,default/matrixmul-00001,16.075706
2026-06-02T15:33:03.57617017Z,,,default/matrixmul-00001,15.779076
2026-06-02T15:33:04.788534224Z,,,default/matrixmul-00001,23.282753
2026-06-02T15:33:05.280329962Z,,,default/linpack-00001,14.735279
2026-06-02T15:33:05.281389186Z,,,default/fastfouriertransform-00001,14.992075
2026-06-02T15:33:05.298316097Z,,,default/fetchdata-00001,17.935283
2026-06-02T15:33:05.750147783Z,,,default/matrixmul-00001,19.845674
2026-06-02T15:33:05.770221272Z,,,default/matrixmul-00001,20.0376
2026-06-02T15:33:11.223473141Z,,,default/fetchdata-00001,18.259228
2026-06-02T15:33:11.881915063Z,,,default/fetchdata-00001,17.879468
2026-06-02T15:33:19.891904167Z,,,default/fetchdata-00001,16.75004
2026-06-02T15:33:20.254012978Z,,,default/fetchdata-00001,17.278282
2026-06-02T15:33:20.77161892Z,,,default/fetchdata-00001,23.50442
2026-06-02T15:33:20.826135196Z,,,default/fetchdata-00001,16.863263
2026-06-02T15:33:20.848261614Z,,,default/fetchdata-00001,22.092362
2026-06-02T15:33:21.044227928Z,,,default/fetchdata-00001,15.473187
2026-06-02T15:33:21.061127839Z,,,default/fetchdata-00001,16.869226
2026-06-02T15:33:21.079330548Z,,,default/fetchdata-00001,18.168227
2026-06-02T15:33:21.38707838Z,,,default/fetchdata-00001,15.636373
2026-06-02T15:33:21.406158887Z,,,default/fetchdata-00001,19.047174
2026-06-02T15:33:21.481411634Z,,,default/fastfouriertransform-00001,14.814704
2026-06-02T15:33:22.790709066Z,,,default/fastfouriertransform-00001,19.250489
2026-06-02T15:33:22.87176308Z,,,default/fetchdata-00001,17.746894
2026-06-02T15:33:23.4114802Z,,,default/fetchdata-00001,15.229649
2026-06-02T15:33:23.445364282Z,,,default/fetchdata-00001,17.830301
2026-06-02T15:33:23.660920548Z,,,default/fastfouriertransform-00001,17.398523
2026-06-02T15:33:23.680409814Z,,,default/fastfouriertransform-00001,19.462988
2026-06-02T15:33:23.7343962Z,,,default/genmatrix-00001,19.422878
2026-06-02T15:33:24.164575194Z,,,default/matrixmul-00001,15.233817
2026-06-02T15:33:26.089842515Z,,,default/linpack-00001,18.130265
2026-06-02T15:33:27.496128095Z,,,default/fastfouriertransform-00001,17.412819
2026-06-02T15:33:28.000132261Z,,,default/fetchdata-00001,16.209243
2026-06-02T15:33:30.912535353Z,,,default/matrixmul-00001,40.57459
2026-06-02T15:33:30.920549512Z,,,default/genmatrix-00001,32.642951
2026-06-02T15:33:31.07645633Z,,,default/genmatrix-00001,15.748447
2026-06-02T15:33:31.094790632Z,,,default/genmatrix-00001,18.304839
2026-06-02T15:33:31.51827184Z,,,default/matrixmul-00001,17.640838
2026-06-02T15:33:31.541259982Z,,,default/matrixmul-00001,22.950475
2026-06-02T15:33:32.922957662Z,,,default/fastfouriertransform-00001,43.325409
2026-06-02T15:33:32.98752597Z,,,default/linpack-00001,31.742171
2026-06-02T15:33:33.153327615Z,,,default/fetchdata-00001,36.132919
2026-06-02T15:33:33.341920087Z,,,default/fetchdata-00001,17.176745
2026-06-02T15:33:33.362728355Z,,,default/fetchdata-00001,20.778935
2026-06-02T15:33:33.405138949Z,,,default/linpack-00001,15.98117
2026-06-02T15:33:33.434603006Z,,,default/linpack-00001,18.583599
2026-06-02T15:33:33.830804883Z,,,default/fastfouriertransform-00001,16.638911
2026-06-02T15:33:33.84875061Z,,,default/fastfouriertransform-00001,17.918153
2026-06-02T15:41:57.149460209Z,,,default/fastfouriertransform-00001,33.721493
2026-06-02T15:41:57.186544263Z,,,default/genmatrix-00001,26.870761
2026-06-02T15:41:57.188230839Z,,,default/genmatrix-00001,1.63878
2026-06-02T15:41:57.234677814Z,,,default/fetchdata-00001,28.559911
2026-06-02T15:41:57.269152901Z,,,default/fetchdata-00001,34.401957
2026-06-02T15:41:57.345341215Z,,,default/linpack-00001,40.202799
2026-06-02T15:41:57.88119327Z,,,default/matrixmul-00001,25.51974
2026-06-02T15:41:57.903995673Z,,,default/matrixmul-00001,22.755792
2026-06-02T15:41:58.568802489Z,,,default/fastfouriertransform-00001,9.304494
2026-06-02T15:41:58.579374838Z,,,default/fastfouriertransform-00001,9.496977
2026-06-02T15:41:58.730207797Z,,,default/fetchdata-00001,9.890681
2026-06-02T15:41:58.769277261Z,,,default/fetchdata-00001,36.929275
2026-06-02T15:41:59.097656885Z,,,default/linpack-00001,8.462642
2026-06-02T15:41:59.110534404Z,,,default/linpack-00001,10.014515
2026-06-02T15:41:59.307594264Z,,,default/genmatrix-00001,7.726789
2026-06-02T15:41:59.31943991Z,,,default/genmatrix-00001,9.633847
2026-06-02T15:41:59.432888316Z,,,default/matrixmul-00001,9.004198
2026-06-02T15:41:59.446282076Z,,,default/matrixmul-00001,8.955124
2026-06-02T15:42:00.285216348Z,,,default/linpack-00001,20.197955
2026-06-02T15:42:00.294885917Z,,,default/fastfouriertransform-00001,26.418668
2026-06-02T15:42:01.747076116Z,,,default/fastfouriertransform-00001,9.94307
2026-06-02T15:42:02.217804502Z,,,default/linpack-00001,10.520867
2026-06-02T15:42:04.289257488Z,,,default/linpack-00001,22.892977
2026-06-02T15:42:06.043898182Z,,,default/linpack-00001,1.27928
2026-06-02T15:42:06.05961002Z,,,default/linpack-00001,9.088643
2026-06-02T15:42:08.288855792Z,,,default/matrixmul-00001,21.94031
2026-06-02T15:42:08.31305053Z,,,default/matrixmul-00001,24.133165
2026-06-02T15:42:10.204190886Z,,,default/matrixmul-00001,13.787113
2026-06-02T15:43:00.305638078Z,,,default/linpack-00001,40.434467
2026-06-02T15:43:00.307614137Z,,,default/fastfouriertransform-00001,38.69089
2026-06-02T15:43:00.34297554Z,,,default/linpack-00001,37.268387
2026-06-02T15:43:00.344830857Z,,,default/fastfouriertransform-00001,36.85998
2026-06-02T15:43:00.365473647Z,,,default/linpack-00001,22.450552
2026-06-02T15:43:06.290185456Z,,,default/linpack-00001,25.390111
2026-06-02T15:43:08.299356406Z,,,default/linpack-00001,34.24055
2026-06-02T15:43:08.305747823Z,,,default/matrixmul-00001,36.937406
2026-06-02T15:43:08.330401785Z,,,default/linpack-00001,30.986823
2026-06-02T15:43:08.346667086Z,,,default/matrixmul-00001,40.855134
2026-06-02T15:43:08.36771221Z,,,default/matrixmul-00001,20.978753
2026-06-02T15:43:10.222118638Z,,,default/linpack-00001,8.166956
2026-06-02T15:43:10.224373031Z,,,default/linpack-00001,1.463595
2026-06-02T15:43:16.287627901Z,,,default/matrixmul-00001,21.891606
2026-06-02T15:43:18.28896575Z,,,default/matrixmul-00001,23.482404
2026-06-02T15:43:18.817080133Z,,,default/matrixmul-00001,9.197773
2026-06-02T15:43:20.29130736Z,,,default/matrixmul-00001,25.567353
2026-06-02T15:43:20.316890786Z,,,default/matrixmul-00001,25.5395
2026-06-02T15:43:20.328702452Z,,,default/matrixmul-00001,11.740776
2026-06-02T15:43:20.350441261Z,,,default/matrixmul-00001,21.674013
2026-06-02T15:43:20.351522133Z,,,default/matrixmul-00001,1.016224
2026-06-02T15:43:21.703419331Z,,,default/matrixmul-00001,8.675068
2026-06-02T15:43:26.290783201Z,,,default/fastfouriertransform-00001,24.852314
2026-06-02T15:43:27.648881464Z,,,default/fastfouriertransform-00001,9.609143
2026-06-02T15:44:10.289570791Z,,,default/linpack-00001,24.752777
2026-06-02T15:44:10.301103771Z,,,default/linpack-00001,11.449017
2026-06-02T15:44:22.289114215Z,,,default/matrixmul-00001,22.352695
2026-06-02T15:44:22.303373988Z,,,default/matrixmul-00001,12.181014
2026-06-02T15:44:22.33440192Z,,,default/matrixmul-00001,30.974025
2026-06-02T15:44:24.297334211Z,,,default/matrixmul-00001,31.596562
2026-06-02T15:44:24.308219669Z,,,default/matrixmul-00001,10.823755
2026-06-02T15:44:26.297420555Z,,,default/fastfouriertransform-00001,30.944692
2026-06-02T15:44:26.331390579Z,,,default/fastfouriertransform-00001,33.892487
2026-06-02T15:44:38.286332868Z,,,default/matrixmul-00001,20.661956
2026-06-02T15:44:38.287736071Z,,,default/genmatrix-00001,23.408899
2026-06-02T15:44:38.298332068Z,,,default/linpack-00001,11.948515
2026-06-02T15:44:38.301064456Z,,,default/fastfouriertransform-00001,13.289792
2026-06-02T15:44:38.312565266Z,,,default/fetchdata-00001,14.173088
2026-06-02T15:44:38.33897648Z,,,default/matrixmul-00001,37.861931
2026-06-02T15:44:38.360525028Z,,,default/genmatrix-00001,47.899983
2026-06-02T15:44:38.390145758Z,,,default/linpack-00001,51.139205
2026-06-02T15:44:38.415517602Z,,,default/fastfouriertransform-00001,54.960351
2026-06-02T15:44:38.443670444Z,,,default/fetchdata-00001,53.489537
2026-06-02T15:44:38.470743027Z,,,default/matrixmul-00001,55.184759
2026-06-02T15:44:38.485714226Z,,,default/genmatrix-00001,42.010523
2026-06-02T15:44:38.496501037Z,,,default/linpack-00001,25.713676
2026-06-02T15:44:38.508263292Z,,,default/fastfouriertransform-00001,22.501474
2026-06-02T15:44:38.519832307Z,,,default/fetchdata-00001,23.283455
2026-06-02T15:44:38.523996953Z,,,default/matrixmul-00001,15.691513
2026-06-02T15:44:38.536393097Z,,,default/genmatrix-00001,16.515106
2026-06-02T15:44:38.540333651Z,,,default/linpack-00001,16.312662
2026-06-02T15:44:38.553080499Z,,,default/fastfouriertransform-00001,16.651754
2026-06-02T15:44:38.557239034Z,,,default/fetchdata-00001,16.881142
2026-06-02T15:44:40.221163728Z,,,default/linpack-00001,15.214088
2026-06-02T15:44:40.83223656Z,,,default/linpack-00001,21.38427
2026-06-02T15:44:40.862950234Z,,,default/linpack-00001,16.844587
2026-06-02T15:44:41.283371983Z,,,default/genmatrix-00001,17.496198
2026-06-02T15:44:41.283611723Z,,,default/matrixmul-00001,17.352272
2026-06-02T15:44:41.30662466Z,,,default/fastfouriertransform-00001,18.408845
2026-06-02T15:44:41.307485827Z,,,default/linpack-00001,19.688105
2026-06-02T15:44:41.323733877Z,,,default/fetchdata-00001,17.086642
2026-06-02T15:44:41.391407595Z,,,default/linpack-00001,17.042513
2026-06-02T15:44:41.410412848Z,,,default/linpack-00001,18.96905
2026-06-02T15:44:41.446389317Z,,,default/linpack-00001,19.229845
2026-06-02T15:44:41.464995367Z,,,default/linpack-00001,18.58229
2026-06-02T15:44:47.458646589Z,,,default/fastfouriertransform-00001,17.932865
2026-06-02T15:44:48.780878934Z,,,default/matrixmul-00001,19.806438
2026-06-02T15:44:50.312295479Z,,,default/matrixmul-00001,17.166939
2026-06-02T15:44:51.704462999Z,,,default/matrixmul-00001,18.349235
2026-06-02T15:44:52.81378624Z,,,default/matrixmul-00001,19.412921
2026-06-02T15:44:52.834550752Z,,,default/matrixmul-00001,20.733383
2026-06-02T15:44:52.950105273Z,,,default/matrixmul-00001,18.821679
2026-06-02T15:44:52.972219099Z,,,default/matrixmul-00001,22.076493
2026-06-02T15:44:53.166605745Z,,,default/matrixmul-00001,16.621421
2026-06-02T15:44:53.18632948Z,,,default/matrixmul-00001,19.563272
2026-06-02T15:44:54.790560783Z,,,default/matrixmul-00001,18.988754
2026-06-02T15:44:55.470243307Z,,,default/matrixmul-00001,19.278939
2026-06-02T15:44:55.488258561Z,,,default/matrixmul-00001,17.984958
2026-06-02T15:44:56.799277774Z,,,default/fastfouriertransform-00001,20.976586
2026-06-02T15:44:57.634235072Z,,,default/fastfouriertransform-00001,17.071514
2026-06-02T15:44:57.653751455Z,,,default/fastfouriertransform-00001,19.476958
2026-06-02T15:44:58.729521132Z,,,default/fetchdata-00001,16.863236
2026-06-02T15:44:59.302852211Z,,,default/genmatrix-00001,16.412606
2026-06-02T15:44:59.430805768Z,,,default/matrixmul-00001,16.414662
2026-06-02T15:45:01.459716817Z,,,default/fastfouriertransform-00001,18.48818
2026-06-02T15:45:06.060452014Z,,,default/linpack-00001,18.778551
2026-06-02T15:45:08.908624024Z,,,default/genmatrix-00001,31.799585
2026-06-02T15:45:08.930083352Z,,,default/fastfouriertransform-00001,26.738178
2026-06-02T15:45:08.93702148Z,,,default/matrixmul-00001,28.36303
2026-06-02T15:45:08.961299177Z,,,default/linpack-00001,28.858974
2026-06-02T15:45:09.034046511Z,,,default/fetchdata-00001,30.905456
2026-06-02T15:45:09.354557986Z,,,default/fetchdata-00001,20.562865
2026-06-02T15:45:09.373671148Z,,,default/linpack-00001,20.459272
2026-06-02T15:45:09.375252629Z,,,default/fetchdata-00001,20.609588
2026-06-02T15:45:09.393643754Z,,,default/linpack-00001,19.807273
2026-06-02T15:45:09.670376333Z,,,default/genmatrix-00001,17.610866
2026-06-02T15:45:09.688888273Z,,,default/genmatrix-00001,18.479569
2026-06-02T15:45:09.743552407Z,,,default/matrixmul-00001,17.783051
2026-06-02T15:45:09.760290792Z,,,default/matrixmul-00001,16.705551
2026-06-02T15:45:09.783902138Z,,,default/fastfouriertransform-00001,20.764439
2026-06-02T15:45:09.801115615Z,,,default/fastfouriertransform-00001,17.179681
2026-06-02T15:50:05.3262697Z,,,default/fastfouriertransform-00001,31.425235
2026-06-02T15:50:05.364625919Z,,,default/genmatrix-00001,26.128659
2026-06-02T15:50:05.402421693Z,,,default/fetchdata-00001,26.622455
2026-06-02T15:50:05.418209014Z,,,default/fetchdata-00001,1.80013
2026-06-02T15:50:05.419741718Z,,,default/genmatrix-00001,1.074186
2026-06-02T15:50:05.506364715Z,,,default/linpack-00001,27.807548
2026-06-02T15:50:06.055379155Z,,,default/matrixmul-00001,27.638492
2026-06-02T15:50:06.905026474Z,,,default/fetchdata-00001,9.155337
2026-06-02T15:50:06.920527276Z,,,default/fetchdata-00001,11.246671
2026-06-02T15:50:07.129877452Z,,,default/genmatrix-00001,11.958745
2026-06-02T15:50:07.140691475Z,,,default/genmatrix-00001,9.778152
2026-06-02T15:50:07.230149603Z,,,default/linpack-00001,10.65969
2026-06-02T15:50:07.245301776Z,,,default/linpack-00001,9.986856
2026-06-02T15:50:07.355104097Z,,,default/fastfouriertransform-00001,13.325209
2026-06-02T15:50:07.386302184Z,,,default/fastfouriertransform-00001,31.136901
2026-06-02T15:50:07.509744992Z,,,default/matrixmul-00001,13.83558
2026-06-02T15:50:07.521833923Z,,,default/matrixmul-00001,12.027301
2026-06-02T15:50:08.284412283Z,,,default/linpack-00001,19.399082
2026-06-02T15:50:08.292882898Z,,,default/fastfouriertransform-00001,25.285214
2026-06-02T15:50:08.326549356Z,,,default/fastfouriertransform-00001,33.61818
2026-06-02T15:50:10.263042096Z,,,default/fastfouriertransform-00001,8.183207
2026-06-02T15:50:10.321493268Z,,,default/linpack-00001,10.634023
2026-06-02T15:50:12.290156658Z,,,default/linpack-00001,25.25501
2026-06-02T15:50:14.289578307Z,,,default/matrixmul-00001,24.088973
2026-06-02T15:50:14.298399644Z,,,default/matrixmul-00001,1.204111
2026-06-02T15:50:14.814722077Z,,,default/linpack-00001,9.311393
2026-06-02T15:50:15.981793872Z,,,default/matrixmul-00001,9.577226
2026-06-02T15:51:10.288036488Z,,,default/fastfouriertransform-00001,22.094196
2026-06-02T15:51:10.301109161Z,,,default/fastfouriertransform-00001,8.526745
2026-06-02T15:51:12.289009608Z,,,default/linpack-00001,22.941919
2026-06-02T15:51:12.300146614Z,,,default/linpack-00001,10.055523
2026-06-02T15:51:12.338102133Z,,,default/linpack-00001,37.903112
2026-06-02T15:51:12.366233961Z,,,default/linpack-00001,28.07768
2026-06-02T15:51:14.290945827Z,,,default/matrixmul-00001,25.35742
2026-06-02T15:51:14.304552297Z,,,default/matrixmul-00001,9.722135
2026-06-02T15:51:24.293431946Z,,,default/matrixmul-00001,26.589032
2026-06-02T15:51:26.055216371Z,,,default/matrixmul-00001,9.784023
2026-06-02T15:51:26.288368843Z,,,default/matrixmul-00001,22.920623
2026-06-02T15:51:27.991543631Z,,,default/matrixmul-00001,8.483134
2026-06-02T15:51:28.29132175Z,,,default/matrixmul-00001,25.562439
2026-06-02T15:51:28.294901381Z,,,default/matrixmul-00001,1.150668
2026-06-02T15:51:29.995708358Z,,,default/matrixmul-00001,9.125801
2026-06-02T15:51:42.295292591Z,,,default/fastfouriertransform-00001,29.305071
2026-06-02T15:51:42.318124233Z,,,default/fastfouriertransform-00001,1.36063
2026-06-02T15:51:42.904541771Z,,,default/linpack-00001,1.736686
2026-06-02T15:51:42.951850685Z,,,default/linpack-00001,1.899964
2026-06-02T15:51:44.173013233Z,,,default/fastfouriertransform-00001,37.313206
2026-06-02T15:51:45.104619829Z,,,default/matrixmul-00001,1.212964
2026-06-02T15:52:26.29330102Z,,,default/matrixmul-00001,27.663961
2026-06-02T15:52:26.301930673Z,,,default/matrixmul-00001,8.585561
2026-06-02T15:52:26.334130433Z,,,default/matrixmul-00001,32.149352
2026-06-02T15:52:26.358298744Z,,,default/matrixmul-00001,24.11831
2026-06-02T15:52:28.290981542Z,,,default/matrixmul-00001,25.3732
2026-06-02T15:52:28.322083653Z,,,default/matrixmul-00001,31.059833
2026-06-02T15:52:28.344160537Z,,,default/matrixmul-00001,22.031846
2026-06-02T15:52:44.2895932Z,,,default/fastfouriertransform-00001,22.621717
2026-06-02T15:52:44.305932487Z,,,default/fastfouriertransform-00001,11.252044
2026-06-02T15:52:46.278984815Z,,,default/matrixmul-00001,10.202007
2026-06-02T15:52:46.282297429Z,,,default/genmatrix-00001,16.725066
2026-06-02T15:52:46.293789491Z,,,default/fastfouriertransform-00001,14.694806
2026-06-02T15:52:46.299978439Z,,,default/fetchdata-00001,17.604029
2026-06-02T15:52:46.335161461Z,,,default/matrixmul-00001,41.261081
2026-06-02T15:52:46.340586298Z,,,default/genmatrix-00001,40.548321
2026-06-02T15:52:46.381293749Z,,,default/fastfouriertransform-00001,46.097029
2026-06-02T15:52:46.389188124Z,,,default/fetchdata-00001,48.571808
2026-06-02T15:52:46.419050365Z,,,default/matrixmul-00001,37.724542
2026-06-02T15:52:46.420656421Z,,,default/genmatrix-00001,31.427557
2026-06-02T15:52:46.451396755Z,,,default/fastfouriertransform-00001,32.29902
2026-06-02T15:52:46.454015738Z,,,default/fetchdata-00001,33.311799
2026-06-02T15:52:46.467450339Z,,,default/matrixmul-00001,16.008973
2026-06-02T15:52:46.46965697Z,,,default/genmatrix-00001,15.590695
2026-06-02T15:52:46.483753072Z,,,default/fastfouriertransform-00001,16.27801
2026-06-02T15:52:46.485811647Z,,,default/fetchdata-00001,16.129862
2026-06-02T15:52:48.27531807Z,,,default/linpack-00001,10.601117
2026-06-02T15:52:48.313095945Z,,,default/linpack-00001,37.743098
2026-06-02T15:52:48.349647208Z,,,default/linpack-00001,23.44507
2026-06-02T15:52:48.388060732Z,,,default/linpack-00001,38.366376
2026-06-02T15:52:48.405916706Z,,,default/linpack-00001,17.808308
2026-06-02T15:52:49.286735142Z,,,default/genmatrix-00001,20.02616
2026-06-02T15:52:49.289021681Z,,,default/matrixmul-00001,18.926956
2026-06-02T15:52:49.303575578Z,,,default/fastfouriertransform-00001,16.811566
2026-06-02T15:52:49.306247432Z,,,default/fetchdata-00001,17.188325
2026-06-02T15:52:49.582955085Z,,,default/matrixmul-00001,16.218436
2026-06-02T15:52:51.283062774Z,,,default/linpack-00001,17.136511
2026-06-02T15:52:56.049675223Z,,,default/matrixmul-00001,18.470401
2026-06-02T15:52:56.778284515Z,,,default/matrixmul-00001,22.239884
2026-06-02T15:52:56.836479311Z,,,default/matrixmul-00001,18.829809
2026-06-02T15:52:57.197676317Z,,,default/matrixmul-00001,16.46377
2026-06-02T15:52:57.217679829Z,,,default/matrixmul-00001,19.965568
2026-06-02T15:52:57.743665587Z,,,default/matrixmul-00001,17.304381
2026-06-02T15:52:57.764625341Z,,,default/matrixmul-00001,20.913476
2026-06-02T15:52:57.985711406Z,,,default/matrixmul-00001,16.561066
2026-06-02T15:52:58.79900968Z,,,default/matrixmul-00001,26.254331
2026-06-02T15:52:59.143373453Z,,,default/matrixmul-00001,18.402586
2026-06-02T15:52:59.162765465Z,,,default/matrixmul-00001,19.357235
2026-06-02T15:53:06.618622512Z,,,default/fetchdata-00001,25.957035
2026-06-02T15:53:07.131601581Z,,,default/genmatrix-00001,26.434517
2026-06-02T15:53:07.361060284Z,,,default/fastfouriertransform-00001,25.73872
2026-06-02T15:53:07.50973738Z,,,default/matrixmul-00001,23.86183
2026-06-02T15:53:14.142405758Z,,,default/fastfouriertransform-00001,16.926029
2026-06-02T15:53:14.754956971Z,,,default/fastfouriertransform-00001,17.021511
2026-06-02T15:53:15.352825397Z,,,default/fastfouriertransform-00001,16.258733
2026-06-02T15:53:15.372032169Z,,,default/fastfouriertransform-00001,19.16205
2026-06-02T15:53:16.87904704Z,,,default/matrixmul-00001,26.846073
2026-06-02T15:53:16.881275041Z,,,default/genmatrix-00001,25.342516
2026-06-02T15:53:16.903366908Z,,,default/fetchdata-00001,24.294183
2026-06-02T15:53:16.990871668Z,,,default/fastfouriertransform-00001,25.598832
2026-06-02T15:53:17.23384216Z,,,default/linpack-00001,25.33235
2026-06-02T15:53:17.238872053Z,,,default/fetchdata-00001,14.551287
2026-06-02T15:53:17.258258436Z,,,default/fetchdata-00001,19.344309
2026-06-02T15:53:17.447672689Z,,,default/genmatrix-00001,18.26129
2026-06-02T15:53:17.467998536Z,,,default/genmatrix-00001,20.300143
2026-06-02T15:53:17.66370609Z,,,default/fastfouriertransform-00001,15.75701
2026-06-02T15:53:17.684291733Z,,,default/fastfouriertransform-00001,20.546125
2026-06-02T15:53:17.819013524Z,,,default/matrixmul-00001,18.123215
2026-06-02T15:53:17.838480463Z,,,default/matrixmul-00001,19.439217
2026-06-02T15:53:18.839660933Z,,,default/linpack-00001,30.639595
2026-06-02T15:53:19.547649101Z,,,default/linpack-00001,18.540012
2026-06-02T15:53:19.569950727Z,,,default/linpack-00001,22.266311
2026-06-02T16:01:16.403124898Z,,,default/fastfouriertransform-00001,32.022754
2026-06-02T16:01:16.435595893Z,,,default/genmatrix-00001,21.943373
2026-06-02T16:01:16.488211372Z,,,default/fetchdata-00001,28.668196
2026-06-02T16:01:16.515326621Z,,,default/fetchdata-00001,1.718835
2026-06-02T16:01:16.583732763Z,,,default/linpack-00001,24.964598
2026-06-02T16:01:17.129087919Z,,,default/matrixmul-00001,27.16736
2026-06-02T16:01:18.042391683Z,,,default/fetchdata-00001,12.356197
2026-06-02T16:01:18.072895454Z,,,default/fetchdata-00001,30.448919
2026-06-02T16:01:18.095592384Z,,,default/fetchdata-00001,22.6403
2026-06-02T16:01:18.152005236Z,,,default/fastfouriertransform-00001,10.238121
2026-06-02T16:01:18.164341415Z,,,default/fastfouriertransform-00001,10.092177
2026-06-02T16:01:18.271202893Z,,,default/linpack-00001,35.394758
2026-06-02T16:01:18.295767917Z,,,default/linpack-00001,24.490525
2026-06-02T16:01:18.372934124Z,,,default/genmatrix-00001,8.29086
2026-06-02T16:01:18.382379948Z,,,default/genmatrix-00001,7.658545
2026-06-02T16:01:18.549614337Z,,,default/matrixmul-00001,11.031696
2026-06-02T16:01:18.561331979Z,,,default/matrixmul-00001,10.270732
2026-06-02T16:01:20.287233481Z,,,default/linpack-00001,22.455078
2026-06-02T16:01:20.305819851Z,,,default/fastfouriertransform-00001,37.491833
2026-06-02T16:01:20.323681443Z,,,default/linpack-00001,36.118166
2026-06-02T16:01:20.333652379Z,,,default/fastfouriertransform-00001,27.75425
2026-06-02T16:01:21.744634049Z,,,default/linpack-00001,9.35601
2026-06-02T16:01:22.230168127Z,,,default/fastfouriertransform-00001,10.320844
2026-06-02T16:01:22.28695074Z,,,default/linpack-00001,22.142948
2026-06-02T16:01:22.310728652Z,,,default/linpack-00001,23.730691
2026-06-02T16:01:24.016153618Z,,,default/linpack-00001,1.11089
2026-06-02T16:01:24.038816771Z,,,default/linpack-00001,11.340474
2026-06-02T16:01:26.296228328Z,,,default/matrixmul-00001,30.57679
2026-06-02T16:01:26.299885721Z,,,default/matrixmul-00001,1.359613
2026-06-02T16:01:28.052721904Z,,,default/matrixmul-00001,10.563288
2026-06-02T16:02:20.290008905Z,,,default/linpack-00001,25.033211
2026-06-02T16:02:20.305978921Z,,,default/fastfouriertransform-00001,37.108667
2026-06-02T16:02:20.31928062Z,,,default/linpack-00001,20.945521
2026-06-02T16:02:20.321002363Z,,,default/fastfouriertransform-00001,14.97546
2026-06-02T16:02:20.363377295Z,,,default/linpack-00001,44.042805
2026-06-02T16:02:26.2937903Z,,,default/linpack-00001,28.86977
2026-06-02T16:02:26.294872635Z,,,default/matrixmul-00001,26.254656
2026-06-02T16:02:26.328583391Z,,,default/matrixmul-00001,33.68796
2026-06-02T16:02:28.060903133Z,,,default/linpack-00001,9.150269
2026-06-02T16:02:36.285307294Z,,,default/matrixmul-00001,19.755539
2026-06-02T16:02:38.004821047Z,,,default/matrixmul-00001,9.470899
2026-06-02T16:02:38.292134677Z,,,default/matrixmul-00001,26.668694
2026-06-02T16:02:38.314073292Z,,,default/matrixmul-00001,21.890541
2026-06-02T16:02:39.89093251Z,,,default/matrixmul-00001,9.727547
2026-06-02T16:02:40.285143695Z,,,default/matrixmul-00001,19.566928
2026-06-02T16:02:42.194227165Z,,,default/matrixmul-00001,9.086269
2026-06-02T16:02:48.219819465Z,,,default/linpack-00001,1.334928
2026-06-02T16:02:51.787881157Z,,,default/linpack-00001,1.49202
2026-06-02T16:02:54.288961545Z,,,default/fastfouriertransform-00001,23.058728
2026-06-02T16:02:55.605319299Z,,,default/fastfouriertransform-00001,9.91614
2026-06-02T16:02:57.095076103Z,,,default/matrixmul-00001,1.057483
2026-06-02T16:03:26.28859943Z,,,default/linpack-00001,23.541118
2026-06-02T16:03:26.300275128Z,,,default/linpack-00001,9.354288
2026-06-02T16:03:36.292747909Z,,,default/matrixmul-00001,27.017473
2026-06-02T16:03:36.307799666Z,,,default/matrixmul-00001,12.274735
2026-06-02T16:03:36.341987406Z,,,default/matrixmul-00001,34.121332
2026-06-02T16:03:38.290062972Z,,,default/matrixmul-00001,24.486822
2026-06-02T16:03:38.306101452Z,,,default/matrixmul-00001,10.453585
2026-06-02T16:03:54.288635801Z,,,default/fastfouriertransform-00001,22.481839
2026-06-02T16:03:54.304126818Z,,,default/fastfouriertransform-00001,11.975957
2026-06-02T16:03:56.273823178Z,,,default/genmatrix-00001,8.629806
2026-06-02T16:03:56.275305087Z,,,default/matrixmul-00001,8.792139
2026-06-02T16:03:56.320749042Z,,,default/matrixmul-00001,45.405678
2026-06-02T16:03:56.323970805Z,,,default/genmatrix-00001,50.108386
2026-06-02T16:03:56.354288837Z,,,default/genmatrix-00001,25.399398
2026-06-02T16:03:56.360196158Z,,,default/matrixmul-00001,25.59975
2026-06-02T16:03:56.402587925Z,,,default/genmatrix-00001,48.256754
2026-06-02T16:03:56.409778766Z,,,default/matrixmul-00001,49.538312
2026-06-02T16:03:56.4413763Z,,,default/genmatrix-00001,38.745244
2026-06-02T16:03:56.447023713Z,,,default/matrixmul-00001,37.195965
2026-06-02T16:03:56.454632814Z,,,default/genmatrix-00001,13.213495
2026-06-02T16:03:56.460209931Z,,,default/matrixmul-00001,13.141106
2026-06-02T16:03:57.999209744Z,,,default/matrixmul-00001,16.567295
2026-06-02T16:03:58.277645205Z,,,default/linpack-00001,12.580124
2026-06-02T16:03:58.280063356Z,,,default/fetchdata-00001,12.686958
2026-06-02T16:03:58.287308345Z,,,default/fastfouriertransform-00001,9.606417
2026-06-02T16:03:58.3251597Z,,,default/linpack-00001,45.001251
2026-06-02T16:03:58.341273568Z,,,default/fetchdata-00001,53.909446
2026-06-02T16:03:58.38213389Z,,,default/linpack-00001,40.823118
2026-06-02T16:03:58.399399445Z,,,default/fastfouriertransform-00001,74.200949
2026-06-02T16:03:58.415903573Z,,,default/linpack-00001,16.473554
2026-06-02T16:03:58.417533334Z,,,default/fetchdata-00001,35.35087
2026-06-02T16:03:58.435220705Z,,,default/fetchdata-00001,17.640778
2026-06-02T16:03:58.4440764Z,,,default/fastfouriertransform-00001,28.142993
2026-06-02T16:03:58.48495198Z,,,default/fastfouriertransform-00001,40.800284
2026-06-02T16:03:58.503511481Z,,,default/fastfouriertransform-00001,18.505297
2026-06-02T16:03:59.287147144Z,,,default/genmatrix-00001,21.008504
2026-06-02T16:03:59.289251701Z,,,default/matrixmul-00001,22.303301
2026-06-02T16:03:59.305821441Z,,,default/linpack-00001,18.620909
2026-06-02T16:03:59.646225283Z,,,default/matrixmul-00001,17.637296
2026-06-02T16:04:01.287268891Z,,,default/linpack-00001,20.628966
2026-06-02T16:04:01.288446096Z,,,default/fetchdata-00001,19.796725
2026-06-02T16:04:01.304851669Z,,,default/fastfouriertransform-00001,17.543203
2026-06-02T16:04:02.164677561Z,,,default/matrixmul-00001,15.775331
2026-06-02T16:04:06.757352485Z,,,default/matrixmul-00001,20.832078
2026-06-02T16:04:06.818716661Z,,,default/matrixmul-00001,18.15639
2026-06-02T16:04:07.153412442Z,,,default/matrixmul-00001,16.822221
2026-06-02T16:04:07.172930925Z,,,default/matrixmul-00001,19.492298
2026-06-02T16:04:07.327326126Z,,,default/matrixmul-00001,18.19926
2026-06-02T16:04:07.344673311Z,,,default/matrixmul-00001,17.321259
2026-06-02T16:04:08.800939912Z,,,default/matrixmul-00001,20.518337
2026-06-02T16:04:09.104725105Z,,,default/matrixmul-00001,16.345554
2026-06-02T16:04:09.122140846Z,,,default/matrixmul-00001,17.392759
2026-06-02T16:04:15.315422981Z,,,default/fastfouriertransform-00001,17.238426
2026-06-02T16:04:18.369108878Z,,,default/genmatrix-00001,17.375241
2026-06-02T16:04:18.544925788Z,,,default/matrixmul-00001,15.273424
2026-06-02T16:04:22.214879992Z,,,default/fastfouriertransform-00001,18.350816
2026-06-02T16:04:24.032927134Z,,,default/linpack-00001,19.046743
2026-06-02T16:04:24.783563804Z,,,default/fastfouriertransform-00001,25.51075
2026-06-02T16:04:25.480849789Z,,,default/fastfouriertransform-00001,19.497613
2026-06-02T16:04:25.4985589Z,,,default/fastfouriertransform-00001,17.571464
2026-06-02T16:04:26.893194369Z,,,default/genmatrix-00001,39.93645
2026-06-02T16:04:26.901632471Z,,,default/matrixmul-00001,40.194431
2026-06-02T16:04:27.721257216Z,,,default/genmatrix-00001,18.854483
2026-06-02T16:04:27.743532369Z,,,default/genmatrix-00001,22.23932
2026-06-02T16:04:27.798492761Z,,,default/fetchdata-00001,18.413335
2026-06-02T16:04:27.847232072Z,,,default/matrixmul-00001,18.46476
2026-06-02T16:04:27.86777065Z,,,default/matrixmul-00001,20.505874
2026-06-02T16:04:28.876709282Z,,,default/fetchdata-00001,31.662793
2026-06-02T16:04:28.910742985Z,,,default/fastfouriertransform-00001,29.107939
2026-06-02T16:04:29.134651891Z,,,default/fetchdata-00001,16.018128
2026-06-02T16:04:29.155202431Z,,,default/fetchdata-00001,20.524504
2026-06-02T16:04:29.565244591Z,,,default/fastfouriertransform-00001,17.695204
2026-06-02T16:04:29.583423518Z,,,default/fastfouriertransform-00001,18.146057
2026-06-02T16:04:29.717307365Z,,,default/linpack-00001,30.724625
2026-06-02T16:04:30.349576762Z,,,default/linpack-00001,16.164924
2026-06-02T16:04:30.371098785Z,,,default/linpack-00001,21.49419
