timestamp,pod,scheduling_time_ms
I0601 10:10:22.312781,default/fastfouriertransform-00001-deployment-d48746479-db4mb,14.471636
I0601 10:10:22.318771,default/linpack-00001-deployment-788844df7-qrmrz,24.613889
I0601 10:10:22.331770,default/fetchdata-00001-deployment-d457c4fdf-86t2n,30.703116
I0601 10:10:22.336929,default/genmatrix-00001-deployment-776c8ff9db-d6phk,33.766155
I0601 10:10:22.454067,default/matrixmul-00001-deployment-5cf6968dcf-bmdhj,33.54132
I0601 10:10:23.802078,default/fastfouriertransform-00001-deployment-d48746479-vhch8,18.246123
I0601 10:10:23.831044,default/linpack-00001-deployment-788844df7-lbtrs,15.51879
I0601 10:10:25.795003,default/fastfouriertransform-00001-deployment-d48746479-rhgsj,8.121074
I0601 10:10:25.801982,default/fetchdata-00001-deployment-d457c4fdf-9pphf,13.182219
I0601 10:10:27.839799,default/linpack-00001-deployment-788844df7-g5rh9,27.964152
I0601 10:10:29.821853,default/fetchdata-00001-deployment-d457c4fdf-x49vb,16.36074
I0601 10:12:20.058021,default/linpack-00001-deployment-788844df7-wm8cn,9.990547
I0601 10:20:31.215749,default/genmatrix-00001-deployment-776c8ff9db-5848t,12.377869
I0601 10:20:31.225090,default/fastfouriertransform-00001-deployment-d48746479-n4f8r,13.268077
I0601 10:20:31.411635,default/fetchdata-00001-deployment-d457c4fdf-52lhp,28.521092
I0601 10:20:31.704143,default/linpack-00001-deployment-788844df7-7qsgw,33.053675
I0601 10:20:32.592518,default/matrixmul-00001-deployment-5cf6968dcf-kklqn,9.295128
I0601 10:20:35.803675,default/linpack-00001-deployment-788844df7-j7cwn,9.109534
I0601 10:22:29.917082,default/linpack-00001-deployment-788844df7-cxl8d,6.951281
I0601 10:30:22.243898,default/fastfouriertransform-00001-deployment-d48746479-59wcq,32.768905
I0601 10:30:22.267849,default/genmatrix-00001-deployment-776c8ff9db-9cvwj,36.247609
I0601 10:30:22.349657,default/fetchdata-00001-deployment-d457c4fdf-r4v2l,19.841073
I0601 10:30:22.478910,default/linpack-00001-deployment-788844df7-b4pcg,6.205367
I0601 10:30:23.572391,default/matrixmul-00001-deployment-5cf6968dcf-xnfbs,9.351033
I0601 10:30:25.796943,default/linpack-00001-deployment-788844df7-fdzqs,11.129006
I0601 10:32:22.089603,default/linpack-00001-deployment-788844df7-wlqm4,8.075989
I0601 10:40:17.633889,default/fastfouriertransform-00001-deployment-d48746479-ns79n,8.845534
I0601 10:40:17.649659,default/genmatrix-00001-deployment-776c8ff9db-jq6x7,12.954745
I0601 10:40:17.794572,default/fetchdata-00001-deployment-d457c4fdf-dftzx,21.483851
I0601 10:40:17.945866,default/linpack-00001-deployment-788844df7-rkjgn,12.170446
I0601 10:40:19.023640,default/matrixmul-00001-deployment-5cf6968dcf-cgdjp,18.750236
I0601 10:40:21.802955,default/linpack-00001-deployment-788844df7-mcf7h,14.339562
I0601 10:41:22.129141,default/fastfouriertransform-00001-deployment-d48746479-sbms9,6.331587
I0601 10:42:16.227168,default/linpack-00001-deployment-788844df7-sk6kp,5.681864
I0601 10:50:34.987423,default/genmatrix-00001-deployment-776c8ff9db-97g7m,14.813478
I0601 10:50:34.997045,default/fastfouriertransform-00001-deployment-d48746479-kg7nx,21.75041
I0601 10:50:35.101680,default/fetchdata-00001-deployment-d457c4fdf-7p6zc,16.244279
I0601 10:50:35.279697,default/linpack-00001-deployment-788844df7-lsfvq,21.770039
I0601 10:50:36.373426,default/matrixmul-00001-deployment-5cf6968dcf-5vjfx,9.339217
I0601 10:50:37.817572,default/linpack-00001-deployment-788844df7-5llwz,16.299816
I0601 10:52:33.813072,default/linpack-00001-deployment-788844df7-87bxj,10.644853
I0601 11:00:37.140552,default/genmatrix-00001-deployment-776c8ff9db-dgxdp,22.973926
I0601 11:00:37.164438,default/fastfouriertransform-00001-deployment-d48746479-hhm8r,44.712662
I0601 11:00:37.276805,default/fetchdata-00001-deployment-d457c4fdf-bzm5l,10.177486
I0601 11:00:37.430300,default/linpack-00001-deployment-788844df7-94d47,15.430859
I0601 11:00:38.517315,default/matrixmul-00001-deployment-5cf6968dcf-qg89n,9.30776
I0601 11:00:39.819345,default/linpack-00001-deployment-788844df7-c2zcv,11.367379
I0601 11:02:35.973617,default/linpack-00001-deployment-788844df7-mqsnw,6.059858
I0601 11:10:27.645224,default/fastfouriertransform-00001-deployment-d48746479-mnfsw,37.886457
I0601 11:10:27.808738,default/genmatrix-00001-deployment-776c8ff9db-85dnb,17.241706
I0601 11:10:27.993088,default/fetchdata-00001-deployment-d457c4fdf-z94qz,70.686661
I0601 11:10:28.118410,default/linpack-00001-deployment-788844df7-62h8d,15.196719
I0601 11:10:29.059981,default/matrixmul-00001-deployment-5cf6968dcf-7rx24,9.5618
I0601 11:10:31.813001,default/linpack-00001-deployment-788844df7-gzn7k,14.956145
I0601 11:12:25.830666,default/linpack-00001-deployment-788844df7-klwfd,6.076053
I0601 11:20:16.201139,default/fastfouriertransform-00001-deployment-d48746479-m2ht7,19.532696
I0601 11:20:16.296768,default/genmatrix-00001-deployment-776c8ff9db-kw9gx,24.970159
I0601 11:20:16.384305,default/fetchdata-00001-deployment-d457c4fdf-6b7xn,13.027082
I0601 11:20:16.651358,default/linpack-00001-deployment-788844df7-svs4g,11.892411
I0601 11:20:17.644474,default/matrixmul-00001-deployment-5cf6968dcf-dcq8c,9.124068
I0601 11:20:19.793869,default/linpack-00001-deployment-788844df7-hltxw,7.362414
I0601 11:22:16.223817,default/linpack-00001-deployment-788844df7-p9fcv,5.508001
I0601 11:30:27.843792,default/fastfouriertransform-00001-deployment-d48746479-27gfm,41.528417
I0601 11:30:28.035504,default/fetchdata-00001-deployment-d457c4fdf-fqvrt,28.62996
I0601 11:30:28.197181,default/linpack-00001-deployment-788844df7-4hq8p,17.830086
I0601 11:30:28.208506,default/genmatrix-00001-deployment-776c8ff9db-phcf5,236.956379
I0601 11:30:29.180932,default/matrixmul-00001-deployment-5cf6968dcf-mgxkt,9.586333
I0601 11:30:31.812119,default/linpack-00001-deployment-788844df7-qx8hc,14.91939
I0601 11:32:26.227773,default/linpack-00001-deployment-788844df7-wqs8l,8.187217
I0601 11:40:20.767117,default/genmatrix-00001-deployment-776c8ff9db-c54zw,13.901091
I0601 11:40:20.767263,default/fastfouriertransform-00001-deployment-d48746479-xtd5n,12.586882
I0601 11:40:20.879395,default/fetchdata-00001-deployment-d457c4fdf-lrl29,17.593106
I0601 11:40:21.226017,default/linpack-00001-deployment-788844df7-7t9fr,90.146944
I0601 11:40:22.155038,default/matrixmul-00001-deployment-5cf6968dcf-lkh8w,9.605075
I0601 11:40:23.823135,default/linpack-00001-deployment-788844df7-ndlh5,9.048202
I0601 11:42:20.222451,default/linpack-00001-deployment-788844df7-h5xrt,5.772283
