request_id,scheduled_time,function,payload_size
0,0.0,fastfouriertransform,small
1,0.05,genmatrix,small
2,0.1,fetchdata,small
3,0.15,fastfouriertransform,large
4,0.2,linpack,small
5,0.25,linpack,medium
6,0.3,fastfouriertransform,small
7,0.35,fastfouriertransform,small
8,0.4,fetchdata,large
9,0.45,linpack,small
10,0.5,linpack,small
11,0.55,linpack,medium
12,0.6,fetchdata,medium
13,0.65,linpack,medium
14,0.7,fastfouriertransform,small
15,0.75,matrixmul,medium
16,0.8,genmatrix,small
17,0.85,fetchdata,medium
18,0.9,fastfouriertransform,small
19,0.95,matrixmul,small
20,1.0,genmatrix,medium
21,1.05,linpack,medium
22,1.1,fastfouriertransform,large
23,1.15,matrixmul,large
24,1.2,fastfouriertransform,medium
25,1.25,fastfouriertransform,large
26,1.3,genmatrix,large
27,1.35,linpack,medium
28,1.4,linpack,small
29,1.45,fastfouriertransform,small
30,1.5,fetchdata,medium
31,1.55,fastfouriertransform,small
32,1.6,fastfouriertransform,medium
33,1.65,genmatrix,medium
34,1.7,genmatrix,small
35,1.75,genmatrix,medium
36,1.8,fetchdata,large
37,1.85,genmatrix,large
38,1.9,fastfouriertransform,large
39,1.95,fetchdata,large
40,2.0,fetchdata,small
41,2.05,matrixmul,medium
42,2.1,genmatrix,large
43,2.15,linpack,small
44,2.2,genmatrix,small
45,2.25,fetchdata,small
46,2.3,genmatrix,medium
47,2.35,genmatrix,small
48,2.4,fetchdata,large
49,2.45,genmatrix,small
50,2.5,matrixmul,medium
51,2.55,matrixmul,small
52,2.6,genmatrix,small
53,2.65,fetchdata,large
54,2.7,linpack,large
55,2.75,genmatrix,large
56,2.8,linpack,medium
57,2.85,linpack,medium
58,2.9,genmatrix,small
59,2.95,fetchdata,large
60,3.0,matrixmul,small
61,3.05,fastfouriertransform,small
62,3.1,fetchdata,large
63,3.15,fetchdata,large
64,3.2,matrixmul,large
65,3.25,fastfouriertransform,medium
66,3.3,matrixmul,large
67,3.35,matrixmul,large
68,3.4,genmatrix,large
69,3.45,fastfouriertransform,large
70,3.5,fastfouriertransform,large
71,3.55,linpack,medium
72,3.6,genmatrix,small
73,3.65,genmatrix,medium
74,3.7,fetchdata,medium
75,3.75,fastfouriertransform,large
76,3.8,genmatrix,large
77,3.85,fetchdata,large
78,3.9,fastfouriertransform,large
79,3.95,genmatrix,large
80,4.0,linpack,large
81,4.05,fetchdata,small
82,4.1,genmatrix,small
83,4.15,linpack,large
84,4.2,fastfouriertransform,large
85,4.25,genmatrix,medium
86,4.3,fastfouriertransform,small
87,4.35,genmatrix,medium
88,4.4,fetchdata,small
89,4.45,fetchdata,large
90,4.5,fastfouriertransform,small
91,4.55,matrixmul,small
92,4.6,linpack,small
93,4.65,fetchdata,large
94,4.7,matrixmul,large
95,4.75,fetchdata,medium
96,4.8,linpack,large
97,4.85,matrixmul,small
98,4.9,linpack,large
99,4.95,fetchdata,large
100,5.0,genmatrix,medium
101,5.05,genmatrix,medium
102,5.1,linpack,medium
103,5.15,fastfouriertransform,small
104,5.2,fetchdata,small
105,5.25,genmatrix,small
106,5.3,linpack,large
107,5.35,fetchdata,large
108,5.4,fetchdata,small
109,5.45,fastfouriertransform,large
110,5.5,fastfouriertransform,small
111,5.55,fastfouriertransform,small
112,5.6,genmatrix,small
113,5.65,linpack,small
114,5.7,genmatrix,large
115,5.75,matrixmul,small
116,5.8,linpack,small
117,5.85,linpack,large
118,5.9,matrixmul,small
119,5.95,matrixmul,medium
120,6.0,fetchdata,small
121,6.05,fastfouriertransform,large
122,6.1,matrixmul,medium
123,6.15,matrixmul,medium
124,6.2,matrixmul,large
125,6.25,fastfouriertransform,large
126,6.3,fastfouriertransform,small
127,6.35,matrixmul,large
128,6.4,genmatrix,small
129,6.45,fetchdata,small
130,6.5,fetchdata,large
131,6.55,matrixmul,small
132,6.6,matrixmul,small
133,6.65,genmatrix,medium
134,6.7,fetchdata,small
135,6.75,matrixmul,large
136,6.8,fastfouriertransform,small
137,6.85,linpack,small
138,6.9,fastfouriertransform,small
139,6.95,fetchdata,medium
140,7.0,matrixmul,medium
141,7.05,fetchdata,medium
142,7.1,fastfouriertransform,small
143,7.15,matrixmul,small
144,7.2,matrixmul,medium
145,7.25,matrixmul,medium
146,7.3,matrixmul,large
147,7.35,linpack,large
148,7.4,matrixmul,small
149,7.45,fetchdata,medium
150,7.5,fetchdata,small
151,7.55,linpack,large
152,7.6,linpack,small
153,7.65,genmatrix,small
154,7.7,fastfouriertransform,large
155,7.75,matrixmul,large
156,7.8,linpack,small
157,7.85,fastfouriertransform,large
158,7.9,fastfouriertransform,small
159,7.95,fastfouriertransform,large
160,8.0,fastfouriertransform,large
161,8.05,fetchdata,medium
162,8.1,fastfouriertransform,large
163,8.15,fetchdata,large
164,8.2,linpack,small
165,8.25,linpack,small
166,8.3,matrixmul,large
167,8.35,linpack,large
168,8.4,linpack,medium
169,8.45,genmatrix,small
170,8.5,genmatrix,small
171,8.55,genmatrix,medium
172,8.6,fetchdata,large
173,8.65,genmatrix,medium
174,8.7,genmatrix,small
175,8.75,fastfouriertransform,medium
176,8.8,linpack,large
177,8.85,fastfouriertransform,small
178,8.9,linpack,small
179,8.95,linpack,medium
180,9.0,fetchdata,medium
181,9.05,fastfouriertransform,small
182,9.1,genmatrix,medium
183,9.15,fetchdata,medium
184,9.2,linpack,large
185,9.25,genmatrix,large
186,9.3,linpack,small
187,9.35,linpack,medium
188,9.4,fastfouriertransform,small
189,9.45,genmatrix,small
190,9.5,fastfouriertransform,large
191,9.55,linpack,small
192,9.6,genmatrix,medium
193,9.65,linpack,small
194,9.7,genmatrix,small
195,9.75,genmatrix,large
196,9.8,matrixmul,medium
197,9.85,fastfouriertransform,small
198,9.9,matrixmul,medium
199,9.95,fastfouriertransform,small
200,10.0,genmatrix,small
201,10.05,genmatrix,small
202,10.1,matrixmul,large
203,10.15,matrixmul,large
204,10.2,fastfouriertransform,small
205,10.25,fastfouriertransform,large
206,10.3,fetchdata,large
207,10.35,fastfouriertransform,medium
208,10.4,linpack,large
209,10.45,fetchdata,medium
210,10.5,fetchdata,small
211,10.55,genmatrix,medium
212,10.6,fastfouriertransform,medium
213,10.65,fetchdata,large
214,10.7,fetchdata,large
215,10.75,fastfouriertransform,medium
216,10.8,linpack,medium
217,10.85,linpack,large
218,10.9,fetchdata,small
219,10.95,fetchdata,small
220,11.0,matrixmul,small
221,11.05,fetchdata,large
222,11.1,genmatrix,medium
223,11.15,fetchdata,medium
224,11.2,fetchdata,large
225,11.25,fastfouriertransform,medium
226,11.3,fastfouriertransform,medium
227,11.35,fetchdata,small
228,11.4,matrixmul,medium
229,11.45,genmatrix,small
230,11.5,fetchdata,small
231,11.55,fetchdata,medium
232,11.6,genmatrix,medium
233,11.65,fastfouriertransform,medium
234,11.7,genmatrix,large
235,11.75,linpack,medium
236,11.8,linpack,medium
237,11.85,fastfouriertransform,small
238,11.9,genmatrix,small
239,11.95,linpack,medium
240,12.0,fastfouriertransform,small
241,12.05,linpack,medium
242,12.1,genmatrix,large
243,12.15,genmatrix,medium
244,12.2,linpack,large
245,12.25,fastfouriertransform,medium
246,12.3,linpack,small
247,12.35,genmatrix,small
248,12.4,matrixmul,small
249,12.45,linpack,large
250,12.5,fetchdata,medium
251,12.55,matrixmul,small
252,12.6,genmatrix,large
253,12.65,genmatrix,large
254,12.7,fastfouriertransform,large
255,12.75,genmatrix,large
256,12.8,genmatrix,large
257,12.85,matrixmul,medium
258,12.9,matrixmul,large
259,12.95,genmatrix,large
260,13.0,fetchdata,small
261,13.05,matrixmul,large
262,13.1,matrixmul,large
263,13.15,fetchdata,large
264,13.2,linpack,medium
265,13.25,matrixmul,large
266,13.3,fastfouriertransform,medium
267,13.35,genmatrix,small
268,13.4,matrixmul,large
269,13.45,linpack,large
270,13.5,genmatrix,medium
271,13.55,matrixmul,medium
272,13.6,fetchdata,large
273,13.65,matrixmul,large
274,13.7,fetchdata,large
275,13.75,fastfouriertransform,medium
276,13.8,linpack,large
277,13.85,linpack,medium
278,13.9,fastfouriertransform,small
279,13.95,genmatrix,small
280,14.0,fetchdata,small
281,14.05,fastfouriertransform,small
282,14.1,fetchdata,medium
283,14.15,linpack,small
284,14.2,matrixmul,medium
285,14.25,linpack,small
286,14.3,matrixmul,medium
287,14.35,matrixmul,small
288,14.4,fetchdata,large
289,14.45,fastfouriertransform,small
290,14.5,matrixmul,small
291,14.55,fetchdata,large
292,14.6,linpack,medium
293,14.65,fastfouriertransform,large
294,14.7,fetchdata,small
295,14.75,matrixmul,small
296,14.8,matrixmul,large
297,14.85,linpack,large
298,14.9,linpack,medium
299,14.95,matrixmul,large
300,15.0,linpack,medium
301,15.05,linpack,medium
302,15.1,fetchdata,large
303,15.15,matrixmul,medium
304,15.2,genmatrix,small
305,15.25,genmatrix,large
306,15.3,matrixmul,large
307,15.35,fetchdata,medium
308,15.4,matrixmul,small
309,15.45,genmatrix,small
310,15.5,genmatrix,medium
311,15.55,genmatrix,large
312,15.6,fastfouriertransform,small
313,15.65,fetchdata,small
314,15.7,matrixmul,large
315,15.75,fetchdata,large
316,15.8,fetchdata,small
317,15.85,matrixmul,medium
318,15.9,genmatrix,large
319,15.95,matrixmul,medium
320,16.0,fastfouriertransform,small
321,16.05,matrixmul,medium
322,16.1,linpack,large
323,16.15,fastfouriertransform,large
324,16.2,matrixmul,medium
325,16.25,fastfouriertransform,medium
326,16.3,genmatrix,medium
327,16.35,matrixmul,large
328,16.4,linpack,large
329,16.45,fetchdata,medium
330,16.5,fetchdata,medium
331,16.55,matrixmul,medium
332,16.6,fastfouriertransform,medium
333,16.65,genmatrix,large
334,16.7,matrixmul,large
335,16.75,fetchdata,medium
336,16.8,fetchdata,large
337,16.85,linpack,small
338,16.9,matrixmul,large
339,16.95,linpack,large
340,17.0,fastfouriertransform,small
341,17.05,matrixmul,small
342,17.1,matrixmul,small
343,17.15,fastfouriertransform,medium
344,17.2,matrixmul,medium
345,17.25,fetchdata,medium
346,17.3,genmatrix,medium
347,17.35,matrixmul,medium
348,17.4,matrixmul,medium
349,17.45,fastfouriertransform,medium
350,17.5,fastfouriertransform,large
351,17.55,linpack,small
352,17.6,genmatrix,small
353,17.65,fastfouriertransform,large
354,17.7,fastfouriertransform,small
355,17.75,fetchdata,small
356,17.8,fastfouriertransform,large
357,17.85,fetchdata,small
358,17.9,fetchdata,medium
359,17.95,fastfouriertransform,large
360,18.0,fetchdata,medium
361,18.05,genmatrix,medium
362,18.1,fetchdata,large
363,18.15,linpack,large
364,18.2,fastfouriertransform,small
365,18.25,genmatrix,small
366,18.3,linpack,small
367,18.35,genmatrix,large
368,18.4,matrixmul,medium
369,18.45,fetchdata,small
370,18.5,linpack,large
371,18.55,fetchdata,small
372,18.6,genmatrix,large
373,18.65,linpack,small
374,18.7,linpack,small
375,18.75,genmatrix,large
376,18.8,matrixmul,large
377,18.85,genmatrix,small
378,18.9,linpack,large
379,18.95,genmatrix,small
380,19.0,matrixmul,medium
381,19.05,fastfouriertransform,medium
382,19.1,genmatrix,large
383,19.15,matrixmul,large
384,19.2,fetchdata,medium
385,19.25,fetchdata,large
386,19.3,linpack,large
387,19.35,genmatrix,large
388,19.4,linpack,medium
389,19.45,matrixmul,medium
390,19.5,linpack,medium
391,19.55,genmatrix,small
392,19.6,fastfouriertransform,medium
393,19.65,matrixmul,small
394,19.7,matrixmul,large
395,19.75,linpack,large
396,19.8,matrixmul,medium
397,19.85,fastfouriertransform,medium
398,19.9,genmatrix,small
399,19.95,matrixmul,small
400,20.0,genmatrix,medium
401,20.05,genmatrix,medium
402,20.1,linpack,large
403,20.15,genmatrix,large
404,20.2,fastfouriertransform,large
405,20.25,fetchdata,small
406,20.3,fetchdata,large
407,20.35,matrixmul,medium
408,20.4,linpack,small
409,20.45,matrixmul,large
410,20.5,matrixmul,medium
411,20.55,fastfouriertransform,small
412,20.6,genmatrix,small
413,20.65,matrixmul,large
414,20.7,fetchdata,medium
415,20.75,linpack,medium
416,20.8,matrixmul,large
417,20.85,linpack,medium
418,20.9,matrixmul,large
419,20.95,linpack,medium
420,21.0,genmatrix,large
421,21.05,matrixmul,medium
422,21.1,genmatrix,medium
423,21.15,fetchdata,small
424,21.2,fetchdata,medium
425,21.25,fastfouriertransform,large
426,21.3,linpack,large
427,21.35,fetchdata,small
428,21.4,fetchdata,large
429,21.45,matrixmul,medium
430,21.5,linpack,large
431,21.55,linpack,medium
432,21.6,fastfouriertransform,small
433,21.65,genmatrix,small
434,21.7,genmatrix,small
435,21.75,genmatrix,small
436,21.8,linpack,small
437,21.85,genmatrix,small
438,21.9,fastfouriertransform,large
439,21.95,genmatrix,large
440,22.0,fetchdata,large
441,22.05,matrixmul,small
442,22.1,fastfouriertransform,large
443,22.15,genmatrix,medium
444,22.2,matrixmul,medium
445,22.25,genmatrix,small
446,22.3,fastfouriertransform,medium
447,22.35,matrixmul,small
448,22.4,fastfouriertransform,medium
449,22.45,matrixmul,small
450,22.5,linpack,large
451,22.55,fastfouriertransform,small
452,22.6,fetchdata,large
453,22.65,genmatrix,small
454,22.7,fetchdata,small
455,22.75,linpack,medium
456,22.8,linpack,large
457,22.85,linpack,small
458,22.9,linpack,medium
459,22.95,matrixmul,medium
460,23.0,genmatrix,large
461,23.05,matrixmul,medium
462,23.1,linpack,large
463,23.15,fastfouriertransform,large
464,23.2,fastfouriertransform,small
465,23.25,fetchdata,medium
466,23.3,fastfouriertransform,small
467,23.35,fetchdata,small
468,23.4,linpack,small
469,23.45,fetchdata,small
470,23.5,matrixmul,medium
471,23.55,linpack,medium
472,23.6,genmatrix,small
473,23.65,fetchdata,medium
474,23.7,genmatrix,large
475,23.75,matrixmul,small
476,23.8,fetchdata,medium
477,23.85,linpack,large
478,23.9,fetchdata,medium
479,23.95,fastfouriertransform,large
480,24.0,fetchdata,large
481,24.05,fetchdata,medium
482,24.1,fetchdata,small
483,24.15,fastfouriertransform,small
484,24.2,genmatrix,large
485,24.25,linpack,medium
486,24.3,matrixmul,small
487,24.35,matrixmul,large
488,24.4,genmatrix,large
489,24.45,matrixmul,medium
490,24.5,linpack,large
491,24.55,matrixmul,medium
492,24.6,fastfouriertransform,large
493,24.65,fastfouriertransform,medium
494,24.7,genmatrix,large
495,24.75,genmatrix,small
496,24.8,fastfouriertransform,small
497,24.85,linpack,large
498,24.9,fastfouriertransform,large
499,24.95,genmatrix,large
500,25.0,fastfouriertransform,small
501,25.05,matrixmul,large
502,25.1,matrixmul,medium
503,25.15,fetchdata,large
504,25.2,matrixmul,large
505,25.25,matrixmul,small
506,25.3,matrixmul,medium
507,25.35,matrixmul,medium
508,25.4,genmatrix,large
509,25.45,fastfouriertransform,small
510,25.5,genmatrix,medium
511,25.55,matrixmul,medium
512,25.6,matrixmul,large
513,25.65,fastfouriertransform,medium
514,25.7,fastfouriertransform,medium
515,25.75,genmatrix,medium
516,25.8,fastfouriertransform,medium
517,25.85,linpack,small
518,25.9,linpack,medium
519,25.95,matrixmul,small
520,26.0,fetchdata,large
521,26.05,genmatrix,large
522,26.1,matrixmul,large
523,26.15,matrixmul,small
524,26.2,fetchdata,medium
525,26.25,linpack,small
526,26.3,genmatrix,medium
527,26.35,matrixmul,small
528,26.4,fastfouriertransform,large
529,26.45,linpack,small
530,26.5,fetchdata,medium
531,26.55,linpack,small
532,26.6,linpack,medium
533,26.65,fastfouriertransform,small
534,26.7,fastfouriertransform,medium
535,26.75,fastfouriertransform,large
536,26.8,fetchdata,medium
537,26.85,genmatrix,large
538,26.9,genmatrix,medium
539,26.95,matrixmul,medium
540,27.0,fetchdata,medium
541,27.05,linpack,small
542,27.1,matrixmul,small
543,27.15,linpack,large
544,27.2,fetchdata,small
545,27.25,genmatrix,medium
546,27.3,genmatrix,large
547,27.35,genmatrix,small
548,27.4,genmatrix,large
549,27.45,genmatrix,large
550,27.5,linpack,large
551,27.55,matrixmul,small
552,27.6,matrixmul,large
553,27.65,matrixmul,medium
554,27.7,genmatrix,large
555,27.75,linpack,medium
556,27.8,matrixmul,medium
557,27.85,fetchdata,large
558,27.9,fetchdata,large
559,27.95,matrixmul,small
560,28.0,matrixmul,small
561,28.05,genmatrix,large
562,28.1,matrixmul,large
563,28.15,matrixmul,medium
564,28.2,fetchdata,medium
565,28.25,fastfouriertransform,small
566,28.3,linpack,large
567,28.35,genmatrix,small
568,28.4,matrixmul,small
569,28.45,linpack,medium
570,28.5,fastfouriertransform,large
571,28.55,fetchdata,medium
572,28.6,fetchdata,small
573,28.65,matrixmul,medium
574,28.7,genmatrix,large
575,28.75,matrixmul,large
576,28.8,fastfouriertransform,medium
577,28.85,linpack,medium
578,28.9,genmatrix,large
579,28.95,matrixmul,large
580,29.0,fastfouriertransform,large
581,29.05,fastfouriertransform,small
582,29.1,genmatrix,small
583,29.15,fastfouriertransform,medium
584,29.2,fastfouriertransform,large
585,29.25,fastfouriertransform,medium
586,29.3,fetchdata,large
587,29.35,genmatrix,small
588,29.4,fastfouriertransform,medium
589,29.45,fastfouriertransform,medium
590,29.5,genmatrix,medium
591,29.55,matrixmul,small
592,29.6,fetchdata,large
593,29.65,matrixmul,large
594,29.7,fetchdata,small
595,29.75,fetchdata,small
596,29.8,linpack,medium
597,29.85,linpack,large
598,29.9,fetchdata,medium
599,29.95,linpack,small
600,30.0,fetchdata,medium
601,30.05,genmatrix,medium
602,30.1,genmatrix,large
603,30.15,fastfouriertransform,medium
604,30.2,genmatrix,large
605,30.25,linpack,small
606,30.3,fastfouriertransform,medium
607,30.35,genmatrix,large
608,30.4,genmatrix,large
609,30.45,matrixmul,large
610,30.5,genmatrix,medium
611,30.55,genmatrix,small
612,30.6,matrixmul,medium
613,30.65,fastfouriertransform,small
614,30.7,matrixmul,large
615,30.75,genmatrix,large
616,30.8,genmatrix,large
617,30.85,genmatrix,small
618,30.9,matrixmul,medium
619,30.95,fastfouriertransform,large
620,31.0,fastfouriertransform,large
621,31.05,matrixmul,medium
622,31.1,fetchdata,large
623,31.15,genmatrix,small
624,31.2,fetchdata,large
625,31.25,genmatrix,large
626,31.3,fetchdata,large
627,31.35,fastfouriertransform,large
628,31.4,fastfouriertransform,medium
629,31.45,matrixmul,small
630,31.5,linpack,medium
631,31.55,fetchdata,small
632,31.6,genmatrix,medium
633,31.65,matrixmul,small
634,31.7,fetchdata,small
635,31.75,linpack,medium
636,31.8,linpack,large
637,31.85,genmatrix,small
638,31.9,genmatrix,medium
639,31.95,genmatrix,large
640,32.0,genmatrix,small
641,32.05,matrixmul,small
642,32.1,fetchdata,small
643,32.15,matrixmul,large
644,32.2,genmatrix,small
645,32.25,matrixmul,small
646,32.3,genmatrix,large
647,32.35,fastfouriertransform,medium
648,32.4,genmatrix,large
649,32.45,genmatrix,large
650,32.5,matrixmul,large
651,32.55,genmatrix,small
652,32.6,fetchdata,medium
653,32.65,fastfouriertransform,large
654,32.7,linpack,medium
655,32.75,linpack,small
656,32.8,fastfouriertransform,large
657,32.85,matrixmul,large
658,32.9,genmatrix,large
659,32.95,matrixmul,small
660,33.0,fetchdata,small
661,33.05,fastfouriertransform,medium
662,33.1,matrixmul,small
663,33.15,fastfouriertransform,small
664,33.2,linpack,small
665,33.25,matrixmul,medium
666,33.3,genmatrix,large
667,33.35,linpack,medium
668,33.4,linpack,large
669,33.45,fetchdata,medium
670,33.5,fastfouriertransform,medium
671,33.55,linpack,medium
672,33.6,genmatrix,small
673,33.65,genmatrix,small
674,33.7,matrixmul,medium
675,33.75,fetchdata,medium
676,33.8,fastfouriertransform,large
677,33.85,genmatrix,large
678,33.9,genmatrix,small
679,33.95,matrixmul,medium
680,34.0,fetchdata,small
681,34.05,matrixmul,small
682,34.1,fetchdata,large
683,34.15,linpack,small
684,34.2,fastfouriertransform,medium
685,34.25,fetchdata,small
686,34.3,linpack,small
687,34.35,fastfouriertransform,large
688,34.4,fetchdata,large
689,34.45,fetchdata,small
690,34.5,genmatrix,small
691,34.55,linpack,small
692,34.6,genmatrix,small
693,34.65,fetchdata,large
694,34.7,genmatrix,small
695,34.75,fastfouriertransform,large
696,34.8,fastfouriertransform,small
697,34.85,fastfouriertransform,medium
698,34.9,fetchdata,large
699,34.95,genmatrix,small
700,35.0,fetchdata,medium
701,35.05,fastfouriertransform,small
702,35.1,matrixmul,large
703,35.15,fastfouriertransform,large
704,35.2,fastfouriertransform,medium
705,35.25,matrixmul,medium
706,35.3,linpack,large
707,35.35,fastfouriertransform,medium
708,35.4,linpack,small
709,35.45,linpack,small
710,35.5,linpack,medium
711,35.55,matrixmul,large
712,35.6,fastfouriertransform,small
713,35.65,matrixmul,medium
714,35.7,matrixmul,large
715,35.75,fastfouriertransform,medium
716,35.8,matrixmul,small
717,35.85,fastfouriertransform,medium
718,35.9,linpack,small
719,35.95,fastfouriertransform,small
720,36.0,genmatrix,large
721,36.05,linpack,large
722,36.1,genmatrix,medium
723,36.15,linpack,large
724,36.2,genmatrix,medium
725,36.25,linpack,large
726,36.3,matrixmul,small
727,36.35,fastfouriertransform,large
728,36.4,linpack,large
729,36.45,fetchdata,medium
730,36.5,matrixmul,small
731,36.55,matrixmul,medium
732,36.6,matrixmul,medium
733,36.65,matrixmul,large
734,36.7,fastfouriertransform,medium
735,36.75,matrixmul,medium
736,36.8,genmatrix,medium
737,36.85,fetchdata,large
738,36.9,matrixmul,small
739,36.95,fastfouriertransform,small
740,37.0,fastfouriertransform,medium
741,37.05,fastfouriertransform,large
742,37.1,genmatrix,small
743,37.15,linpack,small
744,37.2,linpack,large
745,37.25,linpack,medium
746,37.3,fastfouriertransform,medium
747,37.35,genmatrix,large
748,37.4,matrixmul,large
749,37.45,fastfouriertransform,medium
750,37.5,linpack,medium
751,37.55,genmatrix,small
752,37.6,linpack,large
753,37.65,fetchdata,small
754,37.7,matrixmul,small
755,37.75,fastfouriertransform,medium
756,37.8,linpack,medium
757,37.85,fastfouriertransform,medium
758,37.9,linpack,small
759,37.95,matrixmul,large
760,38.0,linpack,large
761,38.05,linpack,small
762,38.1,linpack,large
763,38.15,genmatrix,small
764,38.2,fetchdata,medium
765,38.25,genmatrix,medium
766,38.3,genmatrix,small
767,38.35,fetchdata,small
768,38.4,linpack,large
769,38.45,matrixmul,small
770,38.5,fetchdata,large
771,38.55,fastfouriertransform,small
772,38.6,linpack,small
773,38.65,matrixmul,medium
774,38.7,matrixmul,medium
775,38.75,fetchdata,medium
776,38.8,genmatrix,large
777,38.85,genmatrix,large
778,38.9,linpack,small
779,38.95,fastfouriertransform,small
780,39.0,fetchdata,large
781,39.05,fastfouriertransform,large
782,39.1,fastfouriertransform,medium
783,39.15,matrixmul,large
784,39.2,matrixmul,medium
785,39.25,linpack,medium
786,39.3,matrixmul,medium
787,39.35,fetchdata,large
788,39.4,fastfouriertransform,medium
789,39.45,matrixmul,small
790,39.5,genmatrix,large
791,39.55,linpack,medium
792,39.6,linpack,large
793,39.65,genmatrix,small
794,39.7,fetchdata,medium
795,39.75,linpack,small
796,39.8,fastfouriertransform,small
797,39.85,genmatrix,small
798,39.9,fetchdata,medium
799,39.95,genmatrix,medium
800,40.0,fastfouriertransform,small
801,40.05,matrixmul,large
802,40.1,matrixmul,small
803,40.15,fetchdata,medium
804,40.2,linpack,large
805,40.25,fetchdata,large
806,40.3,linpack,large
807,40.35,genmatrix,small
808,40.4,matrixmul,large
809,40.45,fastfouriertransform,medium
810,40.5,fastfouriertransform,medium
811,40.55,fastfouriertransform,medium
812,40.6,linpack,medium
813,40.65,linpack,medium
814,40.7,matrixmul,medium
815,40.75,fastfouriertransform,medium
816,40.8,fastfouriertransform,medium
817,40.85,fetchdata,large
818,40.9,matrixmul,large
819,40.95,genmatrix,small
820,41.0,matrixmul,small
821,41.05,fetchdata,medium
822,41.1,linpack,medium
823,41.15,linpack,small
824,41.2,matrixmul,medium
825,41.25,genmatrix,small
826,41.3,genmatrix,small
827,41.35,fastfouriertransform,large
828,41.4,fastfouriertransform,large
829,41.45,linpack,small
830,41.5,genmatrix,medium
831,41.55,fetchdata,small
832,41.6,fastfouriertransform,small
833,41.65,genmatrix,small
834,41.7,fetchdata,large
835,41.75,fetchdata,large
836,41.8,fastfouriertransform,small
837,41.85,matrixmul,medium
838,41.9,linpack,large
839,41.95,matrixmul,large
840,42.0,linpack,large
841,42.05,linpack,medium
842,42.1,genmatrix,small
843,42.15,matrixmul,small
844,42.2,matrixmul,medium
845,42.25,genmatrix,medium
846,42.3,linpack,small
847,42.35,genmatrix,large
848,42.4,fastfouriertransform,medium
849,42.45,matrixmul,medium
850,42.5,fastfouriertransform,small
851,42.55,genmatrix,medium
852,42.6,fastfouriertransform,large
853,42.65,fastfouriertransform,large
854,42.7,linpack,large
855,42.75,matrixmul,medium
856,42.8,linpack,large
857,42.85,fastfouriertransform,medium
858,42.9,linpack,large
859,42.95,fetchdata,medium
860,43.0,linpack,medium
861,43.05,linpack,small
862,43.1,fastfouriertransform,medium
863,43.15,fastfouriertransform,medium
864,43.2,fastfouriertransform,large
865,43.25,fetchdata,small
866,43.3,fetchdata,large
867,43.35,matrixmul,medium
868,43.4,linpack,large
869,43.45,linpack,small
870,43.5,genmatrix,medium
871,43.55,genmatrix,medium
872,43.6,matrixmul,medium
873,43.65,linpack,small
874,43.7,genmatrix,small
875,43.75,genmatrix,small
876,43.8,linpack,large
877,43.85,matrixmul,medium
878,43.9,genmatrix,large
879,43.95,linpack,small
880,44.0,genmatrix,small
881,44.05,linpack,large
882,44.1,fetchdata,medium
883,44.15,genmatrix,large
884,44.2,matrixmul,small
885,44.25,linpack,large
886,44.3,fastfouriertransform,medium
887,44.35,linpack,medium
888,44.4,genmatrix,small
889,44.45,linpack,small
890,44.5,matrixmul,large
891,44.55,genmatrix,small
892,44.6,genmatrix,medium
893,44.65,fetchdata,small
894,44.7,genmatrix,medium
895,44.75,fetchdata,small
896,44.8,fetchdata,small
897,44.85,fastfouriertransform,medium
898,44.9,fastfouriertransform,large
899,44.95,linpack,large
900,45.0,linpack,small
901,45.05,genmatrix,large
902,45.1,fetchdata,large
903,45.15,matrixmul,small
904,45.2,fetchdata,small
905,45.25,linpack,small
906,45.3,matrixmul,small
907,45.35,matrixmul,medium
908,45.4,fetchdata,medium
909,45.45,linpack,medium
910,45.5,matrixmul,small
911,45.55,linpack,small
912,45.6,genmatrix,medium
913,45.65,fetchdata,medium
914,45.7,linpack,medium
915,45.75,matrixmul,medium
916,45.8,matrixmul,large
917,45.85,linpack,medium
918,45.9,fetchdata,small
919,45.95,linpack,small
920,46.0,genmatrix,small
921,46.05,matrixmul,medium
922,46.1,linpack,small
923,46.15,linpack,small
924,46.2,genmatrix,small
925,46.25,fetchdata,medium
926,46.3,matrixmul,large
927,46.35,fetchdata,medium
928,46.4,fastfouriertransform,small
929,46.45,matrixmul,medium
930,46.5,fastfouriertransform,medium
931,46.55,fastfouriertransform,medium
932,46.6,linpack,medium
933,46.65,fetchdata,medium
934,46.7,fastfouriertransform,medium
935,46.75,fetchdata,small
936,46.8,genmatrix,small
937,46.85,genmatrix,small
938,46.9,fetchdata,small
939,46.95,genmatrix,medium
940,47.0,fetchdata,large
941,47.05,matrixmul,medium
942,47.1,linpack,small
943,47.15,fastfouriertransform,small
944,47.2,genmatrix,small
945,47.25,fetchdata,large
946,47.3,linpack,large
947,47.35,matrixmul,small
948,47.4,genmatrix,small
949,47.45,genmatrix,small
950,47.5,fastfouriertransform,small
951,47.55,matrixmul,large
952,47.6,linpack,medium
953,47.65,fastfouriertransform,small
954,47.7,matrixmul,large
955,47.75,linpack,small
956,47.8,linpack,large
957,47.85,fetchdata,large
958,47.9,fetchdata,medium
959,47.95,matrixmul,small
960,48.0,linpack,medium
961,48.05,fetchdata,large
962,48.1,matrixmul,small
963,48.15,fastfouriertransform,large
964,48.2,genmatrix,small
965,48.25,linpack,large
966,48.3,linpack,large
967,48.35,linpack,small
968,48.4,matrixmul,medium
969,48.45,fastfouriertransform,large
970,48.5,matrixmul,medium
971,48.55,genmatrix,large
972,48.6,fastfouriertransform,medium
973,48.65,fastfouriertransform,medium
974,48.7,fetchdata,large
975,48.75,fastfouriertransform,large
976,48.8,genmatrix,small
977,48.85,fastfouriertransform,medium
978,48.9,linpack,medium
979,48.95,fetchdata,large
980,49.0,matrixmul,large
981,49.05,matrixmul,large
982,49.1,fetchdata,small
983,49.15,fastfouriertransform,large
984,49.2,matrixmul,small
985,49.25,genmatrix,small
986,49.3,fastfouriertransform,small
987,49.35,fastfouriertransform,medium
988,49.4,genmatrix,large
989,49.45,matrixmul,large
990,49.5,matrixmul,medium
991,49.55,fastfouriertransform,large
992,49.6,fetchdata,medium
993,49.65,genmatrix,small
994,49.7,genmatrix,medium
995,49.75,fastfouriertransform,medium
996,49.8,matrixmul,medium
997,49.85,matrixmul,medium
998,49.9,genmatrix,small
999,49.95,matrixmul,large
1000,50.0,matrixmul,medium
1001,50.05,linpack,medium
1002,50.1,fastfouriertransform,large
1003,50.15,matrixmul,small
1004,50.2,matrixmul,large
1005,50.25,fetchdata,large
1006,50.3,genmatrix,medium
1007,50.35,fastfouriertransform,small
1008,50.4,genmatrix,large
1009,50.45,genmatrix,medium
1010,50.5,matrixmul,large
1011,50.55,matrixmul,small
1012,50.6,matrixmul,medium
1013,50.65,matrixmul,small
1014,50.7,genmatrix,large
1015,50.75,matrixmul,medium
1016,50.8,fastfouriertransform,small
1017,50.85,matrixmul,medium
1018,50.9,linpack,large
1019,50.95,fetchdata,small
1020,51.0,fetchdata,large
1021,51.05,matrixmul,small
1022,51.1,fetchdata,small
1023,51.15,fetchdata,large
1024,51.2,genmatrix,medium
1025,51.25,matrixmul,large
1026,51.3,fastfouriertransform,large
1027,51.35,fetchdata,large
1028,51.4,matrixmul,medium
1029,51.45,genmatrix,medium
1030,51.5,fastfouriertransform,large
1031,51.55,fetchdata,large
1032,51.6,genmatrix,medium
1033,51.65,genmatrix,large
1034,51.7,genmatrix,small
1035,51.75,fastfouriertransform,small
1036,51.8,fetchdata,medium
1037,51.85,linpack,medium
1038,51.9,linpack,small
1039,51.95,genmatrix,medium
1040,52.0,matrixmul,small
1041,52.05,linpack,medium
1042,52.1,matrixmul,small
1043,52.15,fastfouriertransform,small
1044,52.2,fastfouriertransform,medium
1045,52.25,fetchdata,large
1046,52.3,matrixmul,small
1047,52.35,genmatrix,large
1048,52.4,genmatrix,large
1049,52.45,fastfouriertransform,large
1050,52.5,linpack,medium
1051,52.55,genmatrix,small
1052,52.6,fetchdata,medium
1053,52.65,linpack,small
1054,52.7,fastfouriertransform,small
1055,52.75,fetchdata,small
1056,52.8,matrixmul,small
1057,52.85,genmatrix,large
1058,52.9,linpack,medium
1059,52.95,matrixmul,large
1060,53.0,fetchdata,large
1061,53.05,fastfouriertransform,small
1062,53.1,genmatrix,medium
1063,53.15,matrixmul,large
1064,53.2,matrixmul,medium
1065,53.25,linpack,small
1066,53.3,fetchdata,medium
1067,53.35,fastfouriertransform,medium
1068,53.4,matrixmul,large
1069,53.45,linpack,medium
1070,53.5,fetchdata,large
1071,53.55,linpack,small
1072,53.6,fetchdata,medium
1073,53.65,linpack,small
1074,53.7,fastfouriertransform,large
1075,53.75,fetchdata,medium
1076,53.8,fetchdata,small
1077,53.85,genmatrix,large
1078,53.9,fetchdata,medium
1079,53.95,linpack,medium
1080,54.0,fastfouriertransform,medium
1081,54.05,fetchdata,large
1082,54.1,linpack,medium
1083,54.15,fetchdata,large
1084,54.2,genmatrix,large
1085,54.25,linpack,small
1086,54.3,linpack,large
1087,54.35,fetchdata,large
1088,54.4,linpack,small
1089,54.45,fetchdata,large
1090,54.5,linpack,large
1091,54.55,linpack,medium
1092,54.6,linpack,small
1093,54.65,fastfouriertransform,small
1094,54.7,fastfouriertransform,large
1095,54.75,linpack,medium
1096,54.8,fetchdata,large
1097,54.85,matrixmul,large
1098,54.9,fastfouriertransform,medium
1099,54.95,linpack,medium
1100,55.0,genmatrix,medium
1101,55.05,fetchdata,large
1102,55.1,matrixmul,medium
1103,55.15,matrixmul,small
1104,55.2,fastfouriertransform,small
1105,55.25,matrixmul,medium
1106,55.3,matrixmul,medium
1107,55.35,fetchdata,medium
1108,55.4,linpack,small
1109,55.45,genmatrix,large
1110,55.5,genmatrix,large
1111,55.55,genmatrix,medium
1112,55.6,fetchdata,medium
1113,55.65,linpack,large
1114,55.7,fastfouriertransform,medium
1115,55.75,fetchdata,medium
1116,55.8,fastfouriertransform,medium
1117,55.85,matrixmul,small
1118,55.9,fetchdata,small
1119,55.95,fastfouriertransform,medium
1120,56.0,matrixmul,large
1121,56.05,matrixmul,small
1122,56.1,fetchdata,medium
1123,56.15,linpack,large
1124,56.2,genmatrix,small
1125,56.25,fetchdata,medium
1126,56.3,linpack,medium
1127,56.35,matrixmul,medium
1128,56.4,matrixmul,small
1129,56.45,fastfouriertransform,medium
1130,56.5,linpack,medium
1131,56.55,fetchdata,small
1132,56.6,linpack,medium
1133,56.65,fastfouriertransform,small
1134,56.7,genmatrix,medium
1135,56.75,linpack,large
1136,56.8,matrixmul,medium
1137,56.85,linpack,small
1138,56.9,fastfouriertransform,medium
1139,56.95,fetchdata,medium
1140,57.0,genmatrix,medium
1141,57.05,genmatrix,small
1142,57.1,matrixmul,small
1143,57.15,linpack,large
1144,57.2,fetchdata,medium
1145,57.25,linpack,medium
1146,57.3,fastfouriertransform,medium
1147,57.35,linpack,medium
1148,57.4,linpack,medium
1149,57.45,linpack,large
1150,57.5,linpack,small
1151,57.55,fetchdata,small
1152,57.6,matrixmul,medium
1153,57.65,genmatrix,large
1154,57.7,genmatrix,small
1155,57.75,fetchdata,large
1156,57.8,linpack,medium
1157,57.85,linpack,small
1158,57.9,fastfouriertransform,small
1159,57.95,fetchdata,large
1160,58.0,genmatrix,medium
1161,58.05,linpack,medium
1162,58.1,fetchdata,large
1163,58.15,linpack,small
1164,58.2,genmatrix,large
1165,58.25,genmatrix,small
1166,58.3,matrixmul,large
1167,58.35,genmatrix,large
1168,58.4,genmatrix,large
1169,58.45,linpack,large
1170,58.5,matrixmul,large
1171,58.55,linpack,medium
1172,58.6,matrixmul,small
1173,58.65,genmatrix,medium
1174,58.7,fastfouriertransform,medium
1175,58.75,linpack,medium
1176,58.8,fastfouriertransform,large
1177,58.85,matrixmul,medium
1178,58.9,linpack,large
1179,58.95,fetchdata,large
1180,59.0,fastfouriertransform,large
1181,59.05,matrixmul,small
1182,59.1,linpack,large
1183,59.15,linpack,medium
1184,59.2,fetchdata,large
1185,59.25,fetchdata,small
1186,59.3,linpack,large
1187,59.35,fastfouriertransform,small
1188,59.4,fastfouriertransform,medium
1189,59.45,genmatrix,medium
1190,59.5,fetchdata,medium
1191,59.55,fetchdata,medium
1192,59.6,linpack,large
1193,59.65,matrixmul,large
1194,59.7,fastfouriertransform,large
1195,59.75,fetchdata,large
1196,59.8,fetchdata,large
1197,59.85,genmatrix,large
1198,59.9,matrixmul,large
1199,59.95,matrixmul,medium
1200,60.0,fetchdata,medium
1201,60.05,linpack,medium
1202,60.1,linpack,medium
1203,60.15,genmatrix,large
1204,60.2,matrixmul,small
1205,60.25,fetchdata,medium
1206,60.3,linpack,medium
1207,60.35,fetchdata,medium
1208,60.4,genmatrix,large
1209,60.45,fetchdata,large
1210,60.5,matrixmul,medium
1211,60.55,matrixmul,medium
1212,60.6,linpack,large
1213,60.65,genmatrix,medium
1214,60.7,fastfouriertransform,large
1215,60.75,linpack,medium
1216,60.8,matrixmul,medium
1217,60.85,fetchdata,medium
1218,60.9,fastfouriertransform,medium
1219,60.95,fastfouriertransform,medium
1220,61.0,matrixmul,large
1221,61.05,genmatrix,large
1222,61.1,matrixmul,small
1223,61.15,fetchdata,large
1224,61.2,genmatrix,large
1225,61.25,genmatrix,small
1226,61.3,fastfouriertransform,large
1227,61.35,linpack,small
1228,61.4,fetchdata,small
1229,61.45,linpack,small
1230,61.5,fetchdata,small
1231,61.55,fastfouriertransform,medium
1232,61.6,genmatrix,large
1233,61.65,matrixmul,small
1234,61.7,fetchdata,small
1235,61.75,linpack,small
1236,61.8,matrixmul,large
1237,61.85,matrixmul,medium
1238,61.9,fetchdata,medium
1239,61.95,genmatrix,medium
1240,62.0,fastfouriertransform,small
1241,62.05,linpack,small
1242,62.1,linpack,large
1243,62.15,fastfouriertransform,small
1244,62.2,matrixmul,small
1245,62.25,fastfouriertransform,medium
1246,62.3,matrixmul,small
1247,62.35,genmatrix,small
1248,62.4,fastfouriertransform,medium
1249,62.45,linpack,large
1250,62.5,fastfouriertransform,medium
1251,62.55,genmatrix,medium
1252,62.6,linpack,large
1253,62.65,matrixmul,small
1254,62.7,linpack,medium
1255,62.75,genmatrix,small
1256,62.8,fastfouriertransform,medium
1257,62.85,fetchdata,large
1258,62.9,matrixmul,large
1259,62.95,genmatrix,large
1260,63.0,fetchdata,small
1261,63.05,genmatrix,medium
1262,63.1,linpack,large
1263,63.15,fetchdata,small
1264,63.2,linpack,large
1265,63.25,matrixmul,medium
1266,63.3,linpack,medium
1267,63.35,fastfouriertransform,medium
1268,63.4,fastfouriertransform,small
1269,63.45,fetchdata,medium
1270,63.5,genmatrix,small
1271,63.55,fastfouriertransform,medium
1272,63.6,matrixmul,small
1273,63.65,matrixmul,medium
1274,63.7,genmatrix,medium
1275,63.75,linpack,large
1276,63.8,linpack,small
1277,63.85,genmatrix,large
1278,63.9,genmatrix,large
1279,63.95,fetchdata,small
1280,64.0,fastfouriertransform,medium
1281,64.05,genmatrix,small
1282,64.1,matrixmul,large
1283,64.15,linpack,large
1284,64.2,genmatrix,large
1285,64.25,fastfouriertransform,large
1286,64.3,genmatrix,medium
1287,64.35,linpack,small
1288,64.4,fetchdata,small
1289,64.45,matrixmul,small
1290,64.5,matrixmul,large
1291,64.55,linpack,medium
1292,64.6,matrixmul,large
1293,64.65,linpack,medium
1294,64.7,linpack,large
1295,64.75,fetchdata,small
1296,64.8,linpack,small
1297,64.85,linpack,medium
1298,64.9,linpack,large
1299,64.95,genmatrix,small
1300,65.0,linpack,small
1301,65.05,fastfouriertransform,large
1302,65.1,linpack,small
1303,65.15,linpack,large
1304,65.2,fetchdata,small
1305,65.25,genmatrix,large
1306,65.3,matrixmul,small
1307,65.35,fetchdata,large
1308,65.4,linpack,medium
1309,65.45,fastfouriertransform,large
1310,65.5,matrixmul,small
1311,65.55,matrixmul,small
1312,65.6,linpack,medium
1313,65.65,matrixmul,large
1314,65.7,fastfouriertransform,large
1315,65.75,matrixmul,large
1316,65.8,genmatrix,large
1317,65.85,fastfouriertransform,medium
1318,65.9,genmatrix,small
1319,65.95,fetchdata,large
1320,66.0,fastfouriertransform,small
1321,66.05,matrixmul,medium
1322,66.1,fastfouriertransform,large
1323,66.15,fastfouriertransform,small
1324,66.2,matrixmul,small
1325,66.25,genmatrix,medium
1326,66.3,fetchdata,small
1327,66.35,matrixmul,medium
1328,66.4,matrixmul,medium
1329,66.45,matrixmul,medium
1330,66.5,fastfouriertransform,large
1331,66.55,linpack,small
1332,66.6,genmatrix,small
1333,66.65,fetchdata,large
1334,66.7,matrixmul,large
1335,66.75,fetchdata,large
1336,66.8,fetchdata,small
1337,66.85,fastfouriertransform,medium
1338,66.9,matrixmul,large
1339,66.95,linpack,medium
1340,67.0,linpack,medium
1341,67.05,fetchdata,small
1342,67.1,matrixmul,medium
1343,67.15,fetchdata,medium
1344,67.2,fetchdata,large
1345,67.25,fastfouriertransform,small
1346,67.3,matrixmul,large
1347,67.35,fastfouriertransform,small
1348,67.4,fetchdata,small
1349,67.45,fastfouriertransform,large
1350,67.5,fastfouriertransform,medium
1351,67.55,linpack,large
1352,67.6,fastfouriertransform,small
1353,67.65,fastfouriertransform,medium
1354,67.7,matrixmul,small
1355,67.75,linpack,small
1356,67.8,fastfouriertransform,small
1357,67.85,linpack,medium
1358,67.9,fetchdata,large
1359,67.95,linpack,medium
1360,68.0,linpack,large
1361,68.05,genmatrix,small
1362,68.1,genmatrix,small
1363,68.15,linpack,small
1364,68.2,matrixmul,medium
1365,68.25,genmatrix,small
1366,68.3,linpack,large
1367,68.35,fetchdata,large
1368,68.4,matrixmul,large
1369,68.45,matrixmul,small
1370,68.5,genmatrix,large
1371,68.55,matrixmul,large
1372,68.6,genmatrix,large
1373,68.65,matrixmul,medium
1374,68.7,fetchdata,medium
1375,68.75,matrixmul,small
1376,68.8,linpack,medium
1377,68.85,fetchdata,small
1378,68.9,genmatrix,large
1379,68.95,fetchdata,medium
1380,69.0,fastfouriertransform,large
1381,69.05,matrixmul,medium
1382,69.1,linpack,large
1383,69.15,fetchdata,medium
1384,69.2,fetchdata,medium
1385,69.25,fetchdata,medium
1386,69.3,fastfouriertransform,medium
1387,69.35,genmatrix,small
1388,69.4,linpack,large
1389,69.45,fetchdata,small
1390,69.5,genmatrix,medium
1391,69.55,linpack,large
1392,69.6,fastfouriertransform,small
1393,69.65,fetchdata,large
1394,69.7,linpack,small
1395,69.75,matrixmul,small
1396,69.8,genmatrix,medium
1397,69.85,fastfouriertransform,small
1398,69.9,fetchdata,large
1399,69.95,fastfouriertransform,large
1400,70.0,matrixmul,small
1401,70.05,linpack,large
1402,70.1,fetchdata,medium
1403,70.15,fetchdata,large
1404,70.2,genmatrix,medium
1405,70.25,matrixmul,medium
1406,70.3,linpack,large
1407,70.35,genmatrix,medium
1408,70.4,genmatrix,medium
1409,70.45,linpack,medium
1410,70.5,matrixmul,small
1411,70.55,matrixmul,medium
1412,70.6,fetchdata,medium
1413,70.65,genmatrix,medium
1414,70.7,fastfouriertransform,large
1415,70.75,fetchdata,large
1416,70.8,fetchdata,small
1417,70.85,genmatrix,large
1418,70.9,linpack,large
1419,70.95,matrixmul,medium
1420,71.0,fetchdata,small
1421,71.05,genmatrix,small
1422,71.1,matrixmul,large
1423,71.15,fetchdata,medium
1424,71.2,linpack,large
1425,71.25,genmatrix,medium
1426,71.3,matrixmul,large
1427,71.35,matrixmul,medium
1428,71.4,fetchdata,large
1429,71.45,genmatrix,small
1430,71.5,fetchdata,large
1431,71.55,linpack,medium
1432,71.6,fetchdata,large
1433,71.65,fastfouriertransform,large
1434,71.7,fastfouriertransform,small
1435,71.75,fastfouriertransform,small
1436,71.8,matrixmul,small
1437,71.85,fetchdata,small
1438,71.9,fetchdata,small
1439,71.95,fetchdata,large
1440,72.0,matrixmul,medium
1441,72.05,fastfouriertransform,large
1442,72.1,linpack,medium
1443,72.15,matrixmul,small
1444,72.2,fastfouriertransform,large
1445,72.25,linpack,medium
1446,72.3,fastfouriertransform,small
1447,72.35,linpack,large
1448,72.4,genmatrix,large
1449,72.45,genmatrix,small
1450,72.5,linpack,large
1451,72.55,matrixmul,small
1452,72.6,fastfouriertransform,small
1453,72.65,linpack,small
1454,72.7,fetchdata,small
1455,72.75,linpack,large
1456,72.8,genmatrix,medium
1457,72.85,genmatrix,medium
1458,72.9,fastfouriertransform,medium
1459,72.95,matrixmul,medium
1460,73.0,linpack,small
1461,73.05,fetchdata,medium
1462,73.1,fastfouriertransform,large
1463,73.15,fastfouriertransform,small
1464,73.2,matrixmul,medium
1465,73.25,matrixmul,large
1466,73.3,matrixmul,small
1467,73.35,fastfouriertransform,large
1468,73.4,fetchdata,small
1469,73.45,matrixmul,medium
1470,73.5,genmatrix,large
1471,73.55,fastfouriertransform,large
1472,73.6,fastfouriertransform,small
1473,73.65,fetchdata,large
1474,73.7,linpack,medium
1475,73.75,genmatrix,small
1476,73.8,fastfouriertransform,large
1477,73.85,genmatrix,large
1478,73.9,linpack,large
1479,73.95,fastfouriertransform,small
1480,74.0,genmatrix,small
1481,74.05,fetchdata,large
1482,74.1,fetchdata,large
1483,74.15,matrixmul,small
1484,74.2,genmatrix,small
1485,74.25,linpack,small
1486,74.3,linpack,medium
1487,74.35,linpack,medium
1488,74.4,matrixmul,large
1489,74.45,fetchdata,large
1490,74.5,fastfouriertransform,large
1491,74.55,genmatrix,small
1492,74.6,fastfouriertransform,medium
1493,74.65,fetchdata,small
1494,74.7,genmatrix,large
1495,74.75,linpack,large
1496,74.8,matrixmul,medium
1497,74.85,fastfouriertransform,large
1498,74.9,genmatrix,medium
1499,74.95,matrixmul,small
1500,75.0,genmatrix,large
1501,75.05,matrixmul,medium
1502,75.1,fetchdata,large
1503,75.15,linpack,large
1504,75.2,matrixmul,small
1505,75.25,linpack,medium
1506,75.3,fetchdata,large
1507,75.35,fastfouriertransform,small
1508,75.4,genmatrix,small
1509,75.45,matrixmul,large
1510,75.5,fetchdata,large
1511,75.55,matrixmul,medium
1512,75.6,genmatrix,small
1513,75.65,fastfouriertransform,small
1514,75.7,genmatrix,medium
1515,75.75,genmatrix,medium
1516,75.8,fastfouriertransform,small
1517,75.85,fastfouriertransform,small
1518,75.9,matrixmul,medium
1519,75.95,linpack,large
1520,76.0,linpack,medium
1521,76.05,fastfouriertransform,small
1522,76.1,fastfouriertransform,medium
1523,76.15,linpack,small
1524,76.2,linpack,large
1525,76.25,genmatrix,medium
1526,76.3,fastfouriertransform,medium
1527,76.35,matrixmul,medium
1528,76.4,fastfouriertransform,large
1529,76.45,linpack,small
1530,76.5,linpack,large
1531,76.55,fetchdata,large
1532,76.6,matrixmul,small
1533,76.65,fetchdata,medium
1534,76.7,genmatrix,medium
1535,76.75,matrixmul,small
1536,76.8,fastfouriertransform,small
1537,76.85,matrixmul,medium
1538,76.9,matrixmul,medium
1539,76.95,matrixmul,small
1540,77.0,genmatrix,medium
1541,77.05,fetchdata,large
1542,77.1,matrixmul,large
1543,77.15,linpack,small
1544,77.2,matrixmul,small
1545,77.25,fetchdata,medium
1546,77.3,fastfouriertransform,medium
1547,77.35,genmatrix,large
1548,77.4,matrixmul,medium
1549,77.45,matrixmul,medium
1550,77.5,matrixmul,large
1551,77.55,linpack,small
1552,77.6,genmatrix,medium
1553,77.65,linpack,large
1554,77.7,fetchdata,medium
1555,77.75,genmatrix,small
1556,77.8,matrixmul,medium
1557,77.85,genmatrix,large
1558,77.9,matrixmul,large
1559,77.95,fetchdata,medium
1560,78.0,matrixmul,medium
1561,78.05,matrixmul,medium
1562,78.1,fastfouriertransform,large
1563,78.15,fetchdata,large
1564,78.2,linpack,small
1565,78.25,linpack,small
1566,78.3,matrixmul,large
1567,78.35,fetchdata,medium
1568,78.4,genmatrix,large
1569,78.45,fastfouriertransform,medium
1570,78.5,matrixmul,small
1571,78.55,genmatrix,small
1572,78.6,genmatrix,large
1573,78.65,fetchdata,large
1574,78.7,matrixmul,medium
1575,78.75,fastfouriertransform,medium
1576,78.8,linpack,medium
1577,78.85,linpack,medium
1578,78.9,linpack,large
1579,78.95,matrixmul,large
1580,79.0,fastfouriertransform,medium
1581,79.05,linpack,large
1582,79.1,fastfouriertransform,small
1583,79.15,fetchdata,large
1584,79.2,genmatrix,small
1585,79.25,linpack,small
1586,79.3,linpack,large
1587,79.35,matrixmul,medium
1588,79.4,matrixmul,small
1589,79.45,fastfouriertransform,small
1590,79.5,genmatrix,small
1591,79.55,linpack,large
1592,79.6,linpack,large
1593,79.65,linpack,large
1594,79.7,linpack,small
1595,79.75,matrixmul,medium
1596,79.8,matrixmul,medium
1597,79.85,linpack,large
1598,79.9,linpack,small
1599,79.95,genmatrix,small
1600,80.0,matrixmul,small
1601,80.05,genmatrix,medium
1602,80.1,fastfouriertransform,small
1603,80.15,fetchdata,medium
1604,80.2,genmatrix,medium
1605,80.25,matrixmul,small
1606,80.3,linpack,medium
1607,80.35,genmatrix,medium
1608,80.4,fastfouriertransform,medium
1609,80.45,matrixmul,medium
1610,80.5,fastfouriertransform,medium
1611,80.55,fastfouriertransform,large
1612,80.6,fastfouriertransform,small
1613,80.65,genmatrix,large
1614,80.7,fastfouriertransform,large
1615,80.75,fetchdata,large
1616,80.8,fetchdata,large
1617,80.85,fetchdata,large
1618,80.9,fetchdata,medium
1619,80.95,linpack,medium
1620,81.0,matrixmul,small
1621,81.05,matrixmul,large
1622,81.1,fetchdata,small
1623,81.15,matrixmul,medium
1624,81.2,fastfouriertransform,large
1625,81.25,linpack,small
1626,81.3,matrixmul,large
1627,81.35,matrixmul,medium
1628,81.4,fastfouriertransform,large
1629,81.45,fetchdata,small
1630,81.5,genmatrix,large
1631,81.55,fastfouriertransform,large
1632,81.6,fastfouriertransform,large
1633,81.65,fetchdata,medium
1634,81.7,genmatrix,small
1635,81.75,matrixmul,small
1636,81.8,genmatrix,large
1637,81.85,matrixmul,large
1638,81.9,genmatrix,large
1639,81.95,matrixmul,large
1640,82.0,matrixmul,large
1641,82.05,fastfouriertransform,medium
1642,82.1,genmatrix,medium
1643,82.15,linpack,small
1644,82.2,genmatrix,large
1645,82.25,linpack,small
1646,82.3,fetchdata,medium
1647,82.35,fastfouriertransform,small
1648,82.4,genmatrix,small
1649,82.45,fetchdata,medium
1650,82.5,fetchdata,large
1651,82.55,matrixmul,medium
1652,82.6,linpack,small
1653,82.65,linpack,medium
1654,82.7,matrixmul,small
1655,82.75,matrixmul,large
1656,82.8,linpack,large
1657,82.85,fetchdata,large
1658,82.9,fetchdata,medium
1659,82.95,genmatrix,small
1660,83.0,fetchdata,medium
1661,83.05,matrixmul,large
1662,83.1,fastfouriertransform,medium
1663,83.15,fastfouriertransform,medium
1664,83.2,fetchdata,small
1665,83.25,matrixmul,large
1666,83.3,linpack,large
1667,83.35,matrixmul,medium
1668,83.4,matrixmul,medium
1669,83.45,matrixmul,medium
1670,83.5,fetchdata,small
1671,83.55,linpack,small
1672,83.6,fetchdata,medium
1673,83.65,fastfouriertransform,medium
1674,83.7,fetchdata,large
1675,83.75,genmatrix,small
1676,83.8,matrixmul,large
1677,83.85,matrixmul,large
1678,83.9,linpack,small
1679,83.95,linpack,small
1680,84.0,genmatrix,large
1681,84.05,genmatrix,large
1682,84.1,fastfouriertransform,large
1683,84.15,matrixmul,large
1684,84.2,fetchdata,medium
1685,84.25,fastfouriertransform,large
1686,84.3,fetchdata,medium
1687,84.35,fastfouriertransform,medium
1688,84.4,genmatrix,medium
1689,84.45,fastfouriertransform,medium
1690,84.5,fastfouriertransform,small
1691,84.55,fetchdata,large
1692,84.6,linpack,large
1693,84.65,genmatrix,large
1694,84.7,linpack,large
1695,84.75,matrixmul,small
1696,84.8,linpack,small
1697,84.85,fetchdata,small
1698,84.9,fastfouriertransform,large
1699,84.95,genmatrix,large
1700,85.0,genmatrix,large
1701,85.05,linpack,small
1702,85.1,genmatrix,large
1703,85.15,genmatrix,medium
1704,85.2,linpack,medium
1705,85.25,linpack,large
1706,85.3,fastfouriertransform,small
1707,85.35,matrixmul,small
1708,85.4,genmatrix,large
1709,85.45,fetchdata,large
1710,85.5,fetchdata,small
1711,85.55,fetchdata,large
1712,85.6,genmatrix,small
1713,85.65,matrixmul,medium
1714,85.7,fetchdata,large
1715,85.75,genmatrix,large
1716,85.8,matrixmul,medium
1717,85.85,matrixmul,small
1718,85.9,fastfouriertransform,medium
1719,85.95,linpack,large
1720,86.0,genmatrix,large
1721,86.05,genmatrix,medium
1722,86.1,matrixmul,medium
1723,86.15,linpack,small
1724,86.2,fastfouriertransform,large
1725,86.25,matrixmul,large
1726,86.3,genmatrix,small
1727,86.35,linpack,medium
1728,86.4,fetchdata,medium
1729,86.45,fetchdata,medium
1730,86.5,genmatrix,medium
1731,86.55,genmatrix,medium
1732,86.6,linpack,large
1733,86.65,fetchdata,large
1734,86.7,matrixmul,medium
1735,86.75,fastfouriertransform,small
1736,86.8,fastfouriertransform,large
1737,86.85,matrixmul,small
1738,86.9,fastfouriertransform,small
1739,86.95,matrixmul,medium
1740,87.0,fastfouriertransform,medium
1741,87.05,fetchdata,large
1742,87.1,fetchdata,large
1743,87.15,genmatrix,small
1744,87.2,genmatrix,small
1745,87.25,genmatrix,medium
1746,87.3,fastfouriertransform,medium
1747,87.35,fetchdata,small
1748,87.4,matrixmul,large
1749,87.45,genmatrix,large
1750,87.5,fetchdata,medium
1751,87.55,fastfouriertransform,large
1752,87.6,fastfouriertransform,small
1753,87.65,fetchdata,medium
1754,87.7,fastfouriertransform,small
1755,87.75,linpack,small
1756,87.8,linpack,large
1757,87.85,matrixmul,small
1758,87.9,fastfouriertransform,large
1759,87.95,genmatrix,small
1760,88.0,matrixmul,large
1761,88.05,fetchdata,medium
1762,88.1,fastfouriertransform,small
1763,88.15,matrixmul,small
1764,88.2,fastfouriertransform,small
1765,88.25,genmatrix,medium
1766,88.3,genmatrix,small
1767,88.35,matrixmul,small
1768,88.4,fetchdata,small
1769,88.45,linpack,large
1770,88.5,fastfouriertransform,large
1771,88.55,fetchdata,medium
1772,88.6,genmatrix,large
1773,88.65,fetchdata,large
1774,88.7,fetchdata,medium
1775,88.75,linpack,large
1776,88.8,matrixmul,small
1777,88.85,fastfouriertransform,small
1778,88.9,fetchdata,small
1779,88.95,linpack,large
1780,89.0,matrixmul,medium
1781,89.05,matrixmul,medium
1782,89.1,fetchdata,small
1783,89.15,genmatrix,large
1784,89.2,fastfouriertransform,small
1785,89.25,linpack,large
1786,89.3,linpack,large
1787,89.35,linpack,medium
1788,89.4,fastfouriertransform,large
1789,89.45,genmatrix,small
1790,89.5,linpack,large
1791,89.55,linpack,small
1792,89.6,matrixmul,medium
1793,89.65,fastfouriertransform,small
1794,89.7,matrixmul,medium
1795,89.75,fastfouriertransform,small
1796,89.8,matrixmul,large
1797,89.85,linpack,small
1798,89.9,linpack,small
1799,89.95,genmatrix,medium
1800,90.0,fetchdata,medium
1801,90.05,linpack,medium
1802,90.1,genmatrix,large
1803,90.15,fetchdata,medium
1804,90.2,fastfouriertransform,small
1805,90.25,linpack,small
1806,90.3,fastfouriertransform,medium
1807,90.35,fetchdata,small
1808,90.4,fastfouriertransform,medium
1809,90.45,linpack,medium
1810,90.5,linpack,medium
1811,90.55,matrixmul,large
1812,90.6,matrixmul,small
1813,90.65,linpack,large
1814,90.7,linpack,small
1815,90.75,genmatrix,small
1816,90.8,genmatrix,small
1817,90.85,linpack,small
1818,90.9,fetchdata,large
1819,90.95,genmatrix,medium
1820,91.0,linpack,large
1821,91.05,fastfouriertransform,medium
1822,91.1,matrixmul,large
1823,91.15,fetchdata,small
1824,91.2,fetchdata,small
1825,91.25,matrixmul,small
1826,91.3,matrixmul,large
1827,91.35,linpack,small
1828,91.4,genmatrix,large
1829,91.45,fetchdata,small
1830,91.5,fastfouriertransform,large
1831,91.55,fetchdata,large
1832,91.6,fastfouriertransform,small
1833,91.65,matrixmul,medium
1834,91.7,linpack,large
1835,91.75,genmatrix,small
1836,91.8,genmatrix,small
1837,91.85,genmatrix,large
1838,91.9,fastfouriertransform,small
1839,91.95,genmatrix,medium
1840,92.0,genmatrix,large
1841,92.05,fastfouriertransform,medium
1842,92.1,linpack,large
1843,92.15,fastfouriertransform,medium
1844,92.2,matrixmul,large
1845,92.25,genmatrix,small
1846,92.3,matrixmul,large
1847,92.35,fetchdata,medium
1848,92.4,fetchdata,medium
1849,92.45,fastfouriertransform,large
1850,92.5,fastfouriertransform,small
1851,92.55,linpack,small
1852,92.6,fastfouriertransform,small
1853,92.65,fetchdata,small
1854,92.7,matrixmul,medium
1855,92.75,matrixmul,small
1856,92.8,fetchdata,small
1857,92.85,linpack,large
1858,92.9,matrixmul,small
1859,92.95,genmatrix,small
1860,93.0,matrixmul,large
1861,93.05,genmatrix,medium
1862,93.1,fastfouriertransform,large
1863,93.15,genmatrix,small
1864,93.2,linpack,large
1865,93.25,fastfouriertransform,small
1866,93.3,fetchdata,large
1867,93.35,fastfouriertransform,medium
1868,93.4,fastfouriertransform,medium
1869,93.45,genmatrix,medium
1870,93.5,genmatrix,small
1871,93.55,linpack,medium
1872,93.6,fastfouriertransform,medium
1873,93.65,fetchdata,medium
1874,93.7,linpack,medium
1875,93.75,linpack,small
1876,93.8,matrixmul,medium
1877,93.85,linpack,medium
1878,93.9,fetchdata,large
1879,93.95,linpack,small
1880,94.0,fetchdata,small
1881,94.05,matrixmul,small
1882,94.1,fetchdata,large
1883,94.15,genmatrix,large
1884,94.2,fastfouriertransform,medium
1885,94.25,fastfouriertransform,large
1886,94.3,matrixmul,large
1887,94.35,genmatrix,small
1888,94.4,fetchdata,large
1889,94.45,fetchdata,medium
1890,94.5,matrixmul,small
1891,94.55,fetchdata,large
1892,94.6,genmatrix,small
1893,94.65,fastfouriertransform,small
1894,94.7,linpack,medium
1895,94.75,genmatrix,medium
1896,94.8,fastfouriertransform,large
1897,94.85,fastfouriertransform,large
1898,94.9,fetchdata,large
1899,94.95,matrixmul,small
1900,95.0,linpack,large
1901,95.05,fastfouriertransform,medium
1902,95.1,fetchdata,small
1903,95.15,genmatrix,medium
1904,95.2,genmatrix,medium
1905,95.25,genmatrix,medium
1906,95.3,matrixmul,medium
1907,95.35,fetchdata,small
1908,95.4,fetchdata,small
1909,95.45,linpack,small
1910,95.5,fetchdata,small
1911,95.55,fetchdata,medium
1912,95.6,matrixmul,medium
1913,95.65,matrixmul,small
1914,95.7,linpack,medium
1915,95.75,fetchdata,medium
1916,95.8,genmatrix,medium
1917,95.85,genmatrix,small
1918,95.9,fastfouriertransform,small
1919,95.95,genmatrix,large
1920,96.0,linpack,small
1921,96.05,fetchdata,medium
1922,96.1,fetchdata,small
1923,96.15,fetchdata,medium
1924,96.2,matrixmul,large
1925,96.25,fastfouriertransform,large
1926,96.3,genmatrix,medium
1927,96.35,fetchdata,small
1928,96.4,matrixmul,medium
1929,96.45,linpack,large
1930,96.5,linpack,small
1931,96.55,fastfouriertransform,medium
1932,96.6,fastfouriertransform,small
1933,96.65,fastfouriertransform,small
1934,96.7,fastfouriertransform,small
1935,96.75,fetchdata,small
1936,96.8,matrixmul,medium
1937,96.85,fastfouriertransform,large
1938,96.9,linpack,medium
1939,96.95,fastfouriertransform,small
1940,97.0,fastfouriertransform,small
1941,97.05,matrixmul,small
1942,97.1,fastfouriertransform,medium
1943,97.15,fastfouriertransform,small
1944,97.2,matrixmul,small
1945,97.25,fetchdata,large
1946,97.3,matrixmul,large
1947,97.35,matrixmul,medium
1948,97.4,fastfouriertransform,medium
1949,97.45,matrixmul,small
1950,97.5,genmatrix,small
1951,97.55,fetchdata,medium
1952,97.6,genmatrix,medium
1953,97.65,fetchdata,small
1954,97.7,linpack,large
1955,97.75,linpack,small
1956,97.8,genmatrix,medium
1957,97.85,matrixmul,large
1958,97.9,matrixmul,small
1959,97.95,fastfouriertransform,medium
1960,98.0,matrixmul,small
1961,98.05,matrixmul,small
1962,98.1,linpack,small
1963,98.15,linpack,small
1964,98.2,matrixmul,large
1965,98.25,genmatrix,medium
1966,98.3,linpack,medium
1967,98.35,genmatrix,large
1968,98.4,linpack,medium
1969,98.45,matrixmul,medium
1970,98.5,fetchdata,small
1971,98.55,genmatrix,large
1972,98.6,fetchdata,small
1973,98.65,genmatrix,small
1974,98.7,matrixmul,large
1975,98.75,genmatrix,large
1976,98.8,fetchdata,small
1977,98.85,fastfouriertransform,small
1978,98.9,fetchdata,medium
1979,98.95,linpack,large
1980,99.0,fastfouriertransform,small
1981,99.05,linpack,medium
1982,99.1,genmatrix,small
1983,99.15,fetchdata,small
1984,99.2,linpack,medium
1985,99.25,genmatrix,large
1986,99.3,fastfouriertransform,large
1987,99.35,genmatrix,large
1988,99.4,linpack,small
1989,99.45,linpack,small
1990,99.5,matrixmul,large
1991,99.55,genmatrix,small
1992,99.6,matrixmul,small
1993,99.65,fastfouriertransform,small
1994,99.7,fetchdata,large
1995,99.75,fetchdata,small
1996,99.8,linpack,medium
1997,99.85,fastfouriertransform,medium
1998,99.9,linpack,small
1999,99.95,fetchdata,medium
2000,100.0,fetchdata,medium
